Order_ID,Order_Date,Ship_Date,Ship_Mode,Customer_ID,Customer_Name,Segment,Region,State,City,Category,Sub_Category,Sales,Quantity,Discount,Profit
ORD-2025724,2024-08-26,2024-08-26,Same Day,CU-10275,Kevin Johnson,Consumer,West,Arizona,Phoenix,Furniture,Bookcases,381.58,1,0.4,-210.33
ORD-2026283,2022-07-24,2022-07-29,Standard Class,CU-10837,Ashley Anderson,Consumer,West,California,Los Angeles,Office Supplies,Paper,14.47,1,0.2,1.86
ORD-2026329,2024-11-22,2024-11-23,First Class,CU-10233,Nancy Jones,Home Office,East,New York,Buffalo,Office Supplies,Supplies,15.75,2,0.0,4.64
ORD-2022834,2024-04-13,2024-04-18,Standard Class,CU-10018,Nancy Taylor,Consumer,East,Massachusetts,Boston,Technology,Copiers,13213.6,3,0.2,183.61
ORD-2022222,2023-12-30,2024-01-02,Second Class,CU-10803,Susan Miller,Corporate,West,California,San Francisco,Office Supplies,Binders,66.58,5,0.0,19.05
ORD-2024851,2023-06-08,2023-06-10,Second Class,CU-10692,Ashley Williams,Consumer,Central,Illinois,Chicago,Office Supplies,Storage,230.96,2,0.0,68.52
ORD-2025677,2023-11-14,2023-11-18,Standard Class,CU-10358,Nancy Smith,Corporate,Central,Ohio,Columbus,Technology,Copiers,3617.06,1,0.0,981.03
ORD-2023810,2022-11-05,2022-11-09,Standard Class,CU-10094,David Jones,Consumer,Central,Ohio,Columbus,Furniture,Bookcases,3164.56,7,0.1,-269.12
ORD-2023171,2024-04-30,2024-05-04,Standard Class,CU-10627,Robert Jones,Consumer,West,California,San Francisco,Office Supplies,Labels,10.7,3,0.0,3.14
ORD-2022044,2024-09-09,2024-09-15,Standard Class,CU-10800,Ashley Lopez,Corporate,West,Washington,Seattle,Technology,Copiers,2288.12,1,0.0,435.32
ORD-2022349,2022-06-04,2022-06-11,Standard Class,CU-10531,Amy Jackson,Consumer,East,New York,New York City,Office Supplies,Paper,17.51,2,0.0,4.64
ORD-2024520,2022-09-07,2022-09-10,,CU-10137,Mary Anderson,Corporate,West,California,San Francisco,Office Supplies,Storage,159.15,3,0.0,53.48
ORD-2025409,2022-06-12,2022-06-16,,CU-10335,Sandra Moore,Consumer,West,California,Los Angeles,Technology,Phones,981.13,1,0.15,2.48
ORD-2026118,2022-12-24,2022-12-30,Standard Class,CU-10484,John Miller,Consumer,West,California,Los Angeles,Technology,Copiers,16669.02,5,0.1,675.23
ORD-2023685,2022-11-14,2022-11-20,Standard Class,CU-10687,Ashley Hernandez,Consumer,East,Pennsylvania,Philadelphia,Technology,Phones,483.7,1,0.4,-129.23
ORD-2025663,2024-01-27,2024-01-31,Second Class,CU-10612,Kevin Taylor,Corporate,West,Arizona,Phoenix,Technology,Phones,7159.07,7,0.2,-61.2
ORD-2024019,2023-03-17,2023-03-20,Standard Class,CU-10509,Steven Rodriguez,Home Office,East,Massachusetts,Boston,Office Supplies,Binders,57.02,1,0.0,17.73
ORD-2025671,2023-12-05,2023-12-08,Standard Class,CU-10106,Jason Jackson,Home Office,East,Pennsylvania,Philadelphia,Office Supplies,Art,63.38,2,0.0,20.04
ORD-2022592,2022-12-19,2022-12-20,First Class,CU-10806,James Lee,Corporate,Central,Michigan,Detroit,Furniture,Bookcases,1568.31,5,0.0,233.64
ORD-2023534,2022-04-29,2022-05-03,,CU-10558,Laura Wilson,Home Office,East,New York,Buffalo,Technology,Copiers,1402.67,2,0.3,-138.85
ORD-2022771,2023-11-13,2023-11-18,Standard Class,CU-10157,Robert Williams,Consumer,East,New York,New York City,Office Supplies,Storage,201.55,1,0.2,36.27
ORD-2025093,2024-12-15,2024-12-19,Standard Class,CU-10441,Elizabeth Johnson,Consumer,West,California,San Francisco,Technology,Accessories,535.23,3,0.1,85.05
ORD-2025789,2024-03-04,2024-03-10,Standard Class,CU-10631,Jason Brown,Corporate,West,California,Los Angeles,Technology,Phones,2077.62,3,0.0,477.61
ORD-2026211,2023-02-18,2023-02-20,Second Class,CU-10705,Nancy Smith,Consumer,East,Massachusetts,Boston,Office Supplies,Paper,9.88,3,0.0,2.69
ORD-2024907,2022-04-11,2022-04-17,Standard Class,CU-10385,Robert Moore,Home Office,Central,Ohio,Columbus,Technology,Phones,864.95,2,0.0,218.95
ORD-2025016,2024-12-07,2024-12-12,Standard Class,CU-10706,Laura Johnson,Home Office,Central,Ohio,Columbus,Office Supplies,Paper,20.18,1,0.0,6.08
ORD-2022098,2022-07-07,2022-07-13,Standard Class,CU-10712,Robert Lee,Corporate,South,Tennessee,Nashville,Furniture,Bookcases,902.94,2,0.2,-147.02
ORD-2022090,2022-08-25,2022-08-29,Second Class,CU-10648,Karen Jackson,Corporate,East,New York,Buffalo,Technology,Accessories,277.14,3,0.3,-59.95
ORD-2025707,2024-01-08,2024-01-12,Second Class,CU-10647,Kevin Martinez,Corporate,Central,Michigan,Detroit,Office Supplies,Storage,87.94,1,0.1,12.76
ORD-2023507,2023-07-19,2023-07-24,Standard Class,CU-10507,Sandra Anderson,Consumer,West,California,San Francisco,Office Supplies,Paper,20.21,1,0.0,7.44
ORD-2025370,2024-11-07,2024-11-09,First Class,CU-10503,Nancy Brown,Consumer,Central,Texas,Houston,Technology,Copiers,10134.38,3,0.0,2586.46
ORD-2022959,2023-10-12,2023-10-13,First Class,CU-10582,David Rodriguez,Corporate,Central,Texas,Houston,Furniture,Furnishings,135.84,1,0.3,-61.8
ORD-2025376,2022-01-21,2022-01-22,First Class,CU-10769,Robert Martinez,Corporate,East,New York,New York City,Technology,Accessories,1173.01,7,0.15,23.69
ORD-2024065,2024-11-28,2024-12-04,Standard Class,CU-10476,Mary Martinez,Consumer,West,Arizona,Phoenix,Technology,Phones,2623.97,4,0.3,-242.13
ORD-2024010,2022-03-27,2022-04-02,Standard Class,CU-10043,Sandra Martinez,Corporate,Central,Illinois,Chicago,Office Supplies,Art,54.84,3,0.0,21.05
ORD-2022102,2022-11-29,2022-11-29,,CU-10216,Amy Miller,Corporate,South,Georgia,Atlanta,Technology,Accessories,163.15,2,0.2,-7.61
ORD-2022941,2024-09-24,2024-09-28,Second Class,CU-10843,Ashley Lopez,Consumer,West,Arizona,Phoenix,Office Supplies,Binders,15.14,5,0.15,1.67
ORD-2023647,2024-07-23,2024-07-29,Standard Class,CU-10327,Laura Rodriguez,Consumer,Central,Texas,Houston,Technology,Machines,379.09,1,0.0,98.42
ORD-2026271,2023-08-15,2023-08-19,Standard Class,CU-10721,Michael Lopez,Consumer,West,Arizona,Phoenix,Technology,Machines,4386.15,3,,577.98
ORD-2025484,2024-03-07,2024-03-12,Standard Class,CU-10783,Patricia Davis,Consumer,West,Washington,Seattle,Office Supplies,Supplies,95.1,1,0.3,-1.56
ORD-2026105,2022-06-04,2022-06-07,Standard Class,CU-10024,David Thomas,Consumer,South,Tennessee,Nashville,Office Supplies,Paper,18.02,1,0.15,2.86
ORD-2024105,2024-03-22,2024-03-23,First Class,CU-10566,Laura Wilson,Corporate,East,New York,New York City,Office Supplies,Storage,40.31,1,0.2,2.89
ORD-2023562,2024-11-05,2024-11-10,Standard Class,CU-10110,Patricia Jackson,Corporate,South,Florida,Miami,Technology,Phones,1246.65,3,0.3,-209.14
ORD-2025466,2023-12-09,2023-12-12,Standard Class,CU-10552,Barbara Lopez,Corporate,Central,Ohio,Columbus,Office Supplies,Fasteners,59.77,4,0.3,3.71
ORD-2025597,2024-11-02,2024-11-02,Same Day,CU-10098,Jason Miller,Consumer,East,New York,Buffalo,Office Supplies,Labels,49.13,4,0.1,16.18
ORD-2024213,2023-08-21,2023-08-22,First Class,CU-10337,David Smith,Consumer,West,California,San Francisco,Office Supplies,Supplies,79.8,1,0.0,26.88
ORD-2024550,2023-10-27,2023-10-29,Second Class,CU-10351,Elizabeth Thomas,Consumer,West,Washington,Seattle,Office Supplies,Binders,47.89,1,0.1,8.78
ORD-2024183,2022-08-10,2022-08-11,First Class,CU-10384,Ashley Jackson,Home Office,South,Florida,Miami,Technology,Machines,674.06,1,0.15,-0.49
ORD-2026243,2023-09-20,2023-09-23,Standard Class,CU-10719,Mary Williams,Home Office,East,Massachusetts,Boston,Technology,Accessories,976.77,4,0.15,22.45
ORD-2025293,2023-09-02,2023-09-06,Standard Class,CU-10739,Nancy Lopez,Consumer,Central,Illinois,Chicago,Office Supplies,Labels,17.64,3,0.0,4.97
ORD-2023854,2024-09-27,2024-09-29,Second Class,CU-10074,David Moore,Home Office,South,Florida,Miami,Furniture,Chairs,1374.3,4,0.3,-525.29
ORD-2024969,2022-09-28,2022-10-02,Second Class,CU-10298,Sandra Moore,Consumer,West,California,Los Angeles,Office Supplies,Binders,84.7,2,0.2,7.16
ORD-2022364,2023-12-27,2023-12-31,Second Class,CU-10071,Mary Jackson,Corporate,Central,Michigan,Detroit,Office Supplies,Binders,126.96,4,0.0,33.75
ORD-2025756,2022-11-27,2022-12-04,Standard Class,CU-10592,Steven Miller,Corporate,Central,Illinois,Chicago,Furniture,Tables,8325.38,7,0.5,-6392.88
ORD-2025460,2023-07-07,2023-07-08,First Class,CU-10672,Ashley Moore,Consumer,Central,Michigan,Detroit,Furniture,Chairs,1180.11,3,0.0,329.75
ORD-2022763,2022-08-05,2022-08-08,Second Class,CU-10562,Jason Miller,Consumer,West,California,San Francisco,Technology,Accessories,131.73,2,0.1,16.26
ORD-2024676,2023-08-06,2023-08-08,Second Class,CU-10047,John Garcia,Corporate,South,Florida,Miami,Furniture,Furnishings,37.16,1,0.0,5.72
ORD-2025035,2024-03-16,2024-03-20,Second Class,CU-10102,Nancy Lee,Corporate,East,Massachusetts,Boston,Office Supplies,Labels,5.18,2,0.0,2.2
ORD-2023785,2024-09-19,2024-09-25,Standard Class,CU-10271,Linda Davis,Home Office,Central,Texas,Houston,Furniture,Bookcases,1871.5,4,0.0,230.75
ORD-2025532,2023-08-08,2023-08-13,Standard Class,CU-10336,Amy Johnson,Corporate,East,Pennsylvania,Philadelphia,Furniture,Chairs,1126.07,3,0.15,-71.1
ORD-2025096,2022-05-18,2022-05-24,Standard Class,CU-10462,Mary Martinez,Home Office,West,California,Los Angeles,Office Supplies,Fasteners,4.08,2,0.0,1.46
ORD-2026474,2023-09-06,2023-09-09,Second Class,CU-10801,Mary Wilson,Home Office,South,Tennessee,Nashville,Furniture,Tables,826.77,1,0.15,-123.13
ORD-2024124,2023-03-24,2023-03-28,Second Class,CU-10073,Ashley Davis,Corporate,East,Massachusetts,Boston,Office Supplies,Supplies,61.03,2,0.15,9.34
ORD-2024805,2022-11-17,2022-11-17,Same Day,CU-10196,David Rodriguez,Consumer,West,Arizona,Phoenix,Technology,Copiers,1950.78,1,0.0,453.64
ORD-2023519,2022-10-13,2022-10-17,Standard Class,CU-10682,Karen Smith,Consumer,East,Pennsylvania,Philadelphia,Technology,Phones,1002.83,5,0.0,267.25
ORD-2022062,2023-11-10,2023-11-14,Second Class,CU-10449,Sandra Anderson,Consumer,East,Massachusetts,Boston,Technology,Accessories,549.16,2,0.0,143.71
ORD-2023213,2023-04-03,2023-04-07,Standard Class,CU-10674,Ashley Brown,Consumer,West,California,Los Angeles,Office Supplies,Paper,43.05,3,0.2,4.36
ORD-2025245,2023-11-05,2023-11-11,Standard Class,CU-10128,Barbara Brown,Corporate,West,Washington,Seattle,Technology,Machines,3987.04,2,0.0,1104.4
ORD-2023787,2024-02-10,2024-02-17,Standard Class,CU-10834,David Davis,Corporate,West,California,San Francisco,Office Supplies,Fasteners,17.34,1,0.0,5.6
ORD-2023678,2024-10-27,2024-10-31,Standard Class,CU-10092,Laura Thomas,Consumer,Central,Illinois,Chicago,Office Supplies,Binders,132.2,5,0.1,27.61
ORD-2025647,2023-04-09,2023-04-12,Standard Class,CU-10352,Mary Moore,Corporate,West,Arizona,Phoenix,Office Supplies,Storage,231.62,3,0.15,34.67
ORD-2024741,2024-09-22,2024-09-24,First Class,CU-10226,Ashley Moore,Consumer,West,Washington,Seattle,Office Supplies,Labels,28.88,4,0.15,4.14
ORD-2023064,2022-12-25,2022-12-28,Second Class,CU-10359,Karen Garcia,Consumer,South,Georgia,Atlanta,Furniture,Tables,1858.95,3,0.0,370.6
ORD-2022553,2024-11-15,2024-11-21,Standard Class,CU-10637,John Smith,Home Office,South,Florida,Miami,Office Supplies,Art,31.96,1,0.1,5.81
ORD-2023518,2022-08-28,2022-08-30,First Class,CU-10844,Steven Garcia,Consumer,Central,Texas,Houston,Furniture,Bookcases,334.6,1,0.2,-44.09
ORD-2024256,2024-11-16,2024-11-19,Second Class,CU-10271,Linda Davis,Corporate,East,Massachusetts,Boston,Office Supplies,Labels,6.29,2,0.15,1.17
ORD-2023523,2024-06-02,2024-06-05,Standard Class,CU-10130,Elizabeth Garcia,Home Office,Central,Illinois,Chicago,Furniture,Furnishings,36.72,1,0.1,2.94
ORD-2024625,2023-05-27,2023-05-30,Standard Class,CU-10457,Susan Jones,Consumer,South,Florida,Miami,Office Supplies,Fasteners,37.56,2,0.15,4.37
ORD-2024804,2022-07-08,2022-07-09,First Class,CU-10751,Sandra Johnson,Corporate,East,New York,Buffalo,Office Supplies,Binders,140.96,4,0.0,58.66
ORD-2023680,2024-05-10,2024-05-10,Same Day,CU-10615,James Martin,Corporate,South,Georgia,Atlanta,Office Supplies,Art,233.95,8,0.0,77.7
ORD-2023751,2022-10-18,2022-10-21,Second Class,CU-10831,Linda Thomas,Consumer,South,Georgia,Atlanta,Office Supplies,Supplies,107.12,1,0.1,29.21
ORD-2023603,2024-08-18,2024-08-20,Second Class,CU-10416,Elizabeth Thomas,Home Office,West,Arizona,Phoenix,Technology,Machines,5176.7,4,0.3,-654.11
ORD-2023246,2023-12-05,2023-12-07,Second Class,CU-10714,Michael Rodriguez,Consumer,East,New York,New York City,Furniture,Tables,2611.63,4,0.0,655.32
ORD-2024927,2023-11-23,2023-11-27,Standard Class,CU-10564,John Martin,Consumer,East,Massachusetts,Boston,Furniture,Furnishings,596.9,4,0.15,-62.07
ORD-2022518,2022-01-31,2022-02-02,First Class,CU-10355,Robert Martin,Consumer,West,California,Los Angeles,Technology,Accessories,390.73,3,0.0,88.72
ORD-2022133,2023-01-29,2023-01-31,First Class,CU-10632,Sandra Jones,Consumer,East,Pennsylvania,Philadelphia,Technology,Accessories,563.14,2,0.0,173.87
ORD-2025432,2024-12-24,2024-12-28,Standard Class,CU-10213,David Martin,Consumer,East,New York,Buffalo,Furniture,Furnishings,31.33,1,0.15,-1.59
ORD-2023845,2023-12-12,2023-12-18,Standard Class,CU-10365,Jason Williams,Consumer,East,New York,Buffalo,Technology,Phones,4350.02,7,0.15,459.11
ORD-2022749,2024-09-18,2024-09-19,First Class,CU-10522,Susan Jackson,Consumer,East,New York,New York City,Office Supplies,Paper,19.77,3,0.0,7.01
ORD-2025323,2024-07-30,2024-08-05,Standard Class,CU-10156,David Jackson,Home Office,Central,Michigan,Detroit,Furniture,Furnishings,262.47,3,0.0,30.31
ORD-2024135,2023-10-14,2023-10-21,Standard Class,CU-10712,Robert Lee,Corporate,West,California,Los Angeles,Furniture,Bookcases,1193.47,2,0.4,-615.14
ORD-2024889,2022-07-19,2022-07-22,Standard Class,CU-10586,Susan Taylor,Consumer,East,New York,New York City,Office Supplies,Storage,158.34,1,0.0,49.62
ORD-2023545,2023-04-13,2023-04-20,Standard Class,CU-10542,Patricia Miller,Consumer,West,California,San Francisco,Office Supplies,Paper,10.76,3,0.2,0.55
ORD-2023012,2023-08-07,2023-08-14,Standard Class,CU-10236,Kevin Anderson,Consumer,West,California,Los Angeles,Technology,Machines,2370.54,4,0.1,357.56
ORD-2024102,2024-08-07,2024-08-13,Standard Class,CU-10543,Karen Davis,Consumer,West,California,Los Angeles,Office Supplies,Supplies,496.14,8,0.0,193.82
ORD-2025205,2023-05-18,2023-05-22,Standard Class,CU-10345,James Miller,Corporate,South,Florida,Miami,Office Supplies,Supplies,119.06,2,0.2,17.61
ORD-2023004,2023-12-15,2023-12-15,Same Day,CU-10517,Kevin Martinez,Consumer,East,Massachusetts,Boston,Office Supplies,Storage,434.12,3,0.1,115.15
ORD-2024215,2022-05-24,2022-05-26,First Class,CU-10059,Elizabeth Thomas,Consumer,West,California,Los Angeles,Technology,Copiers,13628.89,5,0.0,3992.37
ORD-2022219,2023-04-21,2023-04-21,Same Day,CU-10363,Jason Taylor,Consumer,West,Washington,Seattle,Furniture,Furnishings,502.77,8,0.2,-83.79
ORD-2022695,2023-10-12,2023-10-15,Second Class,CU-10330,Patricia Lopez,Consumer,West,California,San Francisco,Technology,Machines,4676.99,3,0.4,-1271.01
ORD-2025712,2024-12-28,2024-12-28,Same Day,CU-10501,Susan Anderson,Home Office,East,Massachusetts,Boston,Technology,Phones,2422.97,3,0.3,-270.06
ORD-2022343,2023-11-26,2023-11-28,Second Class,CU-10123,Jason Jackson,Consumer,Central,Texas,Houston,Office Supplies,Binders,89.17,2,0.1,20.12
ORD-2023960,2023-12-07,2023-12-12,Standard Class,CU-10250,Jason Brown,Home Office,Central,Michigan,Detroit,Office Supplies,Supplies,22.81,1,0.0,7.72
ORD-2026286,2024-11-16,2024-11-19,Standard Class,CU-10063,Amy Moore,Corporate,Central,Ohio,Columbus,Technology,Phones,1299.11,2,0.0,208.4
ORD-2025022,2023-08-09,2023-08-14,Standard Class,CU-10806,James Lee,Home Office,West,California,San Francisco,Furniture,Furnishings,51.13,2,0.3,-20.71
ORD-2024849,2023-03-21,2023-03-24,Second Class,CU-10193,Kevin Jackson,Corporate,West,California,Los Angeles,Office Supplies,Fasteners,31.68,6,0.3,-2.02
ORD-2023858,2022-11-21,2022-11-26,Standard Class,CU-10051,Barbara Anderson,Home Office,Central,Ohio,Columbus,Office Supplies,Art,18.38,3,0.15,2.3
ORD-2022331,2022-10-19,2022-10-21,Second Class,CU-10465,Michael Smith,Consumer,West,Arizona,Phoenix,Office Supplies,Binders,235.51,6,0.0,87.29
ORD-2024354,2023-06-01,2023-06-04,Standard Class,CU-10780,Kevin Lee,Consumer,Central,Ohio,Columbus,Furniture,Chairs,1260.66,3,0.1,-26.26
ORD-2023235,2022-06-10,2022-06-16,Standard Class,CU-10159,Barbara Brown,Consumer,East,Pennsylvania,Philadelphia,Furniture,Furnishings,238.96,2,0.0,32.3
ORD-2024481,2022-11-12,2022-11-18,Standard Class,CU-10128,Barbara Brown,Corporate,Central,Michigan,Detroit,Office Supplies,Binders,38.95,3,0.0,14.2
ORD-2025682,2023-05-31,2023-06-02,Second Class,CU-10078,Steven Martinez,Consumer,Central,Michigan,Detroit,Technology,Accessories,398.92,2,0.2,11.8
ORD-2023697,2024-07-22,2024-07-26,Standard Class,CU-10206,Steven Johnson,Consumer,South,Tennessee,Nashville,Furniture,Bookcases,245.29,2,0.1,-3.08
ORD-2025781,2024-09-13,2024-09-20,Standard Class,CU-10281,Sandra Lee,Consumer,Central,Michigan,Detroit,Furniture,Tables,2702.32,3,0.2,-537.03
ORD-2024017,2022-03-05,2022-03-09,Second Class,CU-10843,Ashley Lopez,Consumer,East,New York,Buffalo,Technology,Phones,1265.15,3,0.1,96.14
ORD-2022136,2024-12-12,2024-12-16,Standard Class,CU-10072,Steven Brown,Consumer,West,California,San Francisco,Office Supplies,Art,14.6,2,0.0,3.88
ORD-2024461,2024-01-27,2024-01-29,First Class,CU-10816,Susan Smith,Corporate,West,California,San Francisco,Office Supplies,Binders,145.33,3,0.1,25.2
ORD-2022573,2024-06-13,2024-06-18,Standard Class,CU-10004,James Williams,Corporate,East,Pennsylvania,Philadelphia,Office Supplies,Supplies,514.44,6,0.1,135.77
ORD-2024471,2024-10-13,2024-10-16,Second Class,CU-10808,Laura Brown,Corporate,West,Arizona,Phoenix,Technology,Copiers,4057.91,4,0.0,1073.12
ORD-2023707,2023-05-12,2023-05-19,Standard Class,CU-10132,Nancy Miller,Consumer,West,Washington,Seattle,Furniture,Tables,1211.32,3,0.3,-492.05
ORD-2022794,2022-03-02,2022-03-05,Standard Class,CU-10592,Steven Miller,Corporate,East,New York,New York City,Office Supplies,Fasteners,33.55,6,0.3,1.61
ORD-2025048,2024-11-21,2024-11-26,Standard Class,CU-10083,Ashley Lee,Home Office,West,Washington,Seattle,Furniture,Furnishings,86.91,1,0.2,-12.96
ORD-2026148,2023-06-14,2023-06-18,Standard Class,CU-10203,Amy Davis,Corporate,West,Arizona,Phoenix,Office Supplies,Art,26.21,1,0.1,2.78
ORD-2024313,2022-09-25,2022-09-29,Standard Class,CU-10733,Michael Rodriguez,Corporate,Central,Ohio,Columbus,Furniture,Furnishings,77.74,1,0.2,-11.67
ORD-2026444,2022-06-25,2022-07-01,Standard Class,CU-10567,James Davis,Home Office,South,Florida,Miami,Office Supplies,Binders,105.24,4,0.1,11.93
ORD-2024661,2023-04-19,2023-04-22,Second Class,CU-10536,Elizabeth Jackson,Consumer,East,New York,Buffalo,Technology,Phones,639.61,1,0.1,34.81
ORD-2025091,2024-11-20,2024-11-22,Second Class,CU-10194,David Davis,Consumer,West,California,San Francisco,Technology,Machines,4215.93,2,0.0,979.33
ORD-2023859,2022-11-27,2022-11-30,Second Class,CU-10447,Barbara Taylor,Corporate,West,Arizona,Phoenix,Office Supplies,Storage,1473.17,8,0.15,185.92
ORD-2026457,2023-11-21,2023-11-23,First Class,CU-10690,Ashley Wilson,Consumer,East,Massachusetts,Boston,Office Supplies,Fasteners,23.22,7,0.15,3.57
ORD-2024535,2023-11-22,2023-11-26,Standard Class,CU-10662,Susan Williams,Home Office,West,Arizona,Phoenix,Technology,Copiers,2485.13,1,0.0,449.38
ORD-2025787,2022-07-21,2022-07-23,First Class,CU-10004,James Williams,Corporate,West,Washington,Seattle,Technology,Accessories,116.43,1,0.0,28.22
ORD-2024918,2022-03-09,2022-03-12,Second Class,CU-10848,Robert Anderson,Consumer,Central,Illinois,Chicago,Technology,Phones,309.46,1,0.2,-2.37
ORD-2022891,2024-12-10,2024-12-13,Standard Class,CU-10478,Kevin Moore,Home Office,West,Washington,Seattle,Furniture,Tables,2443.23,4,0.15,-401.94
ORD-2026145,2022-11-23,2022-11-28,Standard Class,CU-10692,Ashley Williams,Consumer,East,Massachusetts,Boston,Office Supplies,Paper,7.68,3,0.2,0.81
ORD-2025263,2023-08-13,2023-08-16,Standard Class,CU-10212,Linda Wilson,Corporate,East,New York,New York City,Technology,Phones,3859.88,6,0.2,208.84
ORD-2022372,2023-03-04,2023-03-08,Standard Class,CU-10827,Linda Martin,Consumer,West,Arizona,Phoenix,Office Supplies,Paper,38.82,5,0.1,7.83
ORD-2023233,2024-01-28,2024-01-28,Same Day,CU-10101,Michael Martin,Consumer,South,North Carolina,Charlotte,Office Supplies,Binders,182.54,4,0.1,23.04
ORD-2024512,2022-07-09,2022-07-13,Second Class,CU-10070,Susan Miller,Consumer,West,California,San Francisco,Technology,Accessories,990.36,4,0.3,-85.04
ORD-2022329,2022-12-10,2022-12-11,First Class,CU-10636,Susan Johnson,Corporate,East,New York,New York City,Furniture,Chairs,2050.71,4,0.2,-455.52
ORD-2023433,2022-09-01,2022-09-02,First Class,CU-10345,James Miller,Consumer,South,Tennessee,Nashville,Office Supplies,Supplies,65.15,1,0.2,-2.39
ORD-2024875,2022-11-02,2022-11-02,Same Day,CU-10839,John Garcia,Corporate,South,Florida,Miami,Office Supplies,Paper,20.99,3,0.15,1.78
ORD-2023117,2024-07-15,2024-07-17,Second Class,CU-10189,Kevin Thomas,Consumer,West,Washington,Seattle,Office Supplies,Supplies,49.35,1,0.0,19.87
ORD-2022913,2024-12-24,2024-12-29,Standard Class,CU-10170,Sandra Brown,Consumer,South,Tennessee,Nashville,Office Supplies,Binders,45.39,1,0.0,16.47
ORD-2022040,2023-06-17,2023-06-23,Standard Class,CU-10646,Mary Jackson,Consumer,Central,Texas,Houston,Furniture,Chairs,1335.25,3,0.2,-241.76
ORD-2024882,2023-11-02,2023-11-05,Standard Class,CU-10629,Susan Lee,Consumer,Central,Illinois,Chicago,Office Supplies,Storage,886.19,4,0.1,226.31
ORD-2022678,2022-07-30,2022-08-01,Second Class,CU-10317,Ashley Hernandez,Consumer,South,Georgia,Atlanta,Furniture,Bookcases,360.91,3,0.2,-53.08
ORD-2024811,2024-10-23,2024-10-25,Second Class,CU-10248,Elizabeth Jackson,Consumer,South,Tennessee,Nashville,Technology,Accessories,223.76,2,0.0,44.92
ORD-2022758,2022-03-29,2022-04-05,Standard Class,CU-10510,John Jones,Home Office,East,New York,New York City,Office Supplies,Labels,8.3,1,0.15,0.99
ORD-2026265,2023-09-23,2023-09-25,First Class,CU-10298,Sandra Moore,Corporate,Central,Michigan,Detroit,Office Supplies,Supplies,307.8,4,0.1,50.0
ORD-2023792,2022-11-02,2022-11-07,Standard Class,CU-10431,Amy Wilson,Consumer,Central,Texas,Houston,Office Supplies,Art,18.81,1,0.15,2.85
ORD-2023565,2023-07-21,2023-07-24,Standard Class,CU-10783,Patricia Davis,Consumer,Central,Michigan,Detroit,Technology,Copiers,3623.47,2,0.0,819.31
ORD-2025402,2023-10-05,2023-10-09,Second Class,CU-10621,Karen Miller,Corporate,South,North Carolina,Charlotte,Office Supplies,Supplies,24.76,2,0.0,9.15
ORD-2025878,2022-02-11,2022-02-14,Standard Class,CU-10672,Ashley Moore,Consumer,Central,Ohio,Columbus,Technology,Accessories,613.75,3,0.15,27.7
ORD-2023748,2023-08-12,2023-08-12,Same Day,CU-10515,Mary Garcia,Consumer,West,California,San Francisco,Technology,Copiers,2088.02,1,0.0,491.55
ORD-2025808,2024-12-01,2024-12-05,Standard Class,CU-10164,David Lopez,Consumer,South,Georgia,Atlanta,Technology,Machines,14900.97,6,0.0,2774.59
ORD-2026279,2024-03-07,2024-03-13,Standard Class,CU-10729,Mary Jones,Home Office,West,California,San Francisco,Technology,Copiers,3737.99,1,0.0,1087.02
ORD-2026249,2024-07-29,2024-08-01,Standard Class,CU-10490,Barbara Smith,Consumer,West,California,San Francisco,Office Supplies,Art,27.5,1,0.1,4.84
ORD-2024984,2022-04-24,2022-04-27,Standard Class,CU-10546,Karen Jones,Corporate,East,Pennsylvania,Philadelphia,Office Supplies,Labels,17.6,2,0.1,2.97
ORD-2024670,2023-12-07,2023-12-12,Standard Class,CU-10375,Linda Lopez,Corporate,South,North Carolina,Charlotte,Furniture,Chairs,725.8,3,0.15,-129.49
ORD-2022662,2022-10-02,2022-10-05,Standard Class,CU-10227,Linda Garcia,Corporate,West,Arizona,Phoenix,Office Supplies,Labels,5.79,2,0.0,1.75
ORD-2022017,2022-04-20,2022-04-26,Standard Class,CU-10528,Ashley Lopez,Corporate,East,New York,Buffalo,Office Supplies,Art,14.28,7,0.1,3.55
ORD-2022190,2024-12-01,2024-12-01,Same Day,CU-10621,Karen Miller,Corporate,East,New York,Buffalo,Office Supplies,Storage,261.62,2,0.0,89.89
ORD-2022418,2022-10-14,2022-10-14,Same Day,CU-10008,Elizabeth Taylor,Consumer,East,Pennsylvania,Philadelphia,Office Supplies,Paper,10.18,2,0.0,4.45
ORD-2022299,2023-12-20,2023-12-24,Standard Class,CU-10176,James Williams,Home Office,South,North Carolina,Charlotte,Office Supplies,Labels,8.94,2,0.1,2.19
ORD-2022420,2023-12-27,2023-12-27,Same Day,CU-10692,Ashley Williams,Corporate,East,New York,New York City,Technology,Phones,406.97,2,0.0,128.58
ORD-2025994,2022-11-14,2022-11-20,Standard Class,CU-10626,Nancy Rodriguez,Corporate,Central,Texas,Houston,Office Supplies,Binders,19.7,1,0.1,4.33
ORD-2023147,2024-07-30,2024-08-03,Standard Class,CU-10069,Jason Lopez,Corporate,West,California,Los Angeles,Office Supplies,Storage,331.2,4,,33.47
ORD-2023030,2023-11-09,2023-11-14,Standard Class,CU-10547,Steven Moore,Consumer,East,Massachusetts,Boston,Technology,Phones,491.2,1,0.0,110.4
ORD-2024990,2024-07-15,2024-07-15,Same Day,CU-10718,Michael Garcia,Consumer,Central,Michigan,Detroit,Office Supplies,Labels,39.92,3,0.1,6.95
ORD-2025699,2023-06-06,2023-06-13,Standard Class,CU-10132,Nancy Miller,Corporate,East,New York,New York City,Technology,Phones,1112.53,1,0.1,95.69
ORD-2022366,2024-06-22,2024-06-23,First Class,CU-10179,Kevin Jackson,Corporate,West,California,San Francisco,Technology,Phones,3880.04,6,0.2,379.82
ORD-2022394,2022-01-26,2022-02-01,Standard Class,CU-10097,John Brown,Consumer,East,Pennsylvania,Philadelphia,Furniture,Tables,650.24,3,0.15,-31.4
ORD-2024925,2023-11-24,2023-12-01,Standard Class,CU-10777,Jason Thomas,Consumer,Central,Michigan,Detroit,Furniture,Furnishings,425.57,7,0.3,-213.68
ORD-2022494,2024-07-10,2024-07-15,Standard Class,CU-10467,James Miller,Consumer,West,Washington,Seattle,Furniture,Tables,721.41,2,0.4,-465.1
ORD-2022846,2023-04-17,2023-04-21,Second Class,CU-10669,Amy Miller,Consumer,Central,Michigan,Detroit,Furniture,Tables,4758.62,7,0.0,686.87
ORD-2024104,2023-12-03,2023-12-07,Standard Class,CU-10845,Elizabeth Johnson,Home Office,Central,Illinois,Chicago,Office Supplies,Binders,83.94,6,0.1,23.29
ORD-2026041,2024-05-23,2024-05-28,Standard Class,CU-10654,Robert Johnson,Consumer,Central,Michigan,Detroit,Technology,Copiers,5061.36,4,0.0,1109.3
ORD-2023381,2022-03-11,2022-03-15,Standard Class,CU-10799,Steven Johnson,Corporate,West,Arizona,Phoenix,Office Supplies,Binders,150.21,3,0.3,-9.09
ORD-2023651,2022-12-03,2022-12-05,Second Class,CU-10578,Robert Miller,Home Office,Central,Ohio,Columbus,Furniture,Furnishings,784.73,7,0.1,0.35
ORD-2022330,2024-04-26,2024-04-29,Standard Class,CU-10710,Amy Martinez,Consumer,West,Arizona,Phoenix,Office Supplies,Fasteners,3.21,2,0.2,0.39
ORD-2025542,2024-11-03,2024-11-10,Standard Class,CU-10431,Amy Wilson,Consumer,West,California,Los Angeles,Technology,Accessories,577.04,2,0.1,56.13
ORD-2022161,2024-11-20,2024-11-22,Second Class,CU-10197,Patricia Martinez,Consumer,East,Massachusetts,Boston,Office Supplies,Supplies,80.06,2,,16.65
ORD-2026428,2022-11-13,2022-11-18,Standard Class,CU-10230,Patricia Miller,Corporate,West,Washington,Seattle,Technology,Phones,203.42,1,0.0,51.11
ORD-2026247,2022-02-12,2022-02-17,Standard Class,CU-10614,Mary Williams,Home Office,Central,Illinois,Chicago,Office Supplies,Storage,84.44,1,0.1,14.99
ORD-2025888,2024-11-27,2024-12-03,Standard Class,CU-10551,Amy Rodriguez,Consumer,East,Pennsylvania,Philadelphia,Technology,Copiers,1081.25,1,0.2,24.8
ORD-2022407,2024-09-14,2024-09-19,Standard Class,CU-10178,Ashley Johnson,Consumer,East,New York,New York City,Technology,Accessories,118.83,2,0.2,6.95
ORD-2026023,2024-11-12,2024-11-14,First Class,CU-10600,John Lopez,Home Office,East,New York,New York City,Furniture,Tables,2259.51,3,,326.09
ORD-2024883,2022-12-30,2023-01-04,Standard Class,CU-10666,Susan Davis,Corporate,East,Massachusetts,Boston,Office Supplies,Labels,3.13,2,0.0,0.84
ORD-2024812,2024-02-25,2024-02-26,First Class,CU-10126,Linda Moore,Consumer,East,New York,New York City,Office Supplies,Fasteners,27.66,2,0.15,5.86
ORD-2023185,2024-08-31,2024-09-04,Second Class,CU-10013,Laura Williams,Corporate,Central,Texas,Houston,Furniture,Furnishings,222.24,2,0.15,-2.16
ORD-2026008,2022-09-05,2022-09-08,Standard Class,CU-10131,Patricia Rodriguez,Corporate,East,New York,Buffalo,Office Supplies,Binders,30.74,1,0.1,5.06
ORD-2025219,2022-12-30,2023-01-06,Standard Class,CU-10285,Laura Jackson,Consumer,East,New York,New York City,Office Supplies,Labels,15.62,4,0.1,3.67
ORD-2023915,2022-10-19,2022-10-20,First Class,CU-10023,Jason Jackson,Corporate,South,Georgia,Atlanta,Furniture,Tables,2971.85,7,,-776.43
ORD-2022285,2023-05-18,2023-05-25,Standard Class,CU-10660,Laura Lee,Corporate,South,Georgia,Atlanta,Technology,Copiers,12083.89,3,0.1,1437.14
ORD-2024778,2022-11-26,2022-12-03,Standard Class,CU-10060,Nancy Lee,Corporate,Central,Michigan,Detroit,Office Supplies,Storage,986.42,4,,200.85
ORD-2022932,2023-05-01,2023-05-03,Second Class,CU-10540,Robert Jones,Corporate,East,New York,Buffalo,Technology,Phones,1616.18,4,0.0,459.99
ORD-2023620,2022-10-25,2022-10-26,First Class,CU-10410,Kevin Williams,Corporate,West,California,Los Angeles,Office Supplies,Binders,49.29,1,0.1,11.23
ORD-2024634,2023-10-02,2023-10-07,Standard Class,CU-10508,Steven Thomas,Home Office,West,California,Los Angeles,Technology,Machines,11583.53,5,0.1,1495.26
ORD-2025215,2024-05-15,2024-05-19,Second Class,CU-10667,Linda Thomas,Home Office,West,California,Los Angeles,Office Supplies,Art,27.66,2,0.0,9.12
ORD-2025448,2022-12-29,2023-01-03,Standard Class,CU-10159,Barbara Brown,Corporate,West,California,Los Angeles,Technology,Accessories,598.42,2,0.3,-71.93
ORD-2022745,2023-08-31,2023-09-04,Standard Class,CU-10328,Steven Taylor,Corporate,Central,Michigan,Detroit,Technology,Accessories,16.51,1,0.2,-0.32
ORD-2025358,2024-01-24,2024-01-28,Standard Class,CU-10132,Nancy Miller,Consumer,East,Pennsylvania,Philadelphia,Furniture,Chairs,292.39,1,0.3,-115.92
ORD-2024164,2024-10-30,2024-11-02,Standard Class,CU-10673,Jason Smith,Consumer,South,Georgia,Atlanta,Office Supplies,Paper,12.38,4,0.15,2.73
ORD-2025005,2024-06-22,2024-06-25,Standard Class,CU-10753,James Moore,Consumer,East,Massachusetts,Boston,Furniture,Furnishings,13.26,1,0.1,0.12
ORD-2025890,2022-08-11,2022-08-17,Standard Class,CU-10643,Ashley Martin,Consumer,South,North Carolina,Charlotte,Furniture,Bookcases,804.48,2,0.0,165.4
ORD-2022032,2022-12-28,2022-12-31,Second Class,CU-10835,Linda Taylor,Corporate,West,Arizona,Phoenix,Furniture,Furnishings,170.17,2,0.4,-112.0
ORD-2023563,2024-11-16,2024-11-23,Standard Class,CU-10662,Susan Williams,Consumer,East,New York,New York City,Office Supplies,Supplies,54.34,1,0.3,-3.53
ORD-2024689,2023-09-22,2023-09-27,Standard Class,CU-10691,John Anderson,Consumer,West,California,San Francisco,Technology,Phones,2108.68,3,0.2,-150.72
ORD-2022021,2023-02-13,2023-02-16,Second Class,CU-10672,Ashley Moore,Consumer,West,California,San Francisco,Office Supplies,Labels,44.15,4,0.3,-2.04
ORD-2026384,2024-09-19,2024-09-26,Standard Class,CU-10722,Amy Johnson,Consumer,East,New York,Buffalo,Technology,Machines,3785.46,2,0.1,128.57
ORD-2022094,2022-12-16,2022-12-18,Second Class,CU-10473,Sandra Jackson,Corporate,Central,Texas,Houston,Technology,Accessories,148.89,3,0.0,34.99
ORD-2022324,2024-09-26,2024-10-03,Standard Class,CU-10518,Barbara Wilson,Home Office,Central,Michigan,Detroit,Office Supplies,Labels,2.2,2,0.0,0.64
ORD-2022823,2023-12-30,2024-01-06,Standard Class,CU-10338,Steven Williams,Consumer,West,California,Los Angeles,Office Supplies,Art,111.17,3,0.0,30.34
ORD-2025073,2024-04-10,2024-04-16,Standard Class,CU-10840,Amy Miller,Consumer,South,Georgia,Atlanta,Furniture,Bookcases,227.67,1,0.15,-17.71
ORD-2022200,2024-06-26,2024-07-03,Standard Class,CU-10031,Nancy Miller,Consumer,West,California,San Francisco,Office Supplies,Art,206.77,6,0.2,9.67
ORD-2025337,2024-11-02,2024-11-05,Standard Class,CU-10781,Michael Miller,Consumer,Central,Ohio,Columbus,Furniture,Chairs,634.71,4,0.3,-250.43
ORD-2022943,2023-05-14,2023-05-17,Standard Class,CU-10667,Linda Thomas,Consumer,Central,Ohio,Columbus,Office Supplies,Labels,9.53,1,0.0,2.73
ORD-2023380,2023-06-08,2023-06-14,Standard Class,CU-10563,David Williams,Corporate,West,Arizona,Phoenix,Office Supplies,Art,17.0,3,0.1,2.67
ORD-2026275,2022-03-20,2022-03-23,Standard Class,CU-10397,Laura Hernandez,Corporate,West,Arizona,Phoenix,Office Supplies,Art,68.59,2,0.1,20.97
ORD-2024150,2023-12-27,2023-12-31,Standard Class,CU-10813,Linda Wilson,Corporate,Central,Ohio,Columbus,Office Supplies,Fasteners,4.4,1,0.0,1.23
ORD-2022953,2022-09-05,2022-09-05,Same Day,CU-10749,Sandra Moore,Corporate,West,Arizona,Phoenix,Office Supplies,Paper,82.04,7,0.2,9.1
ORD-2023548,2022-12-22,2022-12-26,Second Class,CU-10231,David Martin,Corporate,East,New York,Buffalo,Office Supplies,Supplies,165.88,3,0.1,35.74
ORD-2023247,2022-10-22,2022-10-24,Second Class,CU-10413,Jason Martin,Consumer,East,Pennsylvania,Philadelphia,Office Supplies,Storage,296.64,2,0.0,116.13
ORD-2022636,2024-01-19,2024-01-21,First Class,CU-10460,John Brown,Home Office,South,Tennessee,Nashville,Technology,Accessories,75.16,3,0.0,26.59
ORD-2024030,2022-02-14,2022-02-16,Second Class,CU-10102,Nancy Lee,Corporate,Central,Illinois,Chicago,Technology,Phones,6048.35,7,0.15,324.87
ORD-2025269,2022-08-08,2022-08-10,First Class,CU-10086,Mary Hernandez,Consumer,South,North Carolina,Charlotte,Office Supplies,Storage,448.94,7,0.15,10.71
ORD-2023727,2024-10-14,2024-10-18,Standard Class,CU-10186,James Garcia,Corporate,West,California,Los Angeles,Furniture,Furnishings,111.6,1,0.15,-10.87
ORD-2024227,2022-04-25,2022-04-29,Second Class,CU-10591,James Taylor,Home Office,Central,Texas,Houston,Office Supplies,Fasteners,44.77,6,0.0,18.05
ORD-2025372,2024-10-03,2024-10-07,Standard Class,CU-10214,David Lopez,Corporate,Central,Texas,Houston,Office Supplies,Labels,8.38,1,0.0,2.77
ORD-2024295,2022-03-16,2022-03-20,Standard Class,CU-10788,Amy Miller,Consumer,East,Massachusetts,Boston,Technology,Machines,3859.88,2,0.1,496.89
ORD-2025664,2022-11-15,2022-11-16,First Class,CU-10066,Laura Taylor,Consumer,West,California,Los Angeles,Office Supplies,Binders,36.64,2,0.1,4.33
ORD-2025339,2023-10-02,2023-10-06,Standard Class,CU-10687,Ashley Hernandez,Consumer,South,Florida,Miami,Office Supplies,Paper,15.18,5,0.0,5.05
ORD-2026096,2023-11-25,2023-11-28,Standard Class,CU-10466,James Davis,Consumer,East,Massachusetts,Boston,Technology,Copiers,6834.35,3,0.15,278.6
ORD-2024896,2024-12-19,2024-12-23,Standard Class,CU-10131,Patricia Rodriguez,Consumer,South,North Carolina,Charlotte,Furniture,Furnishings,122.86,1,0.2,-32.52
ORD-2024095,2023-01-20,2023-01-20,Same Day,CU-10826,Jason Wilson,Corporate,West,California,Los Angeles,Office Supplies,Labels,13.01,3,0.1,1.85
ORD-2024045,2022-03-20,2022-03-23,Standard Class,CU-10139,Laura Jones,Corporate,Central,Illinois,Chicago,Office Supplies,Paper,46.46,2,0.0,14.11
ORD-2024945,2023-05-20,2023-05-20,Same Day,CU-10524,Michael Wilson,Corporate,Central,Michigan,Detroit,Office Supplies,Art,171.94,7,0.2,22.32
ORD-2022486,2023-08-09,2023-08-11,Second Class,CU-10431,Amy Wilson,Consumer,East,Pennsylvania,Philadelphia,Technology,Copiers,12045.36,4,0.2,39.55
ORD-2024308,2023-11-29,2023-12-02,Standard Class,CU-10703,Linda Martinez,Consumer,West,California,San Francisco,Technology,Copiers,2746.23,1,0.2,-138.02
ORD-2023925,2022-03-25,2022-03-31,Standard Class,CU-10247,Karen Wilson,Home Office,Central,Texas,Houston,Office Supplies,Supplies,136.48,2,0.15,30.43
ORD-2024929,2024-03-03,2024-03-07,Standard Class,CU-10463,Karen Jones,Consumer,Central,Michigan,Detroit,Office Supplies,Binders,79.85,2,0.2,9.67
ORD-2023648,2024-11-15,2024-11-22,Standard Class,CU-10101,Michael Martin,Corporate,South,Tennessee,Nashville,Technology,Phones,1809.03,2,0.1,265.94
ORD-2025430,2023-11-09,2023-11-11,,CU-10577,Barbara Williams,Corporate,Central,Texas,Houston,Office Supplies,Storage,375.49,5,0.0,117.86
ORD-2025324,2023-12-02,2023-12-05,Standard Class,CU-10269,Susan Thomas,Home Office,Central,Ohio,Columbus,Furniture,Bookcases,141.62,1,0.0,16.86
ORD-2023379,2023-06-05,2023-06-08,Standard Class,CU-10409,Barbara Jones,Consumer,Central,Michigan,Detroit,Office Supplies,Fasteners,1.53,1,0.0,0.49
ORD-2024362,2023-08-14,2023-08-15,First Class,CU-10473,Sandra Jackson,Home Office,West,California,Los Angeles,Office Supplies,Labels,18.69,3,0.1,4.6
ORD-2024430,2024-09-05,2024-09-07,First Class,CU-10545,Patricia Lee,Home Office,South,Tennessee,Nashville,Office Supplies,Supplies,400.98,4,0.0,145.68
ORD-2024448,2023-11-20,2023-11-26,Standard Class,CU-10184,Kevin Lee,Consumer,South,Florida,Miami,Office Supplies,Art,20.67,3,0.0,6.33
ORD-2023021,2024-05-17,2024-05-21,Standard Class,CU-10727,Mary Smith,Home Office,West,California,San Francisco,Office Supplies,Labels,4.33,1,0.0,1.39
ORD-2022792,2022-12-24,2022-12-27,Standard Class,CU-10071,Mary Jackson,Corporate,East,New York,Buffalo,Office Supplies,Fasteners,15.5,2,0.1,3.55
ORD-2022099,2024-12-13,2024-12-18,Standard Class,CU-10232,Robert Miller,Consumer,Central,Texas,Houston,Technology,Copiers,3772.47,4,0.1,234.67
ORD-2023686,2023-09-14,2023-09-15,First Class,CU-10542,Patricia Miller,Consumer,South,Georgia,Atlanta,Office Supplies,Storage,311.91,3,0.15,50.96
ORD-2023657,2024-09-24,2024-10-01,Standard Class,CU-10719,Mary Williams,Home Office,Central,Michigan,Detroit,Office Supplies,Art,13.97,2,0.0,3.83
ORD-2024157,2022-12-04,2022-12-09,Standard Class,CU-10748,Susan Williams,Home Office,South,Florida,Miami,Technology,Machines,17041.04,6,,-1593.44
ORD-2025065,2023-06-29,2023-07-04,Standard Class,CU-10545,Patricia Lee,Consumer,South,Georgia,Atlanta,Technology,Accessories,488.9,4,0.1,68.62
ORD-2026364,2024-05-10,2024-05-14,Standard Class,CU-10618,Jason Johnson,Corporate,West,Washington,Seattle,Technology,Accessories,280.09,1,0.0,83.07
ORD-2022457,2023-07-17,2023-07-20,Second Class,CU-10046,Ashley Lee,Corporate,East,Pennsylvania,Philadelphia,Office Supplies,Supplies,21.47,1,0.1,5.6
ORD-2023435,2024-12-20,2024-12-23,Standard Class,CU-10361,Robert Jackson,Consumer,East,New York,Buffalo,Furniture,Tables,9691.61,8,0.1,-427.28
ORD-2023038,2023-06-21,2023-06-24,Second Class,CU-10473,Sandra Jackson,Corporate,East,New York,New York City,Office Supplies,Binders,45.13,1,0.1,11.04
ORD-2026298,2023-10-16,2023-10-20,Standard Class,CU-10398,Nancy Jackson,Home Office,East,New York,New York City,Office Supplies,Art,25.63,2,0.1,5.81
ORD-2024466,2024-09-04,2024-09-08,Standard Class,CU-10206,Steven Johnson,Consumer,East,Pennsylvania,Philadelphia,Technology,Phones,5715.52,5,0.2,-615.52
ORD-2023156,2022-04-04,2022-04-07,Standard Class,CU-10347,Robert Anderson,Corporate,Central,Texas,Houston,Technology,Copiers,7481.53,6,0.1,283.41
ORD-2026079,2023-07-06,2023-07-10,Standard Class,CU-10409,Barbara Jones,Consumer,South,Tennessee,Nashville,Office Supplies,Paper,15.0,1,0.2,1.36
ORD-2022230,2022-08-08,2022-08-13,Standard Class,CU-10496,Jason Brown,Consumer,West,California,Los Angeles,Office Supplies,Storage,564.01,3,0.1,112.13
ORD-2023028,2024-05-01,2024-05-08,Standard Class,CU-10811,Laura Garcia,Corporate,East,New York,Buffalo,Technology,Copiers,8044.17,2,0.0,1519.81
ORD-2024700,2024-02-15,2024-02-16,First Class,CU-10491,Michael Jackson,Corporate,West,Washington,Seattle,Office Supplies,Art,24.04,1,0.1,2.84
ORD-2025622,2023-07-06,2023-07-06,Same Day,CU-10621,Karen Miller,Consumer,West,Arizona,Phoenix,Furniture,Chairs,300.91,3,0.3,-117.64
ORD-2024641,2024-06-01,2024-06-08,Standard Class,CU-10210,Barbara Taylor,Consumer,West,Washington,Seattle,Office Supplies,Fasteners,68.37,5,0.0,17.19
ORD-2023891,2024-05-31,2024-06-04,Standard Class,CU-10756,Laura Wilson,Corporate,West,Washington,Seattle,Office Supplies,Binders,46.42,4,0.0,15.23
ORD-2025818,2024-02-09,2024-02-11,First Class,CU-10136,Amy Miller,Corporate,Central,Illinois,Chicago,Office Supplies,Art,54.45,2,0.0,15.62
ORD-2024665,2024-08-06,2024-08-09,Standard Class,CU-10713,Kevin Martin,Consumer,Central,Michigan,Detroit,Office Supplies,Fasteners,88.56,5,0.2,5.17
ORD-2026483,2022-11-16,2022-11-20,Standard Class,CU-10274,Jason Smith,Consumer,South,Georgia,Atlanta,Office Supplies,Fasteners,5.99,1,0.1,1.83
ORD-2025517,2022-09-16,2022-09-19,Second Class,CU-10550,Steven Jones,Consumer,West,Washington,Seattle,Technology,Phones,877.31,1,0.15,85.77
ORD-2025957,2024-12-06,2024-12-09,Standard Class,CU-10090,Amy Jones,Consumer,West,Arizona,Phoenix,Office Supplies,Storage,54.93,1,0.0,15.04
ORD-2023881,2023-12-17,2023-12-23,Standard Class,CU-10059,Elizabeth Thomas,Consumer,East,Massachusetts,Boston,Technology,Accessories,203.24,1,0.1,16.27
ORD-2024644,2022-12-11,2022-12-18,Standard Class,CU-10329,Kevin Martin,Home Office,East,Massachusetts,Boston,Technology,Copiers,3918.96,1,0.1,425.9
ORD-2025486,2024-01-21,2024-01-26,Standard Class,CU-10332,James Anderson,Home Office,Central,Texas,Houston,Furniture,Chairs,1246.44,6,0.3,-401.46
ORD-2025185,2022-05-14,2022-05-19,Standard Class,CU-10701,Sandra Brown,Home Office,West,Arizona,Phoenix,Furniture,Tables,1587.2,3,0.0,187.97
ORD-2025424,2022-08-28,2022-09-03,Standard Class,CU-10638,Amy Jones,Home Office,West,California,San Francisco,Furniture,Tables,1816.15,4,0.1,-109.76
ORD-2023098,2024-10-09,2024-10-16,Standard Class,CU-10625,Karen Smith,Consumer,South,Georgia,Atlanta,Office Supplies,Storage,308.37,2,0.0,96.3
ORD-2024727,2022-08-03,2022-08-06,Standard Class,CU-10389,Nancy Lee,Home Office,East,New York,New York City,Office Supplies,Fasteners,10.64,5,0.15,1.86
ORD-2025287,2023-05-24,2023-05-29,Standard Class,CU-10693,Patricia Anderson,Consumer,Central,Michigan,Detroit,Office Supplies,Binders,56.21,1,0.0,16.55
ORD-2024350,2022-04-09,2022-04-15,Standard Class,CU-10843,Ashley Lopez,Consumer,West,California,San Francisco,Office Supplies,Fasteners,17.48,3,0.0,7.3
ORD-2022563,2023-12-18,2023-12-23,Standard Class,CU-10130,Elizabeth Garcia,Corporate,South,Georgia,Atlanta,Office Supplies,Labels,27.0,7,0.15,2.06
ORD-2024136,2022-12-23,2022-12-28,Standard Class,CU-10325,Linda Rodriguez,Consumer,Central,Illinois,Chicago,Office Supplies,Labels,22.13,2,0.15,3.05
ORD-2025357,2023-08-18,2023-08-24,Standard Class,CU-10118,Karen Rodriguez,Consumer,Central,Texas,Houston,Furniture,Chairs,1109.57,8,0.1,-4.52
ORD-2025822,2023-10-22,2023-10-25,Standard Class,CU-10598,Nancy Moore,Home Office,West,Washington,Seattle,Furniture,Chairs,1315.91,5,,-879.26
ORD-2025172,2024-03-22,2024-03-24,Second Class,CU-10723,David Williams,Corporate,West,Arizona,Phoenix,Office Supplies,Paper,12.35,1,0.0,3.98
ORD-2026219,2024-02-07,2024-02-10,Standard Class,CU-10429,Elizabeth Garcia,Corporate,South,Florida,Miami,Office Supplies,Fasteners,32.13,3,0.0,12.52
ORD-2022028,2022-08-28,2022-09-01,Standard Class,CU-10558,Laura Wilson,Corporate,West,Washington,Seattle,Furniture,Furnishings,68.59,1,0.2,-13.85
ORD-2025529,2023-08-23,2023-08-27,Second Class,CU-10469,Nancy Wilson,Consumer,Central,Ohio,Columbus,Technology,Machines,4796.79,2,0.1,620.78
ORD-2026350,2022-09-27,2022-10-04,Standard Class,CU-10093,James Jones,Consumer,West,California,Los Angeles,Furniture,Bookcases,4516.92,7,0.2,-979.38
ORD-2026326,2022-04-13,2022-04-15,Second Class,CU-10341,David Rodriguez,Consumer,West,California,Los Angeles,Technology,Machines,2067.93,3,0.0,369.59
ORD-2024684,2022-12-09,2022-12-11,,CU-10730,Laura Moore,Consumer,East,New York,Buffalo,Furniture,Chairs,357.96,1,0.0,84.18
ORD-2023559,2024-10-16,2024-10-21,Standard Class,CU-10653,Sandra Jones,Corporate,Central,Ohio,Columbus,Furniture,Furnishings,100.05,1,0.3,-40.55
ORD-2026078,2022-08-31,2022-09-07,Standard Class,CU-10162,David Martinez,Consumer,West,California,Los Angeles,Office Supplies,Paper,25.58,2,0.0,7.67
ORD-2023497,2023-12-15,2023-12-17,Second Class,CU-10108,Ashley Williams,Corporate,Central,Michigan,Detroit,Technology,Phones,4702.99,4,0.4,-1116.98
ORD-2023281,2023-05-07,2023-05-07,Same Day,CU-10255,John Hernandez,Consumer,South,Florida,Miami,Office Supplies,Binders,98.58,2,0.0,39.28
ORD-2024236,2022-08-02,2022-08-05,Second Class,CU-10820,Barbara Johnson,Home Office,East,New York,New York City,Office Supplies,Storage,527.1,3,0.0,138.6
ORD-2024662,2023-04-16,2023-04-19,Standard Class,CU-10743,Jason Garcia,Consumer,West,Washington,Seattle,Furniture,Bookcases,1347.22,2,0.0,274.19
ORD-2024107,2024-12-28,2025-01-02,Standard Class,CU-10519,Laura Rodriguez,Home Office,South,North Carolina,Charlotte,Office Supplies,Labels,10.01,1,0.0,2.96
ORD-2024682,2022-08-27,2022-09-01,Standard Class,CU-10054,Michael Garcia,Consumer,East,Pennsylvania,Philadelphia,Furniture,Furnishings,178.67,2,0.15,-17.68
ORD-2025705,2022-08-26,2022-08-30,Standard Class,CU-10463,Karen Jones,Corporate,East,New York,New York City,Technology,Phones,330.69,1,0.0,86.65
ORD-2022685,2023-01-21,2023-01-22,First Class,CU-10596,James Anderson,Consumer,South,Tennessee,Nashville,Office Supplies,Binders,22.3,1,0.15,4.08
ORD-2022123,2023-05-17,2023-05-21,Second Class,CU-10531,Amy Jackson,Home Office,Central,Texas,Houston,Office Supplies,Art,39.4,5,0.0,12.53
ORD-2022555,2022-11-11,2022-11-17,Standard Class,CU-10129,Patricia Garcia,Consumer,West,California,San Francisco,Office Supplies,Supplies,395.31,4,0.0,98.27
ORD-2025665,2023-05-23,2023-05-29,Standard Class,CU-10174,James Anderson,Consumer,Central,Texas,Houston,Office Supplies,Labels,52.16,5,0.0,14.12
ORD-2025837,2022-03-17,2022-03-21,Standard Class,CU-10355,Robert Martin,Corporate,East,New York,Buffalo,Office Supplies,Fasteners,47.99,4,0.3,0.12
ORD-2023773,2024-11-01,2024-11-04,Standard Class,CU-10630,Patricia Garcia,Consumer,Central,Ohio,Columbus,Technology,Copiers,22774.59,6,0.0,4881.44
ORD-2025997,2023-07-10,2023-07-14,Second Class,CU-10678,James Hernandez,Corporate,East,New York,Buffalo,Office Supplies,Fasteners,38.69,2,0.15,6.08
ORD-2023272,2023-04-21,2023-04-23,First Class,CU-10513,Laura Thomas,Home Office,West,Arizona,Phoenix,Technology,Machines,2030.34,1,0.0,784.5
ORD-2024054,2022-12-27,2022-12-27,Same Day,CU-10594,Robert Lee,Consumer,South,North Carolina,Charlotte,Office Supplies,Binders,55.76,1,0.1,10.36
ORD-2026293,2023-11-24,2023-11-29,Standard Class,CU-10758,Steven Rodriguez,Consumer,Central,Ohio,Columbus,Furniture,Bookcases,406.65,2,0.3,-177.75
ORD-2024129,2022-02-21,2022-02-28,Standard Class,CU-10056,Amy Taylor,Consumer,West,Arizona,Phoenix,Furniture,Tables,1003.07,6,0.0,182.34
ORD-2025569,2022-12-19,2022-12-25,Standard Class,CU-10087,David Martin,Corporate,West,Arizona,Phoenix,Furniture,Chairs,646.62,2,0.1,-16.21
ORD-2022100,2024-11-16,2024-11-18,Second Class,CU-10472,Patricia Miller,Corporate,West,Washington,Seattle,Office Supplies,Fasteners,39.87,4,0.1,10.33
ORD-2023238,2022-09-20,2022-09-23,Standard Class,CU-10403,Amy Jackson,Corporate,Central,Illinois,Chicago,Furniture,Furnishings,80.89,1,0.2,-14.28
ORD-2023999,2023-10-01,2023-10-02,First Class,CU-10196,David Rodriguez,Corporate,East,New York,New York City,Office Supplies,Storage,611.44,4,0.3,-33.58
ORD-2025354,2023-09-06,2023-09-12,Standard Class,CU-10182,Michael Taylor,Home Office,East,Massachusetts,Boston,Office Supplies,Storage,896.1,4,0.0,215.44
ORD-2024115,2024-11-26,2024-11-27,First Class,CU-10790,Ashley Miller,Consumer,Central,Texas,Houston,Office Supplies,Art,143.16,4,0.0,46.22
ORD-2024917,2024-10-02,2024-10-07,Standard Class,CU-10094,David Jones,Corporate,Central,Illinois,Chicago,Office Supplies,Storage,1140.21,6,0.2,80.81
ORD-2022108,2022-06-06,2022-06-13,Standard Class,CU-10066,Laura Taylor,Home Office,West,California,San Francisco,Office Supplies,Labels,12.84,1,0.1,1.94
ORD-2025954,2022-04-27,2022-04-27,Same Day,CU-10129,Patricia Garcia,Corporate,West,Arizona,Phoenix,Technology,Machines,8398.91,6,0.15,484.07
ORD-2025813,2022-04-17,2022-04-22,Standard Class,CU-10666,Susan Davis,Corporate,East,Pennsylvania,Philadelphia,Office Supplies,Binders,74.49,2,0.0,22.73
ORD-2022998,2024-12-28,2024-12-31,Second Class,CU-10647,Kevin Martinez,Home Office,West,Arizona,Phoenix,Office Supplies,Storage,519.44,2,0.0,182.06
ORD-2024617,2024-10-09,2024-10-13,Standard Class,CU-10568,Elizabeth Garcia,Consumer,Central,Michigan,Detroit,Technology,Phones,2466.55,8,0.2,-122.2
ORD-2023432,2022-03-10,2022-03-11,First Class,CU-10272,Nancy Smith,Consumer,East,New York,Buffalo,Office Supplies,Art,188.63,5,0.15,28.05
ORD-2022645,2024-10-06,2024-10-08,Second Class,CU-10098,Jason Miller,Home Office,West,Arizona,Phoenix,Office Supplies,Storage,237.88,5,0.0,76.05
ORD-2024517,2022-11-07,2022-11-07,Same Day,CU-10517,Kevin Martinez,Consumer,South,North Carolina,Charlotte,Office Supplies,Art,36.9,5,0.0,11.39
ORD-2025393,2022-02-28,2022-03-06,Standard Class,CU-10782,Laura Lee,Consumer,West,Washington,Seattle,Technology,Machines,2768.2,1,0.0,606.18
ORD-2024926,2024-02-06,2024-02-13,Standard Class,CU-10763,Amy Jackson,Corporate,West,California,San Francisco,Furniture,Furnishings,242.3,2,0.4,-145.95
ORD-2024489,2023-12-04,2023-12-06,First Class,CU-10536,Elizabeth Jackson,Consumer,Central,Texas,Houston,Office Supplies,Binders,84.29,2,0.1,15.5
ORD-2025193,2024-03-07,2024-03-14,Standard Class,CU-10471,Steven Johnson,Corporate,Central,Ohio,Columbus,Office Supplies,Art,14.81,3,0.0,4.67
ORD-2022359,2023-11-29,2023-12-04,Standard Class,CU-10753,James Moore,Corporate,West,Arizona,Phoenix,Technology,Machines,3682.99,3,0.0,801.62
ORD-2023125,2023-11-03,2023-11-06,Standard Class,CU-10214,David Lopez,Consumer,East,New York,Buffalo,Technology,Copiers,20765.12,7,0.15,1290.88
ORD-2026220,2022-09-26,2022-09-30,Standard Class,CU-10103,Elizabeth Anderson,Home Office,East,Massachusetts,Boston,Furniture,Furnishings,22.74,1,0.2,-3.8
ORD-2023735,2024-05-12,2024-05-14,First Class,CU-10474,Jason Lopez,Consumer,Central,Texas,Houston,Furniture,Chairs,338.86,1,0.4,-187.43
ORD-2022987,2022-03-31,2022-04-06,Standard Class,CU-10082,Jason Moore,Consumer,South,Tennessee,Nashville,Office Supplies,Paper,22.57,1,0.2,1.99
ORD-2025940,2022-05-03,2022-05-05,First Class,CU-10552,Barbara Lopez,Corporate,East,Massachusetts,Boston,Office Supplies,Art,18.22,1,0.1,5.0
ORD-2022188,2024-05-13,2024-05-15,Second Class,CU-10008,Elizabeth Taylor,Corporate,South,Florida,Miami,Office Supplies,Art,39.72,1,0.1,7.35
ORD-2025347,2023-11-24,2023-11-26,First Class,CU-10534,Michael Wilson,Consumer,South,Georgia,Atlanta,Furniture,Tables,1977.92,3,0.15,-320.31
ORD-2026393,2023-12-25,2024-01-01,Standard Class,CU-10641,James Lopez,Corporate,East,New York,Buffalo,Office Supplies,Supplies,323.35,3,0.15,45.21
ORD-2026224,2022-11-03,2022-11-06,Standard Class,CU-10804,Patricia Smith,Consumer,South,Tennessee,Nashville,Office Supplies,Storage,1030.43,6,0.0,355.36
ORD-2025267,2024-06-06,2024-06-07,First Class,CU-10649,Kevin Garcia,Consumer,Central,Texas,Houston,Technology,Machines,763.75,2,0.15,37.75
ORD-2026343,2022-11-12,2022-11-12,Same Day,CU-10527,David Miller,Consumer,West,Arizona,Phoenix,Technology,Copiers,61895.58,26,0.0,15155.04
ORD-2024068,2022-11-25,2022-11-26,,CU-10268,Ashley Jones,Consumer,West,Arizona,Phoenix,Furniture,Bookcases,1722.39,6,0.3,-648.61
ORD-2025863,2023-01-22,2023-01-26,Standard Class,CU-10422,Ashley Garcia,Consumer,South,Tennessee,Nashville,Technology,Accessories,728.84,3,0.2,-7.36
ORD-2023823,2023-12-01,2023-12-03,Second Class,CU-10174,James Anderson,Consumer,West,California,San Francisco,Office Supplies,Supplies,344.27,4,0.3,38.67
ORD-2023577,2024-09-25,2024-09-27,First Class,CU-10638,Amy Jones,Consumer,East,New York,Buffalo,Office Supplies,Storage,188.78,1,0.1,21.72
ORD-2025579,2022-05-04,2022-05-07,Standard Class,CU-10076,Michael Moore,Consumer,East,Massachusetts,Boston,Office Supplies,Art,188.18,5,0.0,44.81
ORD-2022115,2024-10-05,2024-10-11,Standard Class,CU-10575,Nancy Jones,Corporate,Central,Illinois,Chicago,Technology,Accessories,21.67,2,0.0,5.49
ORD-2025593,2022-05-23,2022-05-30,Standard Class,CU-10434,Barbara Wilson,Consumer,West,Washington,Seattle,Office Supplies,Labels,53.37,4,,24.13
ORD-2025366,2024-02-26,2024-03-01,Second Class,CU-10814,Sandra Miller,Consumer,East,New York,New York City,Office Supplies,Paper,36.31,3,0.2,3.55
ORD-2025849,2022-12-08,2022-12-15,Standard Class,CU-10844,Steven Garcia,Consumer,East,New York,Buffalo,Office Supplies,Supplies,303.02,3,0.3,-6.18
ORD-2026383,2023-08-05,2023-08-07,First Class,CU-10371,Susan Jones,Corporate,West,Arizona,Phoenix,Office Supplies,Art,121.13,7,0.0,35.15
ORD-2026259,2022-12-06,2022-12-09,Second Class,CU-10598,Nancy Moore,Consumer,East,New York,Buffalo,Office Supplies,Labels,7.78,5,0.1,1.64
ORD-2022608,2024-04-22,2024-04-24,First Class,CU-10432,Sandra Taylor,Consumer,East,Pennsylvania,Philadelphia,Office Supplies,Storage,49.35,1,0.0,14.37
ORD-2022544,2022-08-10,2022-08-13,Standard Class,CU-10393,Susan Garcia,Consumer,West,Washington,Seattle,Office Supplies,Supplies,89.65,1,0.0,34.16
ORD-2022301,2022-07-30,2022-08-03,Second Class,CU-10571,David Miller,Consumer,West,Washington,Seattle,Office Supplies,Storage,232.87,1,0.0,65.34
ORD-2023986,2022-11-25,2022-12-01,Standard Class,CU-10399,Ashley Taylor,Consumer,South,Florida,Miami,Furniture,Bookcases,187.64,1,0.0,30.9
ORD-2023456,2022-11-07,2022-11-14,Standard Class,CU-10067,John Smith,Consumer,West,Washington,Seattle,Technology,Accessories,252.21,1,0.0,65.46
ORD-2023143,2024-08-28,2024-08-30,First Class,CU-10639,Michael Moore,Consumer,East,New York,New York City,Furniture,Chairs,750.91,4,0.3,-238.53
ORD-2022836,2024-05-30,2024-05-30,Same Day,CU-10274,Jason Smith,Consumer,West,Arizona,Phoenix,Technology,Machines,10191.93,4,0.1,954.94
ORD-2024928,2023-03-05,2023-03-11,Standard Class,CU-10107,Amy Jones,Consumer,West,California,San Francisco,Furniture,Bookcases,499.36,1,0.1,0.66
ORD-2023703,2023-12-18,2023-12-19,First Class,CU-10071,Mary Jackson,Consumer,Central,Ohio,Columbus,Furniture,Furnishings,26.41,1,0.3,-8.38
ORD-2022893,2022-06-09,2022-06-13,Standard Class,CU-10083,Ashley Lee,Consumer,South,Georgia,Atlanta,Furniture,Tables,1050.17,2,0.2,-210.62
ORD-2025504,2024-04-02,2024-04-03,First Class,CU-10127,Amy Miller,Home Office,East,New York,Buffalo,Office Supplies,Art,49.38,3,0.2,7.63
ORD-2026250,2023-01-15,2023-01-16,First Class,CU-10310,Patricia Hernandez,Corporate,West,California,Los Angeles,Office Supplies,Art,31.3,1,0.0,9.7
ORD-2025651,2022-10-27,2022-11-03,Standard Class,CU-10499,Karen Wilson,Corporate,East,New York,Buffalo,Office Supplies,Labels,12.88,2,0.0,5.05
ORD-2025945,2024-11-01,2024-11-03,First Class,CU-10804,Patricia Smith,Home Office,South,North Carolina,Charlotte,Office Supplies,Art,95.33,3,0.2,14.21
ORD-2022610,2023-11-04,2023-11-08,Standard Class,CU-10745,Amy Anderson,Consumer,South,Georgia,Atlanta,Furniture,Bookcases,320.22,3,0.5,-234.13
ORD-2024079,2022-03-04,2022-03-09,Standard Class,CU-10141,Robert Smith,Consumer,West,California,Los Angeles,Furniture,Bookcases,4109.44,6,0.3,-1405.41
ORD-2025920,2022-11-03,2022-11-07,Second Class,CU-10460,John Brown,Consumer,West,Washington,Seattle,Furniture,Tables,1932.06,2,0.15,-144.64
ORD-2026088,2022-05-03,2022-05-05,Second Class,CU-10729,Mary Jones,Corporate,West,Washington,Seattle,Office Supplies,Labels,14.98,1,0.0,4.92
ORD-2023329,2022-09-04,2022-09-05,First Class,CU-10720,Barbara Williams,Home Office,West,Washington,Seattle,Office Supplies,Art,55.63,3,0.0,15.8
ORD-2023089,2023-07-14,2023-07-14,Same Day,CU-10448,Steven Anderson,Corporate,West,California,Los Angeles,Office Supplies,Art,2.05,1,0.1,0.47
ORD-2022013,2024-08-30,2024-09-04,Standard Class,CU-10532,Mary Smith,Consumer,West,Arizona,Phoenix,Office Supplies,Art,80.64,7,0.0,27.04
ORD-2025060,2023-11-28,2023-11-30,Second Class,CU-10062,James Garcia,Corporate,West,Washington,Seattle,Technology,Machines,1714.69,1,0.2,48.08
ORD-2026489,2023-10-16,2023-10-22,Standard Class,CU-10238,Michael Williams,Consumer,East,Massachusetts,Boston,Technology,Copiers,4160.75,1,0.0,818.72
ORD-2025851,2022-12-05,2022-12-09,Standard Class,CU-10623,Linda Lopez,Consumer,East,Pennsylvania,Philadelphia,Technology,Phones,113.89,1,0.1,4.51
ORD-2025375,2023-05-29,2023-05-30,First Class,CU-10323,Elizabeth Thomas,Home Office,East,New York,New York City,Furniture,Bookcases,1245.19,5,0.0,249.67
ORD-2025922,2023-01-27,2023-02-02,Standard Class,CU-10208,David Brown,Consumer,Central,Illinois,Chicago,Office Supplies,Paper,32.24,2,0.15,3.99
ORD-2024279,2023-12-23,2023-12-27,Standard Class,CU-10420,Laura Davis,Home Office,Central,Illinois,Chicago,Technology,Copiers,7975.51,2,0.0,1347.7
ORD-2023837,2023-06-09,2023-06-16,Standard Class,CU-10095,Robert Lee,Consumer,East,New York,New York City,Technology,Machines,8484.13,3,0.0,1647.78
ORD-2023008,2024-04-13,2024-04-16,Standard Class,CU-10590,Steven Rodriguez,Consumer,West,Arizona,Phoenix,Technology,Machines,5714.48,2,0.0,1518.47
ORD-2022931,2023-03-14,2023-03-21,Standard Class,CU-10259,Jason Martin,Home Office,Central,Texas,Houston,Office Supplies,Art,52.25,3,0.0,21.24
ORD-2025070,2022-02-03,2022-02-06,Second Class,CU-10233,Nancy Jones,Corporate,West,Washington,Seattle,Technology,Copiers,1117.73,3,0.0,245.06
ORD-2024106,2024-03-26,2024-03-31,Standard Class,CU-10711,Amy Jones,Corporate,West,California,Los Angeles,Technology,Accessories,200.99,4,0.15,12.6
ORD-2025383,2023-11-06,2023-11-09,Standard Class,CU-10183,Michael Thomas,Corporate,West,Washington,Seattle,Technology,Accessories,390.44,2,0.1,48.52
ORD-2024715,2022-11-07,2022-11-08,First Class,CU-10503,Nancy Brown,Corporate,East,New York,Buffalo,Office Supplies,Binders,9.29,2,0.2,1.42
ORD-2022236,2023-07-30,2023-08-03,Standard Class,CU-10587,Laura Rodriguez,Home Office,West,California,Los Angeles,Technology,Phones,4059.82,4,0.0,966.63
ORD-2026255,2022-04-30,2022-04-30,Same Day,CU-10394,Sandra Anderson,Corporate,East,New York,Buffalo,Technology,Machines,2647.48,1,0.0,856.95
ORD-2025591,2022-12-29,2023-01-04,Standard Class,CU-10838,Linda Moore,Corporate,East,Massachusetts,Boston,Furniture,Chairs,186.21,1,0.4,-114.75
ORD-2023673,2022-07-21,2022-07-21,Same Day,CU-10057,Susan Thomas,Consumer,Central,Michigan,Detroit,Office Supplies,Fasteners,1.6,1,0.3,0.04
ORD-2025608,2022-10-15,2022-10-16,First Class,CU-10243,Elizabeth Garcia,Consumer,East,New York,Buffalo,Office Supplies,Binders,17.16,1,0.1,2.56
ORD-2026156,2024-11-15,2024-11-21,Standard Class,CU-10829,Robert Miller,Consumer,Central,Ohio,Columbus,Office Supplies,Supplies,526.96,8,0.1,81.46
ORD-2024396,2022-11-25,2022-11-26,First Class,CU-10190,James Martinez,Consumer,Central,Michigan,Detroit,Office Supplies,Storage,908.36,5,0.0,278.72
ORD-2026358,2023-08-26,2023-09-01,Standard Class,CU-10263,Steven Hernandez,Consumer,East,New York,New York City,Office Supplies,Paper,30.51,4,0.0,12.3
ORD-2022769,2023-12-09,2023-12-16,Standard Class,CU-10363,Jason Taylor,Consumer,East,Massachusetts,Boston,Office Supplies,Binders,30.1,4,0.0,9.94
ORD-2022994,2024-11-24,2024-11-28,Second Class,CU-10764,Steven Davis,Home Office,South,Georgia,Atlanta,Office Supplies,Binders,211.02,4,0.1,21.45
ORD-2024961,2024-12-17,2024-12-21,Standard Class,CU-10309,David Lopez,Home Office,East,New York,New York City,Furniture,Bookcases,1383.3,2,0.0,175.56
ORD-2023670,2022-12-18,2022-12-22,Second Class,CU-10473,Sandra Jackson,Consumer,South,Florida,Miami,Office Supplies,Binders,82.69,4,0.3,-6.55
ORD-2025334,2023-03-07,2023-03-13,Standard Class,CU-10083,Ashley Lee,Home Office,Central,Michigan,Detroit,Technology,Accessories,270.8,1,0.1,17.03
ORD-2023417,2023-10-27,2023-10-31,Standard Class,CU-10525,Michael Wilson,Corporate,West,California,Los Angeles,Technology,Accessories,281.83,2,0.2,-2.11
ORD-2023232,2022-10-11,2022-10-14,Second Class,CU-10742,Robert Miller,Corporate,South,Florida,Miami,Technology,Copiers,4106.29,1,0.0,1133.6
ORD-2024038,2023-11-30,2023-12-05,Standard Class,CU-10223,Laura Wilson,Corporate,East,New York,Buffalo,Office Supplies,Storage,399.33,3,0.1,106.63
ORD-2025576,2024-08-26,2024-09-02,Standard Class,CU-10612,Kevin Taylor,Consumer,East,Massachusetts,Boston,Office Supplies,Storage,21.41,1,0.0,6.18
ORD-2024263,2022-05-31,2022-06-04,Standard Class,CU-10170,Sandra Brown,Consumer,West,California,San Francisco,Office Supplies,Supplies,255.64,3,0.2,15.47
ORD-2023141,2024-07-10,2024-07-11,First Class,CU-10648,Karen Jackson,Consumer,East,New York,New York City,Office Supplies,Binders,390.77,7,0.1,61.61
ORD-2022453,2022-09-17,2022-09-21,Standard Class,CU-10476,Mary Martinez,Home Office,East,Massachusetts,Boston,Furniture,Furnishings,324.11,5,0.2,-55.03
ORD-2025017,2022-05-30,2022-06-02,Standard Class,CU-10360,Steven Hernandez,Consumer,South,Georgia,Atlanta,Technology,Machines,8256.33,5,0.1,640.38
ORD-2023042,2023-12-26,2023-12-31,Standard Class,CU-10259,Jason Martin,Consumer,East,Pennsylvania,Philadelphia,Office Supplies,Storage,235.35,5,0.2,49.11
ORD-2022280,2022-03-22,2022-03-24,First Class,CU-10368,John Rodriguez,Consumer,East,Massachusetts,Boston,Office Supplies,Storage,244.7,1,0.15,23.51
ORD-2024823,2024-12-10,2024-12-13,Second Class,CU-10683,John Anderson,Consumer,East,New York,Buffalo,Technology,Copiers,11416.4,3,0.15,743.63
ORD-2022196,2023-11-29,2023-12-02,Standard Class,CU-10392,Barbara Rodriguez,Consumer,East,Pennsylvania,Philadelphia,Furniture,Bookcases,1572.39,3,0.4,-940.69
ORD-2025438,2022-01-15,2022-01-18,Second Class,CU-10698,Ashley Taylor,Home Office,South,Tennessee,Nashville,Office Supplies,Paper,30.76,2,0.3,-2.6
ORD-2023642,2023-07-31,2023-08-06,Standard Class,CU-10530,Robert Smith,Consumer,West,Washington,Seattle,Office Supplies,Supplies,42.93,1,0.3,-1.63
ORD-2024425,2024-04-13,2024-04-16,Second Class,CU-10702,Steven Brown,Consumer,Central,Michigan,Detroit,Furniture,Bookcases,426.22,2,0.0,82.92
ORD-2022534,2022-01-23,2022-01-30,Standard Class,CU-10698,Ashley Taylor,Consumer,Central,Michigan,Detroit,Office Supplies,Paper,48.37,4,0.15,7.56
ORD-2023710,2024-07-11,2024-07-12,First Class,CU-10007,Amy Brown,Corporate,East,New York,New York City,Technology,Copiers,3526.7,1,0.0,809.82
ORD-2026322,2023-12-09,2023-12-12,Second Class,CU-10500,Michael Jones,Corporate,East,New York,Buffalo,Office Supplies,Binders,13.63,2,0.0,3.56
ORD-2026284,2024-11-09,2024-11-12,Standard Class,CU-10516,Amy Hernandez,Corporate,South,North Carolina,Charlotte,Office Supplies,Labels,11.17,1,,3.66
ORD-2025265,2022-11-08,2022-11-14,Standard Class,CU-10126,Linda Moore,Corporate,West,California,Los Angeles,Office Supplies,Paper,44.96,2,0.0,17.03
ORD-2026290,2022-05-19,2022-05-23,Standard Class,CU-10212,Linda Wilson,Consumer,South,Tennessee,Nashville,Office Supplies,Labels,7.61,1,0.1,0.79
ORD-2023959,2023-12-06,2023-12-09,Second Class,CU-10577,Barbara Williams,Consumer,West,Arizona,Phoenix,Furniture,Tables,2540.99,2,0.3,-818.7
ORD-2022772,2023-11-24,2023-11-30,Standard Class,CU-10106,Jason Jackson,Consumer,South,Tennessee,Nashville,Office Supplies,Binders,61.09,3,0.2,4.53
ORD-2025305,2022-03-27,2022-04-01,Standard Class,CU-10047,John Garcia,Consumer,West,Washington,Seattle,Office Supplies,Paper,53.06,7,0.0,17.35
ORD-2023159,2024-06-22,2024-06-26,Standard Class,CU-10220,David Rodriguez,Consumer,West,California,San Francisco,Furniture,Tables,3831.86,4,0.1,-10.61
ORD-2023937,2023-12-01,2023-12-05,Second Class,CU-10801,Mary Wilson,Corporate,West,Washington,Seattle,Office Supplies,Supplies,237.26,2,0.15,48.82
ORD-2023034,2023-05-22,2023-05-26,Standard Class,CU-10291,Steven Smith,Corporate,Central,Michigan,Detroit,Technology,Machines,1277.6,3,,343.79
ORD-2023128,2023-12-25,2023-12-30,Standard Class,CU-10332,James Anderson,Home Office,West,California,San Francisco,Office Supplies,Paper,7.1,2,0.0,2.3
ORD-2023073,2024-12-01,2024-12-06,Standard Class,CU-10267,Mary Lopez,Home Office,Central,Illinois,Chicago,Office Supplies,Art,23.62,2,0.0,8.3
ORD-2024268,2024-04-10,2024-04-17,Standard Class,CU-10166,Nancy Moore,Home Office,East,New York,Buffalo,Technology,Phones,5869.74,5,0.2,-239.05
ORD-2023604,2022-11-12,2022-11-19,Standard Class,CU-10173,Amy Garcia,Corporate,Central,Michigan,Detroit,Furniture,Bookcases,481.49,1,0.3,-153.9
ORD-2024630,2022-05-17,2022-05-19,First Class,CU-10626,Nancy Rodriguez,Corporate,Central,Michigan,Detroit,Office Supplies,Labels,51.61,6,0.15,2.45
ORD-2026044,2023-08-18,2023-08-24,Standard Class,CU-10186,James Garcia,Corporate,South,Florida,Miami,Technology,Copiers,13417.18,3,0.2,-979.42
ORD-2024876,2022-12-03,2022-12-08,Standard Class,CU-10516,Amy Hernandez,Home Office,Central,Illinois,Chicago,Office Supplies,Fasteners,11.97,1,0.0,4.9
ORD-2026450,2024-09-20,2024-09-20,Same Day,CU-10155,Kevin Jackson,Corporate,South,Georgia,Atlanta,Office Supplies,Supplies,23.52,1,0.1,4.81
ORD-2023403,2022-12-21,2022-12-28,Standard Class,CU-10771,Sandra Jackson,Consumer,South,Tennessee,Nashville,Technology,Copiers,3439.61,1,0.4,-971.83
ORD-2024712,2022-11-20,2022-11-26,Standard Class,CU-10196,David Rodriguez,Home Office,East,Massachusetts,Boston,Furniture,Chairs,460.22,2,0.4,-244.0
ORD-2023641,2022-06-08,2022-06-12,Standard Class,CU-10300,Karen Rodriguez,Corporate,East,New York,Buffalo,Furniture,Chairs,545.5,4,0.0,115.41
ORD-2024607,2022-11-11,2022-11-15,Standard Class,CU-10481,Kevin Jones,Consumer,East,Pennsylvania,Philadelphia,Technology,Phones,1283.05,2,0.15,81.73
ORD-2025948,2024-10-26,2024-10-29,Second Class,CU-10110,Patricia Jackson,Corporate,West,California,San Francisco,Office Supplies,Labels,49.9,6,0.0,13.5
ORD-2024786,2024-02-12,2024-02-18,Standard Class,CU-10060,Nancy Lee,Home Office,South,Georgia,Atlanta,Office Supplies,Labels,21.97,2,0.2,2.37
ORD-2024728,2023-04-15,2023-04-20,Standard Class,CU-10588,Ashley Martin,Home Office,Central,Illinois,Chicago,Office Supplies,Storage,414.86,2,0.2,63.35
ORD-2024666,2024-11-08,2024-11-12,Standard Class,CU-10023,Jason Jackson,Consumer,South,Florida,Miami,Office Supplies,Binders,50.24,4,0.0,13.94
ORD-2025791,2022-12-27,2022-12-30,Standard Class,CU-10626,Nancy Rodriguez,Corporate,Central,Illinois,Chicago,Office Supplies,Art,129.56,4,0.1,14.77
ORD-2026069,2022-09-25,2022-09-29,Standard Class,CU-10299,Karen Taylor,Consumer,East,New York,New York City,Furniture,Chairs,162.72,1,0.0,30.44
ORD-2026022,2022-12-23,2022-12-27,Standard Class,CU-10717,Nancy Smith,Corporate,South,North Carolina,Charlotte,Office Supplies,Fasteners,13.99,1,0.15,2.2
ORD-2024558,2023-07-25,2023-07-26,First Class,CU-10807,Karen Garcia,Consumer,East,Pennsylvania,Philadelphia,Furniture,Bookcases,515.31,5,0.15,-86.46
ORD-2023061,2023-12-05,2023-12-06,First Class,CU-10014,Karen Williams,Consumer,South,Georgia,Atlanta,Office Supplies,Art,32.22,1,0.0,9.87
ORD-2023848,2023-05-12,2023-05-14,Second Class,CU-10279,Kevin Anderson,Corporate,East,New York,New York City,Furniture,Tables,2532.0,5,0.5,-2195.08
ORD-2025281,2022-03-07,2022-03-13,Standard Class,CU-10129,Patricia Garcia,Corporate,South,North Carolina,Charlotte,Office Supplies,Labels,22.48,2,0.1,5.57
ORD-2026202,2022-06-19,2022-06-23,Standard Class,CU-10825,Susan Williams,Consumer,West,Arizona,Phoenix,Technology,Phones,3540.84,5,0.1,414.81
ORD-2022996,2023-12-18,2023-12-20,First Class,CU-10633,Michael Martinez,Corporate,West,California,San Francisco,Furniture,Chairs,1075.17,3,0.0,263.53
ORD-2025124,2022-10-05,2022-10-05,Same Day,CU-10749,Sandra Moore,Consumer,South,Georgia,Atlanta,Technology,Machines,4020.52,2,0.0,812.54
ORD-2024490,2024-12-12,2024-12-14,First Class,CU-10014,Karen Williams,Corporate,East,Massachusetts,Boston,Furniture,Chairs,1500.85,3,0.3,-670.69
ORD-2023828,2024-11-23,2024-11-26,Standard Class,CU-10082,Jason Moore,Consumer,South,Florida,Miami,Office Supplies,Storage,268.79,3,0.15,45.57
ORD-2026256,2022-03-03,2022-03-04,First Class,CU-10675,Amy Smith,Home Office,Central,Ohio,Columbus,Office Supplies,Fasteners,4.27,2,0.1,0.84
ORD-2026282,2023-12-07,2023-12-11,Second Class,CU-10231,David Martin,Corporate,South,Florida,Miami,Furniture,Bookcases,587.87,1,0.15,-68.58
ORD-2025509,2022-12-05,2022-12-11,Standard Class,CU-10443,Nancy Lee,Corporate,West,Washington,Seattle,Office Supplies,Fasteners,19.61,5,0.0,4.08
ORD-2024217,2024-11-27,2024-11-30,Second Class,CU-10731,James Martin,Consumer,East,Pennsylvania,Philadelphia,Office Supplies,Fasteners,11.4,2,0.15,1.97
ORD-2023351,2024-09-15,2024-09-15,,CU-10447,Barbara Taylor,Consumer,Central,Texas,Houston,Office Supplies,Supplies,301.55,3,0.1,39.39
ORD-2023508,2022-11-01,2022-11-03,Second Class,CU-10363,Jason Taylor,Consumer,East,Pennsylvania,Philadelphia,Furniture,Tables,3000.36,7,0.1,-65.83
ORD-2023020,2024-11-07,2024-11-11,Standard Class,CU-10718,Michael Garcia,Consumer,East,Pennsylvania,Philadelphia,Technology,Copiers,16065.03,4,0.0,4180.74
ORD-2023791,2022-12-19,2022-12-19,Same Day,CU-10226,Ashley Moore,Consumer,Central,Illinois,Chicago,Office Supplies,Labels,3.69,3,0.15,0.65
ORD-2026075,2023-05-04,2023-05-06,Second Class,CU-10524,Michael Wilson,Corporate,East,New York,Buffalo,Technology,Copiers,12739.63,8,0.15,3.37
ORD-2024930,2023-11-26,2023-12-02,Standard Class,CU-10088,Mary Wilson,Consumer,South,Tennessee,Nashville,Technology,Copiers,6170.31,8,0.2,-409.38
ORD-2023669,2024-10-17,2024-10-21,Standard Class,CU-10568,Elizabeth Garcia,Consumer,South,Tennessee,Nashville,Office Supplies,Supplies,39.68,1,0.0,15.39
ORD-2024577,2024-10-07,2024-10-12,Standard Class,CU-10724,David Martinez,Home Office,Central,Texas,Houston,Office Supplies,Binders,5.83,1,0.3,-0.14
ORD-2024633,2023-12-14,2023-12-17,Second Class,CU-10788,Amy Miller,Home Office,West,California,Los Angeles,Office Supplies,Fasteners,95.52,5,0.0,25.75
ORD-2026160,2023-10-06,2023-10-09,Standard Class,CU-10832,Linda Jones,Consumer,Central,Ohio,Columbus,Office Supplies,Fasteners,60.63,4,0.0,17.46
ORD-2023248,2024-11-05,2024-11-10,Standard Class,CU-10562,Jason Miller,Corporate,Central,Illinois,Chicago,Office Supplies,Binders,3.8,1,0.0,1.04
ORD-2025973,2022-10-13,2022-10-20,Standard Class,CU-10605,John Martinez,Corporate,Central,Texas,Houston,Furniture,Bookcases,280.32,2,0.4,-169.31
ORD-2024576,2024-03-02,2024-03-06,Standard Class,CU-10661,Barbara Martin,Corporate,West,Arizona,Phoenix,Technology,Copiers,4089.06,4,0.0,886.37
ORD-2025411,2022-07-30,2022-08-03,Standard Class,CU-10833,David Brown,Consumer,East,New York,Buffalo,Office Supplies,Storage,205.78,1,0.0,75.21
ORD-2023614,2024-09-12,2024-09-14,Second Class,CU-10119,Nancy Hernandez,Consumer,East,New York,Buffalo,Office Supplies,Supplies,388.73,4,0.1,105.58
ORD-2022644,2023-12-10,2023-12-13,Standard Class,CU-10193,Kevin Jackson,Corporate,Central,Michigan,Detroit,Office Supplies,Art,65.57,2,0.0,19.07
ORD-2024997,2022-10-27,2022-10-30,Second Class,CU-10254,Steven Martin,Corporate,West,Washington,Seattle,Furniture,Chairs,2423.91,5,0.0,597.03
ORD-2024954,2023-09-29,2023-10-05,Standard Class,CU-10722,Amy Johnson,Consumer,East,New York,New York City,Office Supplies,Art,90.31,4,0.0,30.14
ORD-2023237,2023-05-27,2023-06-03,Standard Class,CU-10404,Robert Thomas,Consumer,East,New York,New York City,Furniture,Bookcases,617.62,1,0.3,-232.98
ORD-2026072,2023-05-22,2023-05-24,Second Class,CU-10186,James Garcia,Corporate,West,Washington,Seattle,Office Supplies,Supplies,283.8,3,0.1,60.06
ORD-2023882,2023-05-06,2023-05-11,Standard Class,CU-10056,Amy Taylor,Consumer,West,Washington,Seattle,Office Supplies,Binders,29.4,1,0.2,3.55
ORD-2024338,2023-11-12,2023-11-19,Standard Class,CU-10564,John Martin,Corporate,West,Arizona,Phoenix,Furniture,Bookcases,1723.5,5,0.0,359.92
ORD-2026081,2022-12-03,2022-12-07,Second Class,CU-10085,Susan Taylor,Corporate,East,Pennsylvania,Philadelphia,Office Supplies,Labels,36.27,6,0.2,1.31
ORD-2025925,2023-11-08,2023-11-11,,CU-10043,Sandra Martinez,Consumer,West,California,Los Angeles,Technology,Phones,5118.68,6,0.0,1018.37
ORD-2025639,2023-10-17,2023-10-24,Standard Class,CU-10234,Amy Martin,Consumer,South,Florida,Miami,Office Supplies,Paper,15.14,2,0.15,3.04
ORD-2025643,2022-09-21,2022-09-27,Standard Class,CU-10571,David Miller,Corporate,South,North Carolina,Charlotte,Office Supplies,Paper,88.51,4,0.15,15.66
ORD-2022566,2024-06-05,2024-06-09,Standard Class,CU-10404,Robert Thomas,Consumer,Central,Texas,Houston,Furniture,Furnishings,78.58,2,0.1,0.01
ORD-2022988,2023-01-19,2023-01-24,Standard Class,CU-10454,Nancy Jones,Consumer,South,Georgia,Atlanta,Technology,Accessories,295.31,7,0.1,33.93
ORD-2022368,2023-01-01,2023-01-01,Same Day,CU-10476,Mary Martinez,Consumer,East,New York,Buffalo,Office Supplies,Supplies,78.26,4,,10.99
ORD-2022560,2022-05-19,2022-05-22,,CU-10042,David Lee,Corporate,Central,Ohio,Columbus,Furniture,Furnishings,73.18,6,0.3,-30.39
ORD-2025534,2024-03-14,2024-03-20,Standard Class,CU-10504,Jason Smith,Consumer,Central,Texas,Houston,Furniture,Chairs,229.92,2,0.3,-84.63
ORD-2024488,2022-06-26,2022-06-28,First Class,CU-10190,James Martinez,Consumer,Central,Texas,Houston,Technology,Accessories,247.62,2,0.0,72.04
ORD-2025195,2023-04-07,2023-04-09,,CU-10636,Susan Johnson,Consumer,West,Washington,Seattle,Office Supplies,Labels,22.62,3,0.1,6.44
ORD-2022045,2024-08-04,2024-08-06,First Class,CU-10436,Kevin Davis,Consumer,West,California,Los Angeles,Furniture,Bookcases,4535.27,8,0.4,-2685.19
ORD-2026244,2024-04-02,2024-04-03,First Class,CU-10003,Kevin Martinez,Consumer,Central,Texas,Houston,Technology,Phones,662.06,1,0.0,163.06
ORD-2024243,2022-11-23,2022-11-26,Standard Class,CU-10128,Barbara Brown,Consumer,Central,Illinois,Chicago,Furniture,Tables,4578.05,6,0.3,-1881.83
ORD-2022107,2022-12-02,2022-12-03,First Class,CU-10784,Jason Brown,Corporate,East,New York,New York City,Office Supplies,Supplies,56.6,1,0.0,16.84
ORD-2022729,2023-09-27,2023-10-01,Second Class,CU-10657,Susan Lopez,Home Office,East,New York,New York City,Office Supplies,Labels,20.45,2,0.0,5.94
ORD-2025346,2024-07-22,2024-07-24,Second Class,CU-10498,Laura Davis,Home Office,East,Massachusetts,Boston,Office Supplies,Art,28.03,2,0.0,6.94
ORD-2023540,2024-08-27,2024-08-30,Standard Class,CU-10694,Robert Jackson,Corporate,South,Tennessee,Nashville,Office Supplies,Art,132.33,5,,33.93
ORD-2024040,2022-12-08,2022-12-12,Second Class,CU-10607,Steven Garcia,Home Office,South,Tennessee,Nashville,Technology,Copiers,1222.55,2,0.0,337.16
ORD-2022216,2022-07-25,2022-07-30,Standard Class,CU-10693,Patricia Anderson,Consumer,West,California,Los Angeles,Office Supplies,Labels,25.05,2,0.15,4.47
ORD-2023448,2023-12-12,2023-12-13,First Class,CU-10815,Robert Davis,Consumer,East,New York,Buffalo,Office Supplies,Storage,66.27,2,0.1,10.58
ORD-2025290,2023-02-10,2023-02-10,Same Day,CU-10061,Laura Jones,Consumer,East,New York,Buffalo,Technology,Copiers,1675.12,1,0.0,367.74
ORD-2023991,2024-01-17,2024-01-24,Standard Class,CU-10353,Michael Williams,Corporate,East,New York,Buffalo,Office Supplies,Paper,6.53,1,0.1,1.38
ORD-2023155,2022-04-25,2022-04-29,Second Class,CU-10583,Elizabeth Johnson,Home Office,South,Georgia,Atlanta,Office Supplies,Art,65.49,2,0.1,16.43
ORD-2024745,2024-07-04,2024-07-07,Standard Class,CU-10810,Elizabeth Rodriguez,Consumer,West,Arizona,Phoenix,Office Supplies,Labels,60.17,5,0.0,16.51
ORD-2024529,2023-12-15,2023-12-16,First Class,CU-10799,Steven Johnson,Corporate,East,Massachusetts,Boston,Office Supplies,Supplies,103.77,2,0.15,4.39
ORD-2025033,2022-11-09,2022-11-12,Standard Class,CU-10848,Robert Anderson,Home Office,Central,Texas,Houston,Office Supplies,Storage,69.42,1,0.0,26.12
ORD-2025528,2024-09-15,2024-09-17,First Class,CU-10411,John Martinez,Corporate,West,Washington,Seattle,Furniture,Chairs,630.24,3,0.2,-163.76
ORD-2024358,2024-12-26,2024-12-27,First Class,CU-10596,James Anderson,Home Office,East,New York,Buffalo,Technology,Phones,4221.25,4,0.3,-553.44
ORD-2025783,2022-11-07,2022-11-09,First Class,CU-10789,Susan Wilson,Corporate,West,California,San Francisco,Furniture,Bookcases,209.25,1,0.15,-10.98
ORD-2024264,2023-11-09,2023-11-16,Standard Class,CU-10159,Barbara Brown,Consumer,West,California,San Francisco,Furniture,Chairs,1296.93,4,0.15,-80.43
ORD-2023610,2022-11-22,2022-11-27,Standard Class,CU-10111,David Miller,Consumer,Central,Illinois,Chicago,Furniture,Furnishings,558.67,4,0.3,-230.82
ORD-2025611,2022-12-29,2023-01-03,Standard Class,CU-10348,David Williams,Home Office,Central,Ohio,Columbus,Furniture,Chairs,537.75,3,0.2,-132.01
ORD-2023550,2022-07-25,2022-07-29,Second Class,CU-10354,Amy Johnson,Home Office,Central,Illinois,Chicago,Office Supplies,Binders,39.94,3,0.15,2.33
ORD-2026499,2024-06-16,2024-06-21,Standard Class,CU-10116,Karen Williams,Consumer,East,Pennsylvania,Philadelphia,Technology,Machines,7432.01,3,0.2,510.7
ORD-2022111,2022-10-18,2022-10-23,Standard Class,CU-10002,Kevin Wilson,Consumer,Central,Ohio,Columbus,Office Supplies,Fasteners,135.87,7,0.15,14.17
ORD-2025752,2023-07-06,2023-07-12,Standard Class,CU-10658,Michael Martinez,Corporate,Central,Michigan,Detroit,Office Supplies,Binders,88.32,2,0.15,21.55
ORD-2022784,2024-12-24,2024-12-30,Standard Class,CU-10386,Steven Williams,Consumer,East,Massachusetts,Boston,Technology,Copiers,4921.03,4,0.0,1455.4
ORD-2025810,2023-11-12,2023-11-15,Standard Class,CU-10174,James Anderson,Consumer,South,North Carolina,Charlotte,Office Supplies,Fasteners,17.46,1,0.2,2.16
ORD-2023094,2023-11-22,2023-11-26,Second Class,CU-10004,James Williams,Corporate,South,Florida,Miami,Office Supplies,Fasteners,19.42,3,0.0,4.61
ORD-2022058,2022-08-07,2022-08-08,First Class,CU-10387,Robert Anderson,Corporate,East,Pennsylvania,Philadelphia,Furniture,Tables,7547.32,6,0.2,-1517.52
ORD-2024458,2022-12-03,2022-12-03,Same Day,CU-10622,Robert Rodriguez,Consumer,South,North Carolina,Charlotte,Technology,Machines,1092.85,3,0.1,117.54
ORD-2026139,2024-07-22,2024-07-26,Second Class,CU-10359,Karen Garcia,Consumer,Central,Texas,Houston,Office Supplies,Supplies,26.52,1,0.1,6.04
ORD-2023933,2024-08-13,2024-08-17,Standard Class,CU-10267,Mary Lopez,Corporate,Central,Texas,Houston,Technology,Phones,2781.2,5,0.15,72.7
ORD-2023225,2024-11-06,2024-11-11,Standard Class,CU-10597,Jason Wilson,Consumer,West,California,San Francisco,Furniture,Chairs,1766.2,6,0.4,-918.3
ORD-2024911,2022-08-21,2022-08-24,Standard Class,CU-10671,Steven Wilson,Consumer,West,Washington,Seattle,Office Supplies,Storage,649.07,5,0.0,176.64
ORD-2022275,2023-04-15,2023-04-18,Standard Class,CU-10369,Jason Wilson,Consumer,East,New York,New York City,Office Supplies,Paper,9.19,1,0.0,2.38
ORD-2022001,2023-06-19,2023-06-24,Standard Class,CU-10847,Kevin Thomas,Home Office,Central,Texas,Houston,Furniture,Furnishings,816.16,6,0.5,-656.96
ORD-2022899,2023-10-04,2023-10-09,Standard Class,CU-10310,Patricia Hernandez,Consumer,East,New York,New York City,Office Supplies,Paper,6.55,1,0.0,2.22
ORD-2025844,2024-12-12,2024-12-19,Standard Class,CU-10437,Amy Thomas,Corporate,East,New York,New York City,Office Supplies,Supplies,156.74,2,0.0,48.58
ORD-2026458,2022-03-24,2022-03-29,Standard Class,CU-10161,Steven Martin,Consumer,Central,Michigan,Detroit,Technology,Machines,681.25,2,0.0,145.79
ORD-2022210,2024-02-27,2024-03-02,Standard Class,CU-10225,Kevin Miller,Consumer,South,Georgia,Atlanta,Technology,Accessories,580.28,3,0.4,-173.86
ORD-2024204,2022-12-27,2022-12-30,Standard Class,CU-10217,David Lopez,Consumer,East,New York,New York City,Technology,Phones,1971.29,4,0.15,190.23
ORD-2023781,2024-07-24,2024-07-27,Standard Class,CU-10675,Amy Smith,Corporate,South,Georgia,Atlanta,Office Supplies,Storage,542.98,6,0.0,183.47
ORD-2022438,2024-05-11,2024-05-17,Standard Class,CU-10075,Steven Brown,Consumer,Central,Texas,Houston,Office Supplies,Storage,194.43,1,0.1,20.1
ORD-2023176,2023-07-26,2023-08-01,Standard Class,CU-10036,James Anderson,Consumer,West,Washington,Seattle,Office Supplies,Supplies,75.03,1,0.0,17.18
ORD-2024874,2022-07-07,2022-07-10,Standard Class,CU-10029,Laura Lopez,Home Office,West,California,San Francisco,Furniture,Bookcases,1142.25,4,0.2,-140.49
ORD-2022748,2024-07-01,2024-07-04,Second Class,CU-10044,Robert Davis,Consumer,South,North Carolina,Charlotte,Office Supplies,Art,33.73,5,0.1,9.06
ORD-2024573,2024-09-04,2024-09-05,First Class,CU-10007,Amy Brown,Consumer,South,Florida,Miami,Office Supplies,Fasteners,15.8,1,0.1,2.13
ORD-2022589,2022-02-20,2022-02-27,Standard Class,CU-10107,Amy Jones,Consumer,Central,Ohio,Columbus,Technology,Accessories,582.69,3,0.1,138.5
ORD-2022191,2022-11-15,2022-11-18,Standard Class,CU-10153,Sandra Williams,Home Office,South,Florida,Miami,Technology,Copiers,6086.25,2,0.1,381.1
ORD-2025274,2024-03-13,2024-03-14,First Class,CU-10381,Jason Lopez,Consumer,East,Massachusetts,Boston,Technology,Phones,4783.7,5,0.1,840.38
ORD-2026164,2023-12-18,2023-12-19,First Class,CU-10639,Michael Moore,Consumer,Central,Ohio,Columbus,Office Supplies,Supplies,22.52,2,0.0,8.06
ORD-2023399,2023-04-20,2023-04-20,Same Day,CU-10098,Jason Miller,Consumer,South,Florida,Miami,Office Supplies,Storage,36.65,1,0.2,3.66
ORD-2025343,2022-06-16,2022-06-19,Second Class,CU-10096,Amy Rodriguez,Consumer,West,California,Los Angeles,Office Supplies,Supplies,54.3,2,0.0,13.9
ORD-2025493,2023-12-05,2023-12-10,Standard Class,CU-10221,Patricia Hernandez,Home Office,Central,Illinois,Chicago,Furniture,Furnishings,46.49,1,,-32.84
ORD-2025743,2023-09-22,2023-09-25,Standard Class,CU-10091,Amy Martinez,Consumer,South,Tennessee,Nashville,Office Supplies,Fasteners,8.13,1,0.1,1.46
ORD-2024491,2023-04-27,2023-04-30,Second Class,CU-10293,Jason Lee,Consumer,Central,Illinois,Chicago,Office Supplies,Labels,11.83,1,0.15,2.02
ORD-2026136,2023-09-14,2023-09-17,Standard Class,CU-10500,Michael Jones,Consumer,Central,Illinois,Chicago,Technology,Accessories,395.42,2,0.2,4.23
ORD-2026426,2022-10-01,2022-10-03,Second Class,CU-10141,Robert Smith,Corporate,Central,Illinois,Chicago,Furniture,Chairs,1198.29,3,0.2,-241.42
ORD-2022990,2023-12-11,2023-12-13,Second Class,CU-10694,Robert Jackson,Consumer,South,Tennessee,Nashville,Technology,Accessories,199.31,6,0.3,-34.84
ORD-2022385,2024-12-25,2024-12-29,Standard Class,CU-10586,Susan Taylor,Corporate,Central,Michigan,Detroit,Technology,Accessories,306.12,2,0.0,86.77
ORD-2025037,2022-01-11,2022-01-15,Second Class,CU-10716,John Davis,Consumer,East,New York,Buffalo,Technology,Machines,56075.33,30,0.2,1139.94
ORD-2024611,2024-08-25,2024-09-01,Standard Class,CU-10119,Nancy Hernandez,Consumer,East,Massachusetts,Boston,Office Supplies,Supplies,31.38,1,0.0,9.77
ORD-2024869,2022-03-11,2022-03-13,First Class,CU-10132,Nancy Miller,Corporate,East,New York,New York City,Office Supplies,Paper,19.05,1,0.0,6.45
ORD-2024995,2023-08-07,2023-08-09,Second Class,CU-10738,Ashley Rodriguez,Corporate,Central,Illinois,Chicago,Office Supplies,Labels,44.49,3,0.0,13.95
ORD-2024680,2024-07-29,2024-08-02,Second Class,CU-10483,Kevin Brown,Corporate,East,New York,Buffalo,Office Supplies,Storage,147.12,1,0.0,49.8
ORD-2023344,2024-12-23,2024-12-26,Standard Class,CU-10352,Mary Moore,Home Office,East,Massachusetts,Boston,Technology,Machines,11908.91,5,0.0,2783.2
ORD-2025194,2023-12-23,2023-12-25,Second Class,CU-10610,Michael Brown,Consumer,Central,Ohio,Columbus,Office Supplies,Art,21.48,1,0.1,5.14
ORD-2025203,2023-12-23,2023-12-28,Standard Class,CU-10398,Nancy Jackson,Corporate,South,Tennessee,Nashville,Office Supplies,Supplies,117.88,1,0.0,36.86
ORD-2026441,2022-12-23,2022-12-24,First Class,CU-10202,Kevin Miller,Consumer,South,Florida,Miami,Office Supplies,Supplies,87.57,2,0.15,16.94
ORD-2025313,2023-12-08,2023-12-14,Standard Class,CU-10451,Linda Thomas,Consumer,East,New York,Buffalo,Technology,Copiers,1717.84,2,0.2,23.99
ORD-2022306,2023-04-03,2023-04-08,Standard Class,CU-10321,David Garcia,Consumer,West,Arizona,Phoenix,Office Supplies,Storage,974.1,7,0.3,-54.45
ORD-2023897,2022-12-04,2022-12-08,Standard Class,CU-10191,Ashley Jones,Consumer,West,California,San Francisco,Office Supplies,Labels,8.06,1,0.0,3.19
ORD-2024296,2024-04-17,2024-04-24,Standard Class,CU-10621,Karen Miller,Corporate,Central,Ohio,Columbus,Furniture,Tables,1060.75,1,0.4,-546.91
ORD-2022921,2024-09-23,2024-09-25,,CU-10277,Barbara Johnson,Home Office,Central,Michigan,Detroit,Furniture,Furnishings,287.93,2,0.5,-228.24
ORD-2024253,2023-11-23,2023-11-24,First Class,CU-10115,Karen Garcia,Consumer,East,Pennsylvania,Philadelphia,Office Supplies,Fasteners,29.75,6,0.1,3.09
ORD-2024316,2022-09-19,2022-09-21,Second Class,CU-10358,Nancy Smith,Consumer,East,New York,Buffalo,Office Supplies,Storage,197.89,1,0.0,51.58
ORD-2024833,2024-09-03,2024-09-09,Standard Class,CU-10379,Amy Davis,Consumer,West,California,Los Angeles,Office Supplies,Storage,449.48,2,0.0,157.45
ORD-2025422,2023-12-28,2024-01-03,Standard Class,CU-10027,Laura Anderson,Corporate,East,Pennsylvania,Philadelphia,Office Supplies,Binders,50.55,2,0.15,7.07
ORD-2025567,2023-08-21,2023-08-22,First Class,CU-10423,Karen Jackson,Consumer,South,North Carolina,Charlotte,Technology,Accessories,224.38,1,0.1,21.48
ORD-2022126,2022-12-30,2023-01-01,Second Class,CU-10230,Patricia Miller,Consumer,East,New York,New York City,Office Supplies,Storage,17.07,1,0.0,4.09
ORD-2024463,2023-11-25,2023-11-27,Second Class,CU-10394,Sandra Anderson,Consumer,South,North Carolina,Charlotte,Office Supplies,Storage,1378.46,7,0.0,514.17
ORD-2026062,2022-09-05,2022-09-09,Second Class,CU-10217,David Lopez,Consumer,West,Washington,Seattle,Furniture,Chairs,501.99,1,0.4,-294.83
ORD-2025300,2024-12-04,2024-12-07,Standard Class,CU-10322,Barbara Anderson,Corporate,Central,Ohio,Columbus,Office Supplies,Storage,62.42,1,0.0,20.99
ORD-2023672,2024-06-01,2024-06-06,Standard Class,CU-10166,Nancy Moore,Consumer,West,Arizona,Phoenix,Office Supplies,Art,8.87,1,0.0,2.66
ORD-2023392,2022-07-06,2022-07-09,Second Class,CU-10796,Linda Lee,Consumer,South,North Carolina,Charlotte,Office Supplies,Binders,127.62,4,0.0,47.29
ORD-2023410,2024-09-07,2024-09-14,Standard Class,CU-10310,Patricia Hernandez,Consumer,Central,Texas,Houston,Office Supplies,Fasteners,20.01,2,0.15,3.19
ORD-2026128,2024-07-26,2024-07-31,Standard Class,CU-10753,James Moore,Corporate,West,California,Los Angeles,Office Supplies,Binders,30.26,1,0.1,6.31
ORD-2026420,2022-12-18,2022-12-23,Standard Class,CU-10005,Barbara Davis,Consumer,East,Massachusetts,Boston,Office Supplies,Storage,1736.58,8,,497.16
ORD-2023475,2023-09-19,2023-09-23,Standard Class,CU-10680,David Anderson,Home Office,East,Pennsylvania,Philadelphia,Office Supplies,Storage,347.11,3,0.2,57.82
ORD-2025119,2022-12-03,2022-12-07,Standard Class,CU-10682,Karen Smith,Consumer,East,New York,Buffalo,Technology,Accessories,416.27,2,0.2,-17.35
ORD-2026117,2024-10-14,2024-10-16,First Class,CU-10672,Ashley Moore,Corporate,East,Massachusetts,Boston,Office Supplies,Binders,110.82,3,0.0,30.28
ORD-2022700,2022-11-16,2022-11-23,Standard Class,CU-10206,Steven Johnson,Corporate,Central,Illinois,Chicago,Technology,Copiers,1548.08,5,0.2,-58.19
ORD-2023526,2023-02-20,2023-02-24,Standard Class,CU-10544,David Jones,Corporate,West,California,Los Angeles,Furniture,Furnishings,106.33,4,0.0,12.93
ORD-2022787,2022-12-24,2022-12-28,Second Class,CU-10332,James Anderson,Corporate,East,New York,New York City,Office Supplies,Binders,86.54,2,,10.9
ORD-2023413,2024-12-04,2024-12-10,Standard Class,CU-10004,James Williams,Consumer,West,California,San Francisco,Office Supplies,Binders,95.93,2,0.0,26.07
ORD-2022290,2024-09-11,2024-09-13,Second Class,CU-10576,Elizabeth Martinez,Corporate,Central,Michigan,Detroit,Office Supplies,Fasteners,60.51,4,0.1,13.57
ORD-2025240,2024-11-10,2024-11-16,Standard Class,CU-10781,Michael Miller,Corporate,South,North Carolina,Charlotte,Office Supplies,Art,24.56,1,0.15,3.91
ORD-2024827,2022-11-04,2022-11-09,Standard Class,CU-10450,Karen Jones,Consumer,South,Georgia,Atlanta,Office Supplies,Art,52.61,2,0.0,17.91
ORD-2022724,2022-06-15,2022-06-22,,CU-10736,Ashley Brown,Consumer,West,California,Los Angeles,Office Supplies,Fasteners,10.69,1,0.1,2.55
ORD-2026245,2022-11-28,2022-12-01,Standard Class,CU-10545,Patricia Lee,Consumer,West,Washington,Seattle,Office Supplies,Fasteners,38.16,2,0.1,9.82
ORD-2023938,2022-11-18,2022-11-22,Second Class,CU-10390,Michael Jones,Consumer,Central,Michigan,Detroit,Furniture,Tables,2422.35,5,0.0,368.04
ORD-2023140,2023-02-11,2023-02-14,Standard Class,CU-10504,Jason Smith,Consumer,East,Massachusetts,Boston,Technology,Machines,9846.02,4,0.0,1524.43
ORD-2023227,2023-08-12,2023-08-16,Standard Class,CU-10462,Mary Martinez,Corporate,West,California,Los Angeles,Furniture,Tables,935.68,1,0.0,188.42
ORD-2025340,2023-01-15,2023-01-21,Standard Class,CU-10074,David Moore,Consumer,South,Florida,Miami,Furniture,Chairs,440.74,1,0.2,-107.13
ORD-2025902,2024-03-14,2024-03-19,Standard Class,CU-10663,Amy Rodriguez,Corporate,Central,Michigan,Detroit,Office Supplies,Art,103.16,3,0.0,35.17
ORD-2025673,2023-01-27,2023-01-28,First Class,CU-10685,Robert Jackson,Consumer,South,Tennessee,Nashville,Office Supplies,Supplies,677.31,7,0.1,116.55
ORD-2025489,2023-09-09,2023-09-12,Standard Class,CU-10841,Sandra Smith,Consumer,South,North Carolina,Charlotte,Furniture,Tables,2517.73,3,0.5,-1993.49
ORD-2023560,2024-12-31,2024-12-31,Same Day,CU-10666,Susan Davis,Corporate,West,Arizona,Phoenix,Technology,Accessories,72.06,5,0.1,6.65
ORD-2024209,2022-06-17,2022-06-24,Standard Class,CU-10027,Laura Anderson,Consumer,West,California,Los Angeles,Office Supplies,Fasteners,18.89,5,0.1,3.48
ORD-2022932,2023-05-01,2023-05-03,Second Class,CU-10540,Robert Jones,Corporate,East,New York,Buffalo,Technology,Phones,1616.18,4,0.0,459.99
ORD-2025521,2024-10-17,2024-10-20,Standard Class,CU-10164,David Lopez,Corporate,Central,Texas,Houston,Office Supplies,Storage,49.35,2,0.1,11.91
ORD-2023995,2024-05-23,2024-05-25,First Class,CU-10334,Patricia Miller,Corporate,East,New York,New York City,Office Supplies,Supplies,228.75,3,0.1,40.09
ORD-2026304,2022-01-26,2022-01-26,Same Day,CU-10111,David Miller,Corporate,Central,Ohio,Columbus,Office Supplies,Fasteners,17.46,2,0.15,2.92
ORD-2023919,2024-12-09,2024-12-13,Second Class,CU-10842,Nancy Jackson,Home Office,Central,Illinois,Chicago,Office Supplies,Paper,4.99,1,0.1,0.83
ORD-2022345,2024-07-21,2024-07-28,Standard Class,CU-10735,Karen Wilson,Consumer,West,Washington,Seattle,Office Supplies,Labels,29.23,2,0.2,5.48
ORD-2025076,2023-01-09,2023-01-12,Second Class,CU-10118,Karen Rodriguez,Consumer,Central,Illinois,Chicago,Office Supplies,Storage,364.22,8,0.15,32.84
ORD-2022808,2023-09-18,2023-09-20,Second Class,CU-10065,Karen Anderson,Corporate,South,Tennessee,Nashville,Furniture,Chairs,527.02,1,0.15,-80.12
ORD-2024048,2022-08-17,2022-08-20,Standard Class,CU-10648,Karen Jackson,Corporate,West,Arizona,Phoenix,Office Supplies,Paper,55.69,3,0.15,7.13
ORD-2022557,2023-09-01,2023-09-05,Standard Class,CU-10453,Amy Lee,Consumer,Central,Michigan,Detroit,Office Supplies,Binders,8.04,1,0.0,2.76
ORD-2023169,2022-05-31,2022-06-03,Second Class,CU-10545,Patricia Lee,Corporate,Central,Texas,Houston,Office Supplies,Fasteners,14.65,1,0.0,4.99
ORD-2023956,2023-11-02,2023-11-05,Standard Class,CU-10048,Robert Thomas,Consumer,East,Pennsylvania,Philadelphia,Technology,Phones,936.61,1,0.2,-79.18
ORD-2024011,2022-12-09,2022-12-11,First Class,CU-10773,Amy Jackson,Consumer,East,Massachusetts,Boston,Office Supplies,Binders,254.14,7,0.15,46.08
ORD-2024885,2022-11-05,2022-11-11,Standard Class,CU-10001,Sandra Martinez,Consumer,South,Florida,Miami,Office Supplies,Supplies,78.78,1,0.0,28.51
ORD-2024905,2023-12-23,2023-12-28,Standard Class,CU-10766,Ashley Miller,Consumer,East,Pennsylvania,Philadelphia,Technology,Machines,9319.02,4,0.1,756.64
ORD-2025173,2024-12-24,2024-12-28,Second Class,CU-10545,Patricia Lee,Corporate,West,Arizona,Phoenix,Furniture,Bookcases,298.41,2,0.3,-117.34
ORD-2022870,2024-05-08,2024-05-11,Standard Class,CU-10375,Linda Lopez,Corporate,South,North Carolina,Charlotte,Furniture,Chairs,467.32,4,0.1,1.86
ORD-2024276,2023-11-05,2023-11-08,Standard Class,CU-10505,Sandra Rodriguez,Corporate,East,Massachusetts,Boston,Technology,Accessories,56.42,1,0.0,16.42
ORD-2023123,2022-09-21,2022-09-25,Standard Class,CU-10067,John Smith,Home Office,South,North Carolina,Charlotte,Furniture,Furnishings,52.53,1,0.2,-17.02
ORD-2022756,2022-12-30,2023-01-02,Standard Class,CU-10268,Ashley Jones,Consumer,West,California,Los Angeles,Furniture,Chairs,158.5,1,0.3,-75.32
ORD-2025498,2023-04-13,2023-04-14,First Class,CU-10297,David Martinez,Consumer,West,Arizona,Phoenix,Technology,Machines,1974.31,5,0.0,728.96
ORD-2026443,2024-11-18,2024-11-20,Second Class,CU-10108,Ashley Williams,Corporate,West,Washington,Seattle,Furniture,Furnishings,716.36,5,0.1,-43.59
ORD-2022268,2022-07-03,2022-07-10,Standard Class,CU-10174,James Anderson,Consumer,South,Florida,Miami,Technology,Copiers,12821.43,4,0.0,2548.54
ORD-2025406,2023-09-27,2023-09-28,First Class,CU-10782,Laura Lee,Consumer,South,North Carolina,Charlotte,Office Supplies,Labels,8.28,2,0.1,1.43
ORD-2023827,2023-08-19,2023-08-23,Standard Class,CU-10151,Karen Moore,Consumer,West,California,San Francisco,Furniture,Chairs,156.95,1,0.2,-29.85
ORD-2025446,2024-01-27,2024-01-29,First Class,CU-10258,David Johnson,Consumer,Central,Texas,Houston,Furniture,Furnishings,77.92,4,0.1,-2.52
ORD-2026342,2023-11-12,2023-11-14,First Class,CU-10184,Kevin Lee,Consumer,East,New York,New York City,Furniture,Furnishings,194.8,2,0.3,-73.91
ORD-2025972,2023-10-03,2023-10-08,Standard Class,CU-10121,Nancy Martin,Corporate,South,Tennessee,Nashville,Office Supplies,Supplies,77.21,1,0.1,26.71
ORD-2023941,2023-07-12,2023-07-14,First Class,CU-10047,John Garcia,Corporate,Central,Illinois,Chicago,Office Supplies,Supplies,85.58,1,0.15,18.23
ORD-2022993,2022-10-29,2022-11-03,Standard Class,CU-10597,Jason Wilson,Consumer,South,Georgia,Atlanta,Office Supplies,Labels,20.17,2,0.0,6.34
ORD-2024738,2024-03-16,2024-03-16,Same Day,CU-10202,Kevin Miller,Consumer,West,California,Los Angeles,Office Supplies,Art,31.03,7,0.15,3.11
ORD-2024146,2022-06-03,2022-06-05,First Class,CU-10692,Ashley Williams,Corporate,South,Georgia,Atlanta,Technology,Phones,800.52,2,0.15,80.92
ORD-2023942,2023-05-14,2023-05-19,Standard Class,CU-10695,Robert Lee,Corporate,East,Massachusetts,Boston,Office Supplies,Art,6.01,3,0.1,0.98
ORD-2022761,2022-08-22,2022-08-26,Second Class,CU-10470,Karen Wilson,Corporate,East,Massachusetts,Boston,Technology,Phones,1284.13,2,0.3,-198.89
ORD-2026141,2023-10-11,2023-10-17,Standard Class,CU-10783,Patricia Davis,Consumer,East,New York,New York City,Technology,Accessories,2051.21,8,0.1,57.78
ORD-2025879,2023-05-21,2023-05-26,Standard Class,CU-10261,Amy Hernandez,Corporate,South,Tennessee,Nashville,Office Supplies,Supplies,134.55,2,,28.95
ORD-2022181,2024-11-07,2024-11-11,Standard Class,CU-10120,Linda Jones,Consumer,East,New York,Buffalo,Office Supplies,Art,6.94,1,0.0,2.76
ORD-2022703,2024-10-24,2024-10-29,Standard Class,CU-10729,Mary Jones,Corporate,East,New York,New York City,Furniture,Bookcases,1129.39,2,0.0,222.46
ORD-2024740,2022-06-01,2022-06-04,Second Class,CU-10526,Kevin Rodriguez,Corporate,Central,Michigan,Detroit,Technology,Phones,644.58,1,0.2,-19.23
ORD-2026344,2024-04-19,2024-04-25,Standard Class,CU-10118,Karen Rodriguez,Consumer,Central,Texas,Houston,Technology,Accessories,253.61,1,0.0,50.72
ORD-2022313,2023-03-09,2023-03-13,Second Class,CU-10748,Susan Williams,Consumer,East,New York,New York City,Office Supplies,Paper,8.44,1,0.0,2.76
ORD-2022501,2024-11-04,2024-11-06,Second Class,CU-10728,Elizabeth Brown,Consumer,East,Massachusetts,Boston,Furniture,Bookcases,1936.72,8,0.2,-529.31
ORD-2022443,2022-10-08,2022-10-12,Standard Class,CU-10200,Barbara Lee,Consumer,East,Massachusetts,Boston,Office Supplies,Fasteners,7.36,1,0.15,1.47
ORD-2025786,2024-12-12,2024-12-18,Standard Class,CU-10449,Sandra Anderson,Consumer,East,Pennsylvania,Philadelphia,Technology,Copiers,4201.47,1,0.0,1058.14
ORD-2022012,2023-12-21,2023-12-28,Standard Class,CU-10201,Laura Rodriguez,Corporate,East,New York,Buffalo,Office Supplies,Fasteners,106.76,6,0.2,8.0
ORD-2023721,2022-11-04,2022-11-07,Standard Class,CU-10214,David Lopez,Corporate,South,North Carolina,Charlotte,Office Supplies,Labels,29.99,2,0.1,5.65
ORD-2024018,2023-12-07,2023-12-13,Standard Class,CU-10552,Barbara Lopez,Corporate,East,New York,Buffalo,Office Supplies,Fasteners,28.23,8,0.1,6.79
ORD-2024900,2023-04-01,2023-04-04,Standard Class,CU-10560,Karen Brown,Consumer,South,North Carolina,Charlotte,Office Supplies,Paper,22.25,1,0.15,2.35
ORD-2023586,2023-01-24,2023-01-30,Standard Class,CU-10399,Ashley Taylor,Corporate,East,New York,Buffalo,Office Supplies,Binders,80.68,4,0.1,15.79
ORD-2023702,2023-02-08,2023-02-10,Second Class,CU-10290,Barbara Martinez,Consumer,West,California,San Francisco,Office Supplies,Art,45.48,2,0.15,6.22
ORD-2026107,2024-04-16,2024-04-23,Standard Class,CU-10576,Elizabeth Martinez,Consumer,East,Massachusetts,Boston,Office Supplies,Binders,37.56,5,0.15,6.25
ORD-2026354,2024-11-07,2024-11-10,Second Class,CU-10050,John Johnson,Consumer,West,Arizona,Phoenix,Office Supplies,Storage,1036.45,4,0.0,368.02
ORD-2024336,2024-10-17,2024-10-23,Standard Class,CU-10598,Nancy Moore,Corporate,Central,Ohio,Columbus,Office Supplies,Supplies,36.19,2,0.0,12.3
ORD-2026330,2022-06-13,2022-06-19,Standard Class,CU-10510,John Jones,Corporate,West,Arizona,Phoenix,Furniture,Furnishings,133.91,7,0.2,-29.32
ORD-2022495,2023-11-02,2023-11-04,Second Class,CU-10060,Nancy Lee,Consumer,East,New York,Buffalo,Office Supplies,Binders,19.0,1,0.2,2.08
ORD-2025977,2022-08-06,2022-08-13,Standard Class,CU-10820,Barbara Johnson,Corporate,South,North Carolina,Charlotte,Furniture,Bookcases,2982.35,5,0.2,-590.82
ORD-2022804,2022-07-18,2022-07-22,Second Class,CU-10011,Kevin Hernandez,Home Office,East,Massachusetts,Boston,Office Supplies,Paper,13.96,1,0.0,3.97
ORD-2025767,2023-01-08,2023-01-14,Standard Class,CU-10322,Barbara Anderson,Consumer,West,California,San Francisco,Office Supplies,Paper,13.41,1,0.0,5.07
ORD-2025513,2024-12-18,2024-12-24,Standard Class,CU-10173,Amy Garcia,Consumer,East,Pennsylvania,Philadelphia,Technology,Copiers,1006.13,1,0.2,-56.71
ORD-2025821,2023-12-13,2023-12-14,First Class,CU-10034,Susan Hernandez,Consumer,West,Washington,Seattle,Technology,Accessories,241.0,2,0.0,53.54
ORD-2026204,2024-05-12,2024-05-15,Second Class,CU-10736,Ashley Brown,Home Office,East,Massachusetts,Boston,Technology,Machines,611.54,2,0.1,131.42
ORD-2023916,2023-12-28,2024-01-04,Standard Class,CU-10560,Karen Brown,Consumer,East,New York,New York City,Office Supplies,Binders,151.42,3,0.0,46.6
ORD-2025494,2022-07-23,2022-07-23,Same Day,CU-10395,John Martinez,Corporate,West,California,San Francisco,Office Supplies,Paper,13.25,1,0.0,4.01
ORD-2023909,2024-11-07,2024-11-09,First Class,CU-10820,Barbara Johnson,Corporate,South,North Carolina,Charlotte,Office Supplies,Storage,508.97,2,0.0,183.45
ORD-2025408,2023-09-17,2023-09-23,Standard Class,CU-10785,Kevin Williams,Home Office,Central,Michigan,Detroit,Office Supplies,Labels,2.96,1,0.1,0.46
ORD-2023862,2024-12-27,2025-01-03,Standard Class,CU-10811,Laura Garcia,Home Office,East,Pennsylvania,Philadelphia,Furniture,Furnishings,193.99,2,0.15,-28.47
ORD-2023851,2024-11-14,2024-11-16,First Class,CU-10427,Sandra Martinez,Home Office,Central,Texas,Houston,Furniture,Furnishings,23.94,1,0.15,-2.92
ORD-2025578,2024-05-11,2024-05-17,Standard Class,CU-10139,Laura Jones,Consumer,East,New York,New York City,Office Supplies,Binders,196.59,4,0.0,63.61
ORD-2023162,2024-08-31,2024-08-31,Same Day,CU-10667,Linda Thomas,Corporate,Central,Texas,Houston,Office Supplies,Fasteners,3.97,2,0.1,0.68
ORD-2025104,2023-12-19,2023-12-23,Second Class,CU-10582,David Rodriguez,Corporate,Central,Texas,Houston,Office Supplies,Labels,13.26,1,0.0,4.04
ORD-2025072,2024-08-20,2024-08-25,Standard Class,CU-10311,John Anderson,Consumer,South,Florida,Miami,Office Supplies,Binders,21.59,1,0.1,5.01
ORD-2025964,2023-01-24,2023-01-27,Second Class,CU-10487,Karen Brown,Consumer,East,Massachusetts,Boston,Office Supplies,Paper,2.12,1,0.0,0.59
ORD-2022632,2022-03-12,2022-03-19,Standard Class,CU-10337,David Smith,Consumer,East,New York,Buffalo,Office Supplies,Supplies,306.11,3,0.1,32.39
ORD-2022577,2023-11-23,2023-11-26,Standard Class,CU-10490,Barbara Smith,Home Office,South,North Carolina,Charlotte,Office Supplies,Supplies,75.62,1,0.0,19.45
ORD-2023884,2023-01-01,2023-01-07,Standard Class,CU-10815,Robert Davis,Consumer,Central,Illinois,Chicago,Office Supplies,Supplies,189.93,6,0.0,64.73
ORD-2026019,2024-04-06,2024-04-13,Standard Class,CU-10618,Jason Johnson,Consumer,East,Pennsylvania,Philadelphia,Office Supplies,Paper,67.72,5,0.1,18.78
ORD-2022779,2024-10-03,2024-10-06,Second Class,CU-10600,John Lopez,Home Office,Central,Illinois,Chicago,Office Supplies,Fasteners,30.98,2,0.2,4.58
ORD-2026108,2024-11-19,2024-11-25,Standard Class,CU-10785,Kevin Williams,Consumer,East,New York,New York City,Office Supplies,Binders,43.86,1,0.0,10.5
ORD-2023962,2023-11-14,2023-11-20,Standard Class,CU-10706,Laura Johnson,Consumer,East,New York,Buffalo,Office Supplies,Art,47.46,3,0.1,8.86
ORD-2026442,2024-10-28,2024-11-02,Standard Class,CU-10656,David Miller,Corporate,Central,Illinois,Chicago,Office Supplies,Supplies,275.21,5,0.0,101.59
ORD-2024378,2022-07-29,2022-07-30,First Class,CU-10436,Kevin Davis,Consumer,Central,Texas,Houston,Furniture,Tables,837.8,2,0.0,170.79
ORD-2025440,2022-11-28,2022-11-30,First Class,CU-10385,Robert Moore,Consumer,West,Washington,Seattle,Technology,Accessories,1049.21,5,0.0,287.26
ORD-2024155,2024-10-05,2024-10-05,Same Day,CU-10615,James Martin,Consumer,West,California,Los Angeles,Technology,Phones,257.43,1,0.2,6.72
ORD-2025206,2022-01-08,2022-01-11,Standard Class,CU-10397,Laura Hernandez,Consumer,South,Tennessee,Nashville,Office Supplies,Binders,18.61,1,0.2,2.38
ORD-2023537,2024-05-15,2024-05-21,Standard Class,CU-10042,David Lee,Consumer,Central,Texas,Houston,Technology,Phones,4717.05,4,0.3,-770.14
ORD-2024480,2023-09-16,2023-09-23,Standard Class,CU-10793,Elizabeth Anderson,Consumer,West,California,Los Angeles,Office Supplies,Paper,13.91,1,0.0,4.46
ORD-2023578,2024-12-29,2025-01-04,Standard Class,CU-10447,Barbara Taylor,Consumer,West,Arizona,Phoenix,Furniture,Tables,715.32,2,0.5,-593.65
ORD-2023814,2024-09-07,2024-09-09,Second Class,CU-10025,James Lopez,Consumer,South,Georgia,Atlanta,Technology,Accessories,1034.78,4,0.0,279.77
ORD-2022524,2022-07-09,2022-07-13,Standard Class,CU-10663,Amy Rodriguez,Consumer,West,California,San Francisco,Technology,Accessories,112.74,1,0.0,24.1
ORD-2026360,2022-11-16,2022-11-21,Standard Class,CU-10478,Kevin Moore,Consumer,East,New York,New York City,Office Supplies,Labels,48.24,5,0.0,15.48
ORD-2023122,2024-09-10,2024-09-16,Standard Class,CU-10596,James Anderson,Corporate,East,New York,Buffalo,Technology,Copiers,13204.72,3,0.15,-43.92
ORD-2023063,2023-12-12,2023-12-18,Standard Class,CU-10211,Barbara Jones,Consumer,East,Massachusetts,Boston,Furniture,Chairs,2105.69,6,0.1,15.01
ORD-2023044,2022-02-10,2022-02-12,First Class,CU-10076,Michael Moore,Corporate,West,Washington,Seattle,Furniture,Chairs,911.68,2,0.1,-18.96
ORD-2025258,2023-11-10,2023-11-17,Standard Class,CU-10835,Linda Taylor,Home Office,Central,Ohio,Columbus,Furniture,Tables,3603.96,4,0.3,-1436.53
ORD-2023725,2022-04-08,2022-04-09,First Class,CU-10008,Elizabeth Taylor,Corporate,West,Arizona,Phoenix,Office Supplies,Storage,347.73,7,0.1,77.22
ORD-2024113,2023-12-06,2023-12-10,Second Class,CU-10780,Kevin Lee,Corporate,West,Arizona,Phoenix,Office Supplies,Storage,230.64,3,0.0,86.5
ORD-2024725,2024-05-04,2024-05-10,Standard Class,CU-10345,James Miller,Consumer,East,New York,Buffalo,Office Supplies,Labels,14.97,1,0.1,2.52
ORD-2025873,2022-07-09,2022-07-16,Standard Class,CU-10064,Mary Brown,Consumer,West,Washington,Seattle,Office Supplies,Fasteners,57.22,3,0.0,15.74
ORD-2022840,2022-01-26,2022-01-30,Standard Class,CU-10038,Ashley Williams,Consumer,East,New York,New York City,Technology,Copiers,10128.33,4,0.4,-2892.75
ORD-2024470,2023-06-30,2023-07-03,Second Class,CU-10324,Laura Rodriguez,Consumer,Central,Ohio,Columbus,Furniture,Tables,2975.72,7,0.0,493.16
ORD-2022292,2024-11-25,2024-11-29,Standard Class,CU-10528,Ashley Lopez,Corporate,South,Tennessee,Nashville,Office Supplies,Paper,115.09,7,0.15,19.53
ORD-2023299,2023-04-09,2023-04-14,Standard Class,CU-10257,Nancy Lee,Consumer,East,New York,Buffalo,Furniture,Tables,560.23,2,0.4,-269.1
ORD-2022561,2022-11-17,2022-11-19,First Class,CU-10363,Jason Taylor,Corporate,Central,Michigan,Detroit,Furniture,Furnishings,24.78,1,0.15,-3.12
ORD-2022556,2022-12-12,2022-12-19,Standard Class,CU-10740,Linda Williams,Consumer,Central,Ohio,Columbus,Technology,Machines,8210.16,3,0.15,1095.56
ORD-2023865,2024-10-08,2024-10-13,Standard Class,CU-10403,Amy Jackson,Corporate,East,Pennsylvania,Philadelphia,Technology,Phones,2329.67,2,0.3,-513.04
ORD-2025686,2023-01-31,2023-02-07,Standard Class,CU-10779,Karen Thomas,Consumer,East,New York,New York City,Office Supplies,Binders,137.68,3,0.0,46.88
ORD-2022093,2023-03-28,2023-03-30,First Class,CU-10109,Robert Lee,Consumer,Central,Illinois,Chicago,Technology,Accessories,576.87,4,0.2,-20.65
ORD-2022671,2023-11-16,2023-11-21,Standard Class,CU-10125,Nancy Wilson,Home Office,East,Massachusetts,Boston,Office Supplies,Fasteners,12.5,5,0.0,3.39
ORD-2023832,2023-07-06,2023-07-13,Standard Class,CU-10207,Susan Rodriguez,Consumer,East,New York,New York City,Office Supplies,Art,15.56,4,0.0,4.85
ORD-2022661,2024-11-04,2024-11-10,Standard Class,CU-10239,Linda Wilson,Corporate,East,New York,New York City,Office Supplies,Paper,17.33,1,0.15,2.3
ORD-2024818,2023-06-13,2023-06-20,Standard Class,CU-10039,Robert Davis,Consumer,East,New York,Buffalo,Office Supplies,Storage,68.62,3,0.0,25.16
ORD-2022037,2023-08-11,2023-08-14,Second Class,CU-10634,Elizabeth Jackson,Consumer,East,New York,New York City,Office Supplies,Art,4.02,1,0.2,-0.48
ORD-2023406,2024-12-14,2024-12-19,Standard Class,CU-10344,Linda Davis,Consumer,East,Pennsylvania,Philadelphia,Furniture,Bookcases,1718.88,3,0.4,-1105.88
ORD-2024750,2022-11-07,2022-11-08,First Class,CU-10350,James Jones,Corporate,South,Georgia,Atlanta,Technology,Accessories,380.24,2,0.1,19.19
ORD-2024242,2023-03-10,2023-03-17,Standard Class,CU-10547,Steven Moore,Corporate,Central,Texas,Houston,Technology,Machines,8360.07,3,0.2,-134.09
ORD-2022393,2024-02-10,2024-02-13,Standard Class,CU-10380,Karen Williams,Home Office,South,Florida,Miami,Office Supplies,Paper,48.06,2,0.0,15.68
ORD-2026484,2024-10-13,2024-10-15,Second Class,CU-10234,Amy Martin,Consumer,West,Washington,Seattle,Office Supplies,Art,35.89,2,0.0,10.84
ORD-2024201,2024-12-01,2024-12-04,Standard Class,CU-10238,Michael Williams,Corporate,West,Arizona,Phoenix,Technology,Copiers,3939.52,4,0.1,362.46
ORD-2024051,2022-02-03,2022-02-04,First Class,CU-10241,James Jones,Consumer,East,Massachusetts,Boston,Furniture,Chairs,821.21,2,0.2,-162.22
ORD-2025155,2022-12-31,2023-01-01,First Class,CU-10542,Patricia Miller,Consumer,Central,Michigan,Detroit,Technology,Phones,2980.12,4,0.15,-16.47
ORD-2022657,2022-12-15,2022-12-22,Standard Class,CU-10333,Nancy Thomas,Home Office,Central,Michigan,Detroit,Technology,Phones,5266.17,5,0.0,1299.03
ORD-2023404,2022-10-04,2022-10-08,Standard Class,CU-10603,Amy Wilson,Home Office,Central,Illinois,Chicago,Furniture,Furnishings,738.76,8,0.3,-314.05
ORD-2024671,2023-07-01,2023-07-03,First Class,CU-10746,James Hernandez,Corporate,West,Arizona,Phoenix,Technology,Accessories,899.21,3,0.15,20.37
ORD-2026371,2022-07-08,2022-07-14,Standard Class,CU-10072,Steven Brown,Consumer,East,Massachusetts,Boston,Office Supplies,Fasteners,11.88,1,0.0,3.59
ORD-2023626,2023-03-14,2023-03-21,Standard Class,CU-10680,David Anderson,Home Office,East,New York,Buffalo,Office Supplies,Labels,3.94,1,0.1,0.68
ORD-2022187,2022-06-03,2022-06-09,Standard Class,CU-10421,Sandra Brown,Consumer,West,Washington,Seattle,Office Supplies,Labels,12.7,1,0.2,2.44
ORD-2026294,2024-08-11,2024-08-13,First Class,CU-10154,Sandra Rodriguez,Consumer,East,Pennsylvania,Philadelphia,Office Supplies,Art,138.28,7,,23.8
ORD-2025846,2024-04-22,2024-04-28,Standard Class,CU-10541,John Brown,Home Office,West,Arizona,Phoenix,Furniture,Tables,3148.11,3,0.0,624.06
ORD-2024024,2023-07-14,2023-07-18,Standard Class,CU-10166,Nancy Moore,Corporate,East,Massachusetts,Boston,Office Supplies,Art,46.36,2,0.2,5.24
ORD-2022389,2024-09-28,2024-09-30,First Class,CU-10364,Amy Anderson,Consumer,South,Tennessee,Nashville,Office Supplies,Labels,19.09,2,0.15,2.65
ORD-2025679,2022-04-05,2022-04-08,Second Class,CU-10438,Laura Wilson,Consumer,Central,Michigan,Detroit,Technology,Phones,1437.9,4,0.1,246.8
ORD-2022955,2024-11-04,2024-11-08,Standard Class,CU-10700,Laura Garcia,Consumer,Central,Ohio,Columbus,Office Supplies,Fasteners,80.57,6,0.3,-1.95
ORD-2025387,2024-12-05,2024-12-10,Standard Class,CU-10044,Robert Davis,Consumer,West,California,San Francisco,Office Supplies,Paper,90.21,7,0.2,7.71
ORD-2024070,2024-10-08,2024-10-13,Standard Class,CU-10798,Michael Garcia,Consumer,West,California,San Francisco,Furniture,Tables,1136.11,1,0.4,-688.47
ORD-2022256,2024-08-21,2024-08-28,Standard Class,CU-10433,Linda Garcia,Consumer,East,Pennsylvania,Philadelphia,Office Supplies,Paper,22.42,6,0.1,3.75
ORD-2024601,2024-01-03,2024-01-09,Standard Class,CU-10022,Laura Taylor,Consumer,East,New York,Buffalo,Office Supplies,Binders,40.44,1,0.0,14.2
ORD-2023060,2024-12-09,2024-12-09,Same Day,CU-10123,Jason Jackson,Corporate,East,Massachusetts,Boston,Office Supplies,Art,30.34,1,0.1,5.54
ORD-2022006,2024-06-03,2024-06-04,First Class,CU-10808,Laura Brown,Consumer,Central,Ohio,Columbus,Furniture,Chairs,315.93,2,0.15,-10.08
ORD-2023674,2024-07-01,2024-07-05,Standard Class,CU-10603,Amy Wilson,Corporate,East,New York,New York City,Technology,Phones,700.18,1,0.0,157.98
ORD-2023690,2024-07-10,2024-07-12,First Class,CU-10751,Sandra Johnson,Corporate,Central,Michigan,Detroit,Office Supplies,Paper,16.62,1,0.2,0.22
ORD-2024726,2024-07-07,2024-07-12,Standard Class,CU-10109,Robert Lee,Consumer,South,Florida,Miami,Furniture,Tables,624.1,1,0.3,-267.56
ORD-2023206,2023-11-30,2023-12-02,Second Class,CU-10516,Amy Hernandez,Consumer,West,Arizona,Phoenix,Technology,Machines,12941.01,5,0.1,971.65
ORD-2025702,2023-11-15,2023-11-15,Same Day,CU-10755,Karen Jackson,Consumer,East,New York,New York City,Technology,Copiers,3468.92,5,0.0,803.33
ORD-2022079,2024-07-05,2024-07-12,Standard Class,CU-10416,Elizabeth Thomas,Consumer,West,Washington,Seattle,Furniture,Tables,953.48,3,0.0,269.62
ORD-2022224,2022-12-09,2022-12-11,First Class,CU-10822,Amy Jackson,Consumer,Central,Michigan,Detroit,Office Supplies,Labels,5.45,1,0.3,0.13
ORD-2022785,2023-02-28,2023-03-02,First Class,CU-10815,Robert Davis,Home Office,West,California,San Francisco,Office Supplies,Storage,625.8,4,0.1,100.88
ORD-2022613,2024-12-24,2024-12-26,Second Class,CU-10536,Elizabeth Jackson,Consumer,East,Pennsylvania,Philadelphia,Office Supplies,Fasteners,14.26,1,0.0,4.8
ORD-2025773,2024-08-23,2024-08-29,Standard Class,CU-10271,Linda Davis,Consumer,Central,Illinois,Chicago,Technology,Copiers,1675.27,1,0.1,101.39
ORD-2022203,2022-08-13,2022-08-16,Second Class,CU-10509,Steven Rodriguez,Consumer,South,Georgia,Atlanta,Office Supplies,Binders,272.66,5,0.15,4.51
ORD-2025544,2022-12-30,2023-01-01,First Class,CU-10109,Robert Lee,Consumer,West,California,Los Angeles,Office Supplies,Storage,324.82,2,0.1,84.15
ORD-2023216,2022-12-23,2022-12-24,,CU-10083,Ashley Lee,Home Office,East,Massachusetts,Boston,Office Supplies,Art,35.08,2,0.0,9.13
ORD-2022778,2024-06-20,2024-06-27,Standard Class,CU-10470,Karen Wilson,Corporate,East,New York,Buffalo,Office Supplies,Art,159.37,4,0.1,30.27
ORD-2024730,2022-01-06,2022-01-12,Standard Class,CU-10281,Sandra Lee,Home Office,West,California,Los Angeles,Office Supplies,Paper,48.9,5,0.1,12.64
ORD-2022019,2023-12-15,2023-12-20,Standard Class,CU-10747,David Jones,Corporate,West,Arizona,Phoenix,Furniture,Tables,568.42,1,0.0,71.44
ORD-2025727,2022-11-20,2022-11-23,Second Class,CU-10333,Nancy Thomas,Consumer,South,Florida,Miami,Technology,Machines,6916.14,3,0.0,1718.46
ORD-2025444,2024-10-29,2024-10-31,Second Class,CU-10146,Sandra Martin,Corporate,East,New York,New York City,Furniture,Chairs,1130.9,3,0.0,206.95
ORD-2022957,2023-09-29,2023-10-01,First Class,CU-10000,David Smith,Home Office,West,California,Los Angeles,Technology,Phones,267.57,1,0.1,27.63
ORD-2024734,2022-12-02,2022-12-06,Standard Class,CU-10035,Robert Johnson,Consumer,West,California,San Francisco,Office Supplies,Binders,11.92,2,0.1,1.81
ORD-2025559,2023-09-25,2023-09-29,Second Class,CU-10618,Jason Johnson,Corporate,South,North Carolina,Charlotte,Furniture,Chairs,1097.95,2,0.4,-515.43
ORD-2024620,2024-10-28,2024-10-28,Same Day,CU-10452,Nancy Jones,Consumer,South,Georgia,Atlanta,Office Supplies,Binders,23.65,1,0.2,0.48
ORD-2024733,2023-01-02,2023-01-04,Second Class,CU-10177,David Williams,Consumer,West,California,San Francisco,Technology,Copiers,2567.52,2,0.2,-228.49
ORD-2024099,2022-11-14,2022-11-19,Standard Class,CU-10488,John Martin,Corporate,Central,Texas,Houston,Technology,Copiers,3316.99,2,0.3,-33.68
ORD-2026297,2023-11-24,2023-11-26,Second Class,CU-10621,Karen Miller,Corporate,Central,Texas,Houston,Office Supplies,Labels,17.79,4,0.0,5.8
ORD-2022314,2023-03-07,2023-03-11,Second Class,CU-10326,Steven Brown,Corporate,South,Tennessee,Nashville,Technology,Accessories,1260.4,7,0.3,-248.94
ORD-2024197,2023-09-23,2023-09-29,Standard Class,CU-10795,Laura Lopez,Home Office,East,Pennsylvania,Philadelphia,Furniture,Tables,2248.14,2,0.4,-1210.8
ORD-2024281,2022-10-03,2022-10-10,Standard Class,CU-10320,Elizabeth Thomas,Corporate,West,California,Los Angeles,Office Supplies,Labels,47.84,4,0.0,14.97
ORD-2025242,2024-11-22,2024-11-26,,CU-10326,Steven Brown,Consumer,Central,Illinois,Chicago,Technology,Accessories,283.94,2,0.1,14.44
ORD-2025551,2023-11-04,2023-11-11,Standard Class,CU-10632,Sandra Jones,Consumer,East,New York,New York City,Technology,Machines,7307.68,3,0.1,436.9
ORD-2023333,2024-12-15,2024-12-19,Standard Class,CU-10086,Mary Hernandez,Consumer,East,Massachusetts,Boston,Office Supplies,Storage,324.21,4,0.1,61.84
ORD-2023373,2024-08-10,2024-08-13,Second Class,CU-10276,Barbara Rodriguez,Consumer,Central,Illinois,Chicago,Technology,Copiers,20661.77,5,0.15,1718.47
ORD-2025826,2022-12-02,2022-12-08,Standard Class,CU-10293,Jason Lee,Consumer,West,Washington,Seattle,Office Supplies,Binders,18.09,1,0.0,5.53
ORD-2024118,2022-06-23,2022-06-27,Second Class,CU-10272,Nancy Smith,Consumer,South,Florida,Miami,Office Supplies,Paper,27.78,4,0.0,8.92
ORD-2024667,2022-04-29,2022-05-02,Second Class,CU-10259,Jason Martin,Corporate,East,New York,New York City,Furniture,Chairs,644.12,2,0.15,-69.13
ORD-2024940,2024-12-25,2024-12-28,Standard Class,CU-10726,Jason Williams,Corporate,East,Massachusetts,Boston,Technology,Accessories,851.32,4,0.0,174.4
ORD-2023457,2023-06-18,2023-06-24,Standard Class,CU-10823,Elizabeth Smith,Consumer,East,Massachusetts,Boston,Office Supplies,Art,12.44,3,0.1,2.45
ORD-2022799,2024-03-18,2024-03-20,First Class,CU-10086,Mary Hernandez,Corporate,East,Massachusetts,Boston,Office Supplies,Supplies,452.69,5,0.15,55.96
ORD-2026119,2023-08-22,2023-08-24,First Class,CU-10526,Kevin Rodriguez,Home Office,West,California,San Francisco,Office Supplies,Supplies,499.8,6,0.15,60.93
ORD-2022464,2023-11-17,2023-11-21,Second Class,CU-10338,Steven Williams,Corporate,West,Arizona,Phoenix,Office Supplies,Art,16.59,1,0.1,3.51
ORD-2023723,2023-11-09,2023-11-16,Standard Class,CU-10040,Jason Smith,Home Office,East,Massachusetts,Boston,Technology,Phones,1106.76,4,0.2,17.68
ORD-2025732,2023-11-15,2023-11-18,Standard Class,CU-10543,Karen Davis,Corporate,South,North Carolina,Charlotte,Technology,Phones,7012.41,6,,1351.76
ORD-2023584,2023-12-03,2023-12-08,Standard Class,CU-10792,Susan Jackson,Home Office,East,Pennsylvania,Philadelphia,Technology,Accessories,145.39,2,0.0,39.21
ORD-2022895,2024-11-01,2024-11-07,Standard Class,CU-10578,Robert Miller,Consumer,West,Washington,Seattle,Office Supplies,Binders,35.83,2,0.0,10.82
ORD-2023296,2022-06-03,2022-06-07,Standard Class,CU-10650,Mary Anderson,Home Office,Central,Texas,Houston,Furniture,Chairs,2905.87,7,0.1,-74.48
ORD-2022231,2023-05-22,2023-05-29,Standard Class,CU-10704,Elizabeth Brown,Home Office,Central,Ohio,Columbus,Furniture,Furnishings,105.42,2,0.2,-13.29
ORD-2024121,2022-03-06,2022-03-09,Standard Class,CU-10096,Amy Rodriguez,Consumer,East,New York,Buffalo,Technology,Machines,2627.72,3,0.15,175.01
ORD-2025829,2023-12-11,2023-12-13,Second Class,CU-10070,Susan Miller,Consumer,Central,Texas,Houston,Furniture,Chairs,981.99,2,0.2,-249.75
ORD-2024334,2023-06-04,2023-06-05,First Class,CU-10403,Amy Jackson,Home Office,West,Washington,Seattle,Technology,Accessories,296.25,4,0.0,43.76
ORD-2025931,2023-11-22,2023-11-23,First Class,CU-10695,Robert Lee,Corporate,Central,Illinois,Chicago,Technology,Accessories,559.84,3,0.0,104.94
ORD-2023504,2024-08-15,2024-08-17,First Class,CU-10455,Jason Jones,Consumer,West,California,Los Angeles,Furniture,Bookcases,1162.25,3,0.1,-73.18
ORD-2022119,2023-12-13,2023-12-19,Standard Class,CU-10580,Steven Brown,Consumer,East,Pennsylvania,Philadelphia,Office Supplies,Supplies,195.43,2,0.0,76.7
ORD-2023441,2022-03-30,2022-04-06,Standard Class,CU-10189,Kevin Thomas,Consumer,West,California,Los Angeles,Office Supplies,Art,192.18,5,0.0,61.02
ORD-2026303,2023-02-05,2023-02-05,Same Day,CU-10071,Mary Jackson,Corporate,Central,Illinois,Chicago,Furniture,Bookcases,360.89,3,0.3,-139.16
ORD-2024560,2023-12-08,2023-12-10,Second Class,CU-10602,Sandra Smith,Corporate,East,New York,New York City,Technology,Copiers,11816.81,3,0.2,427.96
ORD-2022963,2022-07-18,2022-07-20,Second Class,CU-10591,James Taylor,Consumer,West,Washington,Seattle,Office Supplies,Labels,29.3,2,0.15,4.06
ORD-2024565,2023-04-19,2023-04-21,Second Class,CU-10144,Michael Garcia,Corporate,South,Tennessee,Nashville,Office Supplies,Binders,12.07,4,0.0,4.37
ORD-2026009,2023-12-06,2023-12-11,Standard Class,CU-10604,Ashley Moore,Corporate,South,Georgia,Atlanta,Office Supplies,Paper,22.77,1,0.1,5.68
ORD-2025189,2022-12-10,2022-12-17,Standard Class,CU-10555,Susan Garcia,Consumer,West,California,San Francisco,Technology,Accessories,534.83,4,0.2,9.76
ORD-2026040,2023-06-24,2023-06-29,Standard Class,CU-10820,Barbara Johnson,Home Office,Central,Texas,Houston,Office Supplies,Art,23.1,1,0.1,6.36
ORD-2022940,2022-11-28,2022-12-01,Standard Class,CU-10410,Kevin Williams,Consumer,Central,Texas,Houston,Office Supplies,Paper,48.93,2,0.0,12.26
ORD-2022791,2023-05-14,2023-05-20,,CU-10392,Barbara Rodriguez,Corporate,Central,Michigan,Detroit,Office Supplies,Storage,1000.93,4,0.1,147.68
ORD-2022854,2022-10-29,2022-11-04,Standard Class,CU-10271,Linda Davis,Consumer,Central,Illinois,Chicago,Office Supplies,Fasteners,33.51,3,0.0,12.73
ORD-2025492,2024-10-04,2024-10-09,Standard Class,CU-10434,Barbara Wilson,Consumer,East,Pennsylvania,Philadelphia,Office Supplies,Art,33.69,1,0.0,9.39
ORD-2023011,2023-11-29,2023-12-03,Second Class,CU-10215,Mary Brown,Corporate,West,California,San Francisco,Office Supplies,Art,11.23,3,0.1,2.76
ORD-2022906,2023-09-06,2023-09-13,Standard Class,CU-10439,Susan Brown,Home Office,West,California,Los Angeles,Office Supplies,Fasteners,12.77,1,0.2,0.44
ORD-2023533,2024-03-14,2024-03-16,Second Class,CU-10188,David Jackson,Consumer,West,Washington,Seattle,Office Supplies,Paper,36.8,4,0.0,12.3
ORD-2022773,2024-09-27,2024-10-02,Standard Class,CU-10146,Sandra Martin,Home Office,South,Tennessee,Nashville,Office Supplies,Storage,289.05,6,0.0,101.98
ORD-2022325,2023-12-25,2023-12-27,First Class,CU-10099,James Davis,Consumer,West,California,Los Angeles,Office Supplies,Binders,288.85,5,0.3,-12.45
ORD-2026131,2023-12-13,2023-12-14,First Class,CU-10709,Ashley Johnson,Home Office,South,Florida,Miami,Technology,Copiers,4343.36,2,0.0,1232.95
ORD-2026213,2022-06-30,2022-07-01,First Class,CU-10102,Nancy Lee,Corporate,Central,Texas,Houston,Technology,Phones,7398.32,8,0.0,1766.13
ORD-2025018,2022-12-28,2023-01-01,Standard Class,CU-10449,Sandra Anderson,Consumer,West,Washington,Seattle,Furniture,Furnishings,96.35,1,0.3,-31.3
ORD-2025326,2023-05-04,2023-05-07,Standard Class,CU-10197,Patricia Martinez,Consumer,Central,Texas,Houston,Office Supplies,Labels,60.55,6,0.1,15.21
ORD-2024948,2024-12-11,2024-12-16,Standard Class,CU-10731,James Martin,Consumer,South,North Carolina,Charlotte,Office Supplies,Storage,217.48,3,0.0,66.89
ORD-2022201,2024-12-18,2024-12-18,Same Day,CU-10023,Jason Jackson,Consumer,East,Massachusetts,Boston,Office Supplies,Binders,175.94,3,0.2,19.38
ORD-2025711,2024-05-30,2024-05-31,First Class,CU-10691,John Anderson,Home Office,East,New York,New York City,Office Supplies,Art,75.58,7,0.0,22.27
ORD-2025312,2023-10-30,2023-11-03,Second Class,CU-10473,Sandra Jackson,Home Office,West,California,Los Angeles,Furniture,Tables,4944.15,4,0.15,-267.22
ORD-2023857,2022-12-09,2022-12-12,Second Class,CU-10161,Steven Martin,Corporate,West,Arizona,Phoenix,Office Supplies,Art,63.22,3,0.1,13.87
ORD-2026094,2022-11-03,2022-11-04,First Class,CU-10743,Jason Garcia,Corporate,West,California,San Francisco,Office Supplies,Supplies,628.1,6,0.0,195.26
ORD-2023907,2022-05-01,2022-05-08,Standard Class,CU-10297,David Martinez,Consumer,East,Massachusetts,Boston,Office Supplies,Labels,20.87,4,0.15,4.14
ORD-2025159,2022-12-21,2022-12-25,Second Class,CU-10825,Susan Williams,Consumer,West,California,San Francisco,Office Supplies,Supplies,79.42,1,0.15,17.33
ORD-2022416,2022-08-12,2022-08-16,Standard Class,CU-10487,Karen Brown,Home Office,Central,Ohio,Columbus,Furniture,Chairs,448.07,2,0.1,-9.12
ORD-2023587,2023-11-06,2023-11-10,Standard Class,CU-10450,Karen Jones,Home Office,West,Arizona,Phoenix,Furniture,Chairs,427.88,1,0.15,-58.14
ORD-2026386,2022-12-17,2022-12-22,Standard Class,CU-10346,Karen Williams,Consumer,Central,Michigan,Detroit,Office Supplies,Art,30.51,1,0.0,11.59
ORD-2022796,2022-02-09,2022-02-12,Standard Class,CU-10813,Linda Wilson,Home Office,East,New York,Buffalo,Office Supplies,Paper,43.73,3,0.2,2.19
ORD-2024185,2022-09-14,2022-09-14,Same Day,CU-10147,Patricia Jones,Home Office,Central,Illinois,Chicago,Furniture,Chairs,1583.09,5,0.4,-894.2
ORD-2023499,2023-12-30,2024-01-01,Second Class,CU-10423,Karen Jackson,Home Office,West,Washington,Seattle,Technology,Copiers,7892.01,2,0.0,2086.42
ORD-2024182,2024-09-15,2024-09-16,First Class,CU-10742,Robert Miller,Home Office,Central,Michigan,Detroit,Office Supplies,Labels,10.81,3,0.3,0.5
ORD-2025216,2023-02-14,2023-02-16,First Class,CU-10357,Sandra Wilson,Consumer,West,California,Los Angeles,Office Supplies,Art,74.36,2,0.1,16.0
ORD-2024914,2023-07-14,2023-07-19,Standard Class,CU-10229,Kevin Rodriguez,Consumer,West,Washington,Seattle,Technology,Phones,2620.02,4,0.1,294.56
ORD-2025273,2024-03-21,2024-03-28,Standard Class,CU-10178,Ashley Johnson,Consumer,East,Pennsylvania,Philadelphia,Technology,Copiers,1120.99,2,0.1,189.98
ORD-2022338,2022-05-20,2022-05-27,Standard Class,CU-10020,Ashley Johnson,Consumer,East,New York,New York City,Office Supplies,Art,132.41,4,0.0,38.98
ORD-2026242,2023-08-12,2023-08-16,Standard Class,CU-10382,Kevin Wilson,Home Office,South,Florida,Miami,Office Supplies,Storage,273.69,2,0.0,61.5
ORD-2024498,2024-08-25,2024-08-29,,CU-10747,David Jones,Corporate,West,Washington,Seattle,Office Supplies,Binders,241.64,8,0.0,84.16
ORD-2022719,2024-12-10,2024-12-15,Standard Class,CU-10847,Kevin Thomas,Corporate,West,California,Los Angeles,Technology,Machines,14417.92,7,0.1,427.52
ORD-2022910,2024-06-08,2024-06-13,Standard Class,CU-10523,Barbara Wilson,Corporate,West,Arizona,Phoenix,Office Supplies,Art,12.41,1,0.2,1.54
ORD-2025710,2024-10-17,2024-10-18,First Class,CU-10213,David Martin,Consumer,West,Arizona,Phoenix,Office Supplies,Storage,300.1,3,0.2,28.27
ORD-2023939,2022-03-20,2022-03-23,Standard Class,CU-10001,Sandra Martinez,Corporate,Central,Ohio,Columbus,Office Supplies,Storage,197.87,1,0.15,32.75
ORD-2025668,2023-03-26,2023-03-31,Standard Class,CU-10022,Laura Taylor,Corporate,Central,Texas,Houston,Office Supplies,Fasteners,13.3,3,0.0,4.25
ORD-2024579,2024-11-25,2024-11-30,Standard Class,CU-10839,John Garcia,Consumer,Central,Illinois,Chicago,Technology,Machines,11107.3,5,0.2,13.58
ORD-2026180,2024-04-13,2024-04-17,Standard Class,CU-10180,Ashley Martin,Consumer,South,Georgia,Atlanta,Office Supplies,Fasteners,36.53,3,0.1,7.07
ORD-2023447,2023-10-20,2023-10-23,,CU-10206,Steven Johnson,Corporate,West,California,San Francisco,Office Supplies,Paper,86.98,6,0.1,17.94
ORD-2024361,2022-04-03,2022-04-04,First Class,CU-10105,Ashley Miller,Home Office,Central,Texas,Houston,Office Supplies,Labels,3.09,1,0.15,0.51
ORD-2023375,2022-05-14,2022-05-17,Standard Class,CU-10831,Linda Thomas,Home Office,West,California,San Francisco,Technology,Copiers,22841.02,6,0.15,1862.96
ORD-2022605,2024-07-03,2024-07-06,Second Class,CU-10768,Robert Martin,Consumer,East,Massachusetts,Boston,Technology,Phones,726.67,1,0.0,231.45
ORD-2026053,2023-07-03,2023-07-07,Standard Class,CU-10842,Nancy Jackson,Consumer,South,Georgia,Atlanta,Office Supplies,Paper,37.43,6,0.0,11.69
ORD-2023675,2024-12-02,2024-12-02,Same Day,CU-10677,Nancy Smith,Consumer,East,Pennsylvania,Philadelphia,Furniture,Tables,1489.25,2,0.1,46.74
ORD-2023230,2022-11-01,2022-11-05,Standard Class,CU-10144,Michael Garcia,Home Office,East,Pennsylvania,Philadelphia,Technology,Accessories,214.24,1,0.0,65.75
ORD-2024663,2022-11-18,2022-11-24,Standard Class,CU-10496,Jason Brown,Consumer,South,Georgia,Atlanta,Furniture,Chairs,206.78,1,0.2,-57.29
ORD-2022302,2023-10-19,2023-10-21,Second Class,CU-10027,Laura Anderson,Consumer,West,Washington,Seattle,Technology,Machines,1821.94,3,0.2,149.76
ORD-2024410,2024-02-01,2024-02-08,Standard Class,CU-10006,Kevin Rodriguez,Consumer,Central,Illinois,Chicago,Office Supplies,Binders,141.7,3,0.0,40.45
ORD-2025638,2024-08-04,2024-08-10,Standard Class,CU-10451,Linda Thomas,Consumer,East,Pennsylvania,Philadelphia,Technology,Accessories,112.63,1,0.15,3.48
ORD-2023875,2024-07-26,2024-07-31,Standard Class,CU-10817,Mary Martin,Corporate,Central,Michigan,Detroit,Technology,Phones,1976.44,7,0.0,511.65
ORD-2025141,2022-09-17,2022-09-22,Standard Class,CU-10437,Amy Thomas,Corporate,East,Massachusetts,Boston,Technology,Machines,1343.29,1,0.15,-81.98
ORD-2022960,2023-10-20,2023-10-21,First Class,CU-10623,Linda Lopez,Consumer,West,California,Los Angeles,Office Supplies,Art,52.31,2,0.0,12.65
ORD-2022881,2023-12-01,2023-12-03,First Class,CU-10041,Patricia Smith,Corporate,East,New York,New York City,Technology,Copiers,12232.68,8,0.1,1960.71
ORD-2022362,2022-07-05,2022-07-07,First Class,CU-10019,Laura Jones,Consumer,East,New York,New York City,Office Supplies,Paper,10.49,5,0.0,3.41
ORD-2024999,2022-06-08,2022-06-11,Standard Class,CU-10532,Mary Smith,Consumer,West,California,Los Angeles,Office Supplies,Supplies,133.97,2,0.15,20.57
ORD-2026445,2023-07-17,2023-07-22,Standard Class,CU-10213,David Martin,Corporate,West,Arizona,Phoenix,Technology,Accessories,1060.68,5,0.1,118.55
ORD-2023334,2024-12-14,2024-12-18,Standard Class,CU-10697,Linda Miller,Corporate,West,California,Los Angeles,Technology,Copiers,5461.6,3,0.2,-25.45
ORD-2023268,2023-09-09,2023-09-09,Same Day,CU-10775,Laura Taylor,Consumer,East,New York,New York City,Office Supplies,Fasteners,24.99,2,0.0,6.34
ORD-2026025,2024-12-06,2024-12-07,First Class,CU-10527,David Miller,Corporate,Central,Michigan,Detroit,Technology,Phones,641.13,1,0.0,132.66
ORD-2022857,2024-10-29,2024-11-04,Standard Class,CU-10240,Karen Jones,Corporate,South,Tennessee,Nashville,Technology,Copiers,6121.73,3,0.1,397.94
ORD-2022517,2024-05-07,2024-05-09,Second Class,CU-10217,David Lopez,Consumer,East,New York,Buffalo,Office Supplies,Binders,16.7,1,0.0,4.31
ORD-2024418,2022-04-25,2022-04-28,Second Class,CU-10179,Kevin Jackson,Consumer,South,Florida,Miami,Office Supplies,Supplies,39.0,2,0.1,7.97
ORD-2022481,2022-11-02,2022-11-06,Standard Class,CU-10596,James Anderson,Consumer,Central,Ohio,Columbus,Office Supplies,Paper,10.61,2,0.0,3.11
ORD-2024936,2022-12-26,2023-01-01,Standard Class,CU-10707,Michael Martin,Corporate,West,Arizona,Phoenix,Technology,Phones,879.72,2,0.3,-280.45
ORD-2024114,2022-01-29,2022-02-03,Standard Class,CU-10365,Jason Williams,Consumer,South,Florida,Miami,Office Supplies,Fasteners,7.69,4,0.0,2.7
ORD-2025896,2022-12-21,2022-12-23,First Class,CU-10075,Steven Brown,Consumer,East,Massachusetts,Boston,Office Supplies,Labels,8.94,2,0.1,2.06
ORD-2022710,2024-12-29,2024-12-30,First Class,CU-10155,Kevin Jackson,Consumer,South,Florida,Miami,Office Supplies,Art,19.51,3,0.0,7.76
ORD-2026437,2022-11-13,2022-11-16,Standard Class,CU-10548,Laura Brown,Consumer,Central,Texas,Houston,Furniture,Tables,1034.77,1,0.1,44.16
ORD-2022440,2024-09-29,2024-10-04,Standard Class,CU-10174,James Anderson,Corporate,East,Pennsylvania,Philadelphia,Office Supplies,Fasteners,49.12,3,0.15,6.78
ORD-2026167,2023-04-30,2023-05-02,First Class,CU-10431,Amy Wilson,Home Office,West,Washington,Seattle,Office Supplies,Paper,35.13,8,0.2,0.49
ORD-2025870,2023-03-13,2023-03-19,Standard Class,CU-10670,Nancy Thomas,Consumer,Central,Illinois,Chicago,Office Supplies,Storage,84.63,5,0.15,15.8
ORD-2024771,2024-07-28,2024-08-04,Standard Class,CU-10847,Kevin Thomas,Corporate,Central,Michigan,Detroit,Furniture,Tables,687.11,1,0.15,-50.0
ORD-2023262,2022-12-27,2022-12-29,First Class,CU-10435,Nancy Brown,Consumer,East,New York,Buffalo,Office Supplies,Binders,69.78,2,0.0,22.42
ORD-2026084,2023-10-24,2023-10-24,Same Day,CU-10554,Susan Moore,Consumer,West,California,San Francisco,Furniture,Furnishings,38.92,1,0.2,-9.2
ORD-2023729,2023-04-19,2023-04-23,Standard Class,CU-10074,David Moore,Consumer,Central,Ohio,Columbus,Furniture,Bookcases,4229.81,8,0.0,701.69
ORD-2023822,2023-10-11,2023-10-17,Standard Class,CU-10311,John Anderson,Consumer,Central,Michigan,Detroit,Office Supplies,Fasteners,21.19,2,0.0,6.65
ORD-2025181,2022-11-24,2022-11-27,Standard Class,CU-10767,Amy Jackson,Consumer,East,New York,Buffalo,Furniture,Furnishings,642.73,8,0.3,-249.14
ORD-2024494,2024-11-02,2024-11-05,Second Class,CU-10792,Susan Jackson,Consumer,South,North Carolina,Charlotte,Office Supplies,Binders,82.91,2,0.0,19.13
ORD-2026183,2023-08-23,2023-08-29,Standard Class,CU-10788,Amy Miller,Consumer,East,Pennsylvania,Philadelphia,Office Supplies,Fasteners,54.22,3,0.2,6.36
ORD-2022169,2024-12-09,2024-12-15,Standard Class,CU-10089,Patricia Jackson,Corporate,West,Washington,Seattle,Furniture,Furnishings,110.18,1,0.0,7.98
ORD-2025828,2024-12-01,2024-12-05,Second Class,CU-10651,Robert Johnson,Corporate,East,Pennsylvania,Philadelphia,Office Supplies,Paper,22.99,1,0.0,9.09
ORD-2022813,2023-11-21,2023-11-25,Second Class,CU-10528,Ashley Lopez,Consumer,South,Georgia,Atlanta,Office Supplies,Fasteners,1.66,1,0.15,0.17
ORD-2024190,2022-07-03,2022-07-04,First Class,CU-10611,David Wilson,Corporate,South,Georgia,Atlanta,Office Supplies,Art,3.76,1,0.15,0.83
ORD-2024793,2024-12-26,2024-12-29,Standard Class,CU-10590,Steven Rodriguez,Home Office,East,New York,Buffalo,Furniture,Bookcases,1323.57,2,0.3,-442.58
ORD-2023385,2022-03-17,2022-03-18,First Class,CU-10236,Kevin Anderson,Corporate,South,Georgia,Atlanta,Technology,Copiers,5696.82,2,0.0,1225.09
ORD-2024032,2023-01-24,2023-01-26,First Class,CU-10302,David Smith,Consumer,East,Pennsylvania,Philadelphia,Technology,Copiers,12795.89,6,0.15,760.78
ORD-2025214,2022-08-17,2022-08-22,Standard Class,CU-10125,Nancy Wilson,Corporate,South,Tennessee,Nashville,Office Supplies,Storage,182.31,1,0.1,44.28
ORD-2022490,2024-03-10,2024-03-11,First Class,CU-10157,Robert Williams,Consumer,South,Georgia,Atlanta,Office Supplies,Paper,17.66,1,0.1,4.67
ORD-2023217,2023-11-10,2023-11-13,Standard Class,CU-10447,Barbara Taylor,Corporate,West,California,San Francisco,Office Supplies,Storage,87.74,1,0.0,26.64
ORD-2025465,2024-07-18,2024-07-22,Second Class,CU-10008,Elizabeth Taylor,Consumer,Central,Michigan,Detroit,Technology,Copiers,8362.01,3,0.3,-1686.85
ORD-2022757,2024-11-28,2024-12-01,Standard Class,CU-10739,Nancy Lopez,Consumer,West,Washington,Seattle,Furniture,Bookcases,148.63,1,0.0,33.53
ORD-2024474,2023-03-10,2023-03-15,Standard Class,CU-10208,David Brown,Consumer,Central,Illinois,Chicago,Furniture,Furnishings,283.72,2,0.1,-13.98
ORD-2024365,2024-02-08,2024-02-11,Standard Class,CU-10144,Michael Garcia,Corporate,West,California,San Francisco,Furniture,Tables,2053.8,6,0.0,537.52
ORD-2022351,2022-09-15,2022-09-15,Same Day,CU-10664,Nancy Wilson,Home Office,West,California,Los Angeles,Technology,Machines,6266.26,2,0.0,1181.44
ORD-2022186,2023-03-17,2023-03-21,Second Class,CU-10080,Sandra Anderson,Consumer,East,Pennsylvania,Philadelphia,Office Supplies,Supplies,67.34,1,,1.14
ORD-2023477,2024-12-29,2025-01-05,Standard Class,CU-10723,David Williams,Home Office,South,North Carolina,Charlotte,Office Supplies,Paper,39.12,4,0.0,10.69
ORD-2022194,2022-08-26,2022-08-28,Second Class,CU-10426,Steven Jones,Consumer,East,Massachusetts,Boston,Technology,Accessories,231.05,1,0.2,-14.51
ORD-2022965,2023-08-20,2023-08-20,Same Day,CU-10508,Steven Thomas,Consumer,East,New York,Buffalo,Furniture,Bookcases,701.86,4,0.2,-111.09
ORD-2025344,2023-09-14,2023-09-17,Standard Class,CU-10032,Nancy Anderson,Consumer,West,Arizona,Phoenix,Office Supplies,Supplies,409.23,4,0.15,88.72
ORD-2023561,2023-12-06,2023-12-09,Second Class,CU-10438,Laura Wilson,Corporate,South,Georgia,Atlanta,Office Supplies,Storage,348.47,4,0.0,123.15
ORD-2022399,2023-06-24,2023-06-27,Second Class,CU-10637,John Smith,Consumer,East,Massachusetts,Boston,Office Supplies,Fasteners,16.92,1,0.3,-0.0
ORD-2026351,2022-04-26,2022-04-29,Standard Class,CU-10536,Elizabeth Jackson,Consumer,Central,Michigan,Detroit,Furniture,Chairs,208.41,1,0.2,-44.88
ORD-2022165,2023-03-13,2023-03-20,Standard Class,CU-10370,Michael Rodriguez,Home Office,South,North Carolina,Charlotte,Office Supplies,Paper,33.88,2,0.0,11.64
ORD-2024719,2023-11-06,2023-11-09,Second Class,CU-10454,Nancy Jones,Consumer,West,California,Los Angeles,Office Supplies,Art,19.55,1,0.15,1.93
ORD-2025068,2024-04-21,2024-04-24,Second Class,CU-10558,Laura Wilson,Corporate,West,California,San Francisco,Office Supplies,Art,104.07,4,0.0,30.02
ORD-2026198,2022-09-19,2022-09-21,First Class,CU-10107,Amy Jones,Corporate,South,Georgia,Atlanta,Furniture,Furnishings,250.15,6,0.1,-3.81
ORD-2024300,2024-12-07,2024-12-10,Standard Class,CU-10162,David Martinez,Consumer,Central,Texas,Houston,Office Supplies,Fasteners,30.56,2,0.2,6.05
ORD-2024073,2024-10-03,2024-10-05,First Class,CU-10216,Amy Miller,Consumer,Central,Texas,Houston,Office Supplies,Paper,101.05,5,0.15,8.8
ORD-2024293,2022-12-19,2022-12-20,First Class,CU-10774,David Davis,Consumer,West,California,Los Angeles,Office Supplies,Labels,28.75,4,0.2,3.3
ORD-2026405,2023-11-27,2023-11-27,Same Day,CU-10661,Barbara Martin,Corporate,East,Massachusetts,Boston,Technology,Accessories,43.6,2,,0.3
ORD-2024158,2023-05-15,2023-05-22,Standard Class,CU-10607,Steven Garcia,Corporate,West,California,San Francisco,Furniture,Bookcases,577.48,2,0.4,-394.5
ORD-2024098,2022-07-15,2022-07-20,Standard Class,CU-10489,Linda Williams,Consumer,Central,Texas,Houston,Furniture,Furnishings,195.15,2,0.1,1.58
ORD-2023521,2023-10-12,2023-10-15,Second Class,CU-10621,Karen Miller,Corporate,West,Arizona,Phoenix,Furniture,Chairs,377.12,1,0.3,-141.81
ORD-2024451,2024-04-05,2024-04-05,Same Day,CU-10470,Karen Wilson,Consumer,West,Arizona,Phoenix,Technology,Copiers,6306.25,6,0.0,1259.31
ORD-2026356,2024-12-09,2024-12-11,Second Class,CU-10129,Patricia Garcia,Consumer,West,Arizona,Phoenix,Technology,Phones,266.93,4,0.0,61.36
ORD-2024796,2023-12-13,2023-12-20,Standard Class,CU-10749,Sandra Moore,Home Office,West,Arizona,Phoenix,Furniture,Chairs,344.86,1,0.15,-36.52
ORD-2023453,2024-12-07,2024-12-08,First Class,CU-10542,Patricia Miller,Consumer,West,California,Los Angeles,Office Supplies,Paper,15.78,6,0.1,2.55
ORD-2023102,2024-07-25,2024-08-01,Standard Class,CU-10386,Steven Williams,Corporate,South,North Carolina,Charlotte,Office Supplies,Fasteners,15.8,1,0.1,3.03
ORD-2023692,2022-11-19,2022-11-22,Standard Class,CU-10656,David Miller,Corporate,East,Massachusetts,Boston,Office Supplies,Supplies,257.59,3,0.15,37.83
ORD-2024868,2024-11-28,2024-12-05,Standard Class,CU-10462,Mary Martinez,Home Office,West,Washington,Seattle,Office Supplies,Binders,33.49,1,0.0,10.01
ORD-2024813,2022-03-17,2022-03-22,Standard Class,CU-10680,David Anderson,Corporate,East,New York,New York City,Technology,Machines,2015.86,1,0.15,57.13
ORD-2026222,2023-01-03,2023-01-05,Second Class,CU-10425,Patricia Miller,Home Office,Central,Michigan,Detroit,Technology,Machines,6530.54,3,0.1,488.26
ORD-2023621,2023-09-30,2023-10-01,First Class,CU-10756,Laura Wilson,Consumer,West,Arizona,Phoenix,Technology,Phones,1991.85,2,0.15,58.47
ORD-2026126,2023-09-30,2023-10-05,Standard Class,CU-10688,Barbara Jackson,Corporate,Central,Texas,Houston,Furniture,Tables,1230.74,3,0.0,157.55
ORD-2024822,2022-04-06,2022-04-13,Standard Class,CU-10112,Mary Anderson,Corporate,Central,Texas,Houston,Office Supplies,Paper,6.25,1,,1.39
ORD-2022880,2023-05-07,2023-05-08,First Class,CU-10695,Robert Lee,Home Office,East,Pennsylvania,Philadelphia,Office Supplies,Paper,122.69,5,0.15,17.74
ORD-2022487,2022-11-07,2022-11-07,Same Day,CU-10520,Karen Martin,Home Office,West,California,Los Angeles,Technology,Phones,702.86,1,0.0,152.42
ORD-2024534,2024-12-11,2024-12-14,Standard Class,CU-10399,Ashley Taylor,Consumer,West,California,Los Angeles,Furniture,Bookcases,1178.47,2,0.5,-902.39
ORD-2023179,2022-10-25,2022-10-29,Standard Class,CU-10624,Kevin Lopez,Corporate,East,Massachusetts,Boston,Office Supplies,Fasteners,20.51,2,0.15,2.01
ORD-2023016,2024-01-25,2024-01-29,Second Class,CU-10716,John Davis,Corporate,West,California,San Francisco,Technology,Phones,819.31,2,0.0,246.3
ORD-2023895,2022-09-21,2022-09-25,Standard Class,CU-10823,Elizabeth Smith,Consumer,South,North Carolina,Charlotte,Furniture,Chairs,1313.85,8,0.0,272.14
ORD-2022255,2024-05-12,2024-05-18,Standard Class,CU-10586,Susan Taylor,Consumer,South,Florida,Miami,Office Supplies,Paper,14.23,2,0.1,2.8
ORD-2025147,2024-03-24,2024-03-30,Standard Class,CU-10633,Michael Martinez,Home Office,West,California,Los Angeles,Office Supplies,Labels,26.64,2,0.0,7.66
ORD-2023736,2024-11-03,2024-11-06,Standard Class,CU-10304,Barbara Moore,Consumer,South,North Carolina,Charlotte,Office Supplies,Paper,59.81,4,0.15,11.32
ORD-2022788,2024-07-27,2024-08-01,Standard Class,CU-10703,Linda Martinez,Home Office,West,California,Los Angeles,Office Supplies,Paper,38.94,3,0.1,6.26
ORD-2022901,2022-11-26,2022-11-27,First Class,CU-10660,Laura Lee,Consumer,West,Arizona,Phoenix,Technology,Machines,2625.65,1,0.3,-497.72
ORD-2023924,2022-11-06,2022-11-13,Standard Class,CU-10805,Elizabeth Wilson,Home Office,East,New York,Buffalo,Office Supplies,Art,32.92,2,0.0,12.35
ORD-2025649,2024-10-07,2024-10-13,Standard Class,CU-10526,Kevin Rodriguez,Corporate,Central,Michigan,Detroit,Office Supplies,Fasteners,1.15,1,,0.19
ORD-2025883,2023-07-25,2023-08-01,Standard Class,CU-10567,James Davis,Corporate,West,California,San Francisco,Office Supplies,Supplies,487.95,8,0.0,148.23
ORD-2026302,2024-12-30,2025-01-03,Standard Class,CU-10784,Jason Brown,Consumer,Central,Michigan,Detroit,Technology,Machines,2931.25,2,0.1,-35.86
ORD-2024165,2022-12-01,2022-12-04,Second Class,CU-10081,Sandra Taylor,Consumer,South,Tennessee,Nashville,Office Supplies,Storage,342.38,2,0.15,58.34
ORD-2022829,2022-11-22,2022-11-23,First Class,CU-10236,Kevin Anderson,Corporate,Central,Michigan,Detroit,Office Supplies,Storage,281.4,5,0.0,100.92
ORD-2025427,2024-10-29,2024-11-03,Standard Class,CU-10022,Laura Taylor,Consumer,Central,Texas,Houston,Office Supplies,Fasteners,11.41,2,0.0,3.92
ORD-2022456,2024-12-22,2024-12-23,First Class,CU-10261,Amy Hernandez,Consumer,Central,Michigan,Detroit,Technology,Machines,2895.42,3,0.0,830.67
ORD-2026366,2023-08-10,2023-08-15,Standard Class,CU-10208,David Brown,Home Office,West,California,Los Angeles,Technology,Accessories,351.14,4,0.0,90.76
ORD-2024088,2024-03-31,2024-04-02,First Class,CU-10341,David Rodriguez,Corporate,West,California,San Francisco,Office Supplies,Paper,19.31,1,0.0,6.18
ORD-2024456,2023-12-03,2023-12-09,Standard Class,CU-10662,Susan Williams,Home Office,Central,Illinois,Chicago,Office Supplies,Binders,184.7,7,0.0,59.97
ORD-2022574,2024-09-30,2024-09-30,Same Day,CU-10715,Karen Rodriguez,Home Office,East,New York,Buffalo,Furniture,Tables,3711.61,3,0.15,-324.37
ORD-2022587,2023-01-12,2023-01-19,,CU-10209,Mary Miller,Consumer,Central,Illinois,Chicago,Furniture,Furnishings,240.42,2,0.3,-97.53
ORD-2024716,2023-09-14,2023-09-21,Standard Class,CU-10277,Barbara Johnson,Consumer,East,New York,New York City,Office Supplies,Paper,13.55,5,0.0,4.61
ORD-2024937,2022-05-22,2022-05-29,Standard Class,CU-10141,Robert Smith,Consumer,South,Florida,Miami,Technology,Copiers,1939.5,1,0.2,133.45
ORD-2024941,2022-11-05,2022-11-12,Standard Class,CU-10270,James Wilson,Corporate,West,Arizona,Phoenix,Technology,Machines,10320.0,4,0.0,3141.23
ORD-2022874,2024-04-04,2024-04-07,Standard Class,CU-10720,Barbara Williams,Home Office,South,Florida,Miami,Office Supplies,Storage,1344.27,7,0.1,348.41
ORD-2024582,2022-05-08,2022-05-12,Standard Class,CU-10152,Barbara Williams,Consumer,East,Pennsylvania,Philadelphia,Office Supplies,Paper,126.1,8,0.0,40.63
ORD-2022909,2022-12-13,2022-12-19,Standard Class,CU-10031,Nancy Miller,Corporate,East,New York,Buffalo,Office Supplies,Fasteners,39.99,6,,10.82
ORD-2023081,2024-11-18,2024-11-22,Standard Class,CU-10631,Jason Brown,Consumer,East,Pennsylvania,Philadelphia,Office Supplies,Labels,5.46,1,0.1,1.58
ORD-2022398,2023-07-17,2023-07-21,Second Class,CU-10673,Jason Smith,Corporate,East,New York,New York City,Office Supplies,Labels,10.58,3,0.1,2.28
ORD-2026083,2022-12-20,2022-12-23,Standard Class,CU-10569,John Hernandez,Corporate,East,New York,Buffalo,Technology,Copiers,27188.26,7,0.0,6163.53
ORD-2023409,2024-03-18,2024-03-23,Standard Class,CU-10788,Amy Miller,Corporate,West,California,San Francisco,Furniture,Chairs,1096.59,2,0.1,-79.82
ORD-2025186,2024-04-15,2024-04-16,First Class,CU-10242,Barbara Taylor,Consumer,East,New York,Buffalo,Office Supplies,Labels,9.35,1,0.0,2.83
ORD-2024943,2022-09-13,2022-09-13,Same Day,CU-10209,Mary Miller,Consumer,West,California,San Francisco,Technology,Machines,2330.77,1,0.4,-533.32
ORD-2024523,2023-12-12,2023-12-14,Second Class,CU-10134,Ashley Wilson,Consumer,Central,Illinois,Chicago,Office Supplies,Labels,4.47,1,0.0,1.5
ORD-2024404,2024-08-06,2024-08-11,Standard Class,CU-10703,Linda Martinez,Home Office,West,Arizona,Phoenix,Office Supplies,Art,68.8,3,0.1,15.92
ORD-2025423,2023-04-28,2023-05-02,Standard Class,CU-10776,Jason Lopez,Consumer,East,New York,New York City,Office Supplies,Storage,232.01,1,0.15,34.55
ORD-2023977,2024-12-04,2024-12-04,Same Day,CU-10126,Linda Moore,Corporate,East,New York,New York City,Office Supplies,Fasteners,17.61,1,0.15,2.68
ORD-2022421,2022-03-11,2022-03-14,Standard Class,CU-10317,Ashley Hernandez,Consumer,East,New York,Buffalo,Office Supplies,Art,26.17,2,0.0,8.12
ORD-2023850,2022-11-10,2022-11-14,Standard Class,CU-10631,Jason Brown,Home Office,West,Arizona,Phoenix,Technology,Phones,2477.99,5,0.0,759.48
ORD-2025280,2023-12-31,2024-01-03,Standard Class,CU-10794,Jason Taylor,Consumer,South,Florida,Miami,Furniture,Tables,3597.15,6,0.0,814.83
ORD-2025176,2024-10-16,2024-10-17,First Class,CU-10627,Robert Jones,Consumer,Central,Illinois,Chicago,Technology,Copiers,1792.14,3,0.0,391.51
ORD-2025380,2022-12-09,2022-12-12,Standard Class,CU-10741,Laura Garcia,Consumer,Central,Texas,Houston,Office Supplies,Binders,3.54,1,0.0,1.24
ORD-2025653,2022-10-19,2022-10-25,Standard Class,CU-10144,Michael Garcia,Consumer,East,Massachusetts,Boston,Office Supplies,Fasteners,18.36,1,0.2,1.5
ORD-2025963,2022-12-03,2022-12-10,Standard Class,CU-10434,Barbara Wilson,Corporate,Central,Ohio,Columbus,Office Supplies,Paper,51.69,3,0.15,7.6
ORD-2022177,2024-12-28,2025-01-03,Standard Class,CU-10525,Michael Wilson,Consumer,East,Pennsylvania,Philadelphia,Office Supplies,Storage,125.85,1,0.15,19.63
ORD-2024855,2024-12-03,2024-12-03,Same Day,CU-10351,Elizabeth Thomas,Consumer,East,Pennsylvania,Philadelphia,Furniture,Furnishings,402.08,5,0.0,68.71
ORD-2024473,2023-10-01,2023-10-04,Second Class,CU-10847,Kevin Thomas,Consumer,East,Massachusetts,Boston,Technology,Phones,1397.32,3,0.0,365.99
ORD-2023328,2022-12-01,2022-12-04,Second Class,CU-10661,Barbara Martin,Consumer,Central,Illinois,Chicago,Office Supplies,Supplies,173.31,2,0.0,57.47
ORD-2022134,2023-11-25,2023-11-25,Same Day,CU-10596,James Anderson,Corporate,West,Washington,Seattle,Office Supplies,Labels,36.84,8,0.0,11.02
ORD-2025413,2022-04-06,2022-04-10,Second Class,CU-10136,Amy Miller,Consumer,Central,Texas,Houston,Technology,Phones,582.74,1,0.15,78.81
ORD-2022525,2023-03-05,2023-03-10,Standard Class,CU-10580,Steven Brown,Corporate,West,Arizona,Phoenix,Technology,Machines,5837.78,2,0.0,1855.28
ORD-2024932,2023-11-09,2023-11-16,Standard Class,CU-10444,Jason Hernandez,Consumer,East,New York,Buffalo,Office Supplies,Binders,147.36,4,0.15,20.14
ORD-2024415,2022-06-21,2022-06-26,Standard Class,CU-10598,Nancy Moore,Consumer,East,New York,New York City,Office Supplies,Paper,52.8,8,0.0,19.67
ORD-2024971,2023-12-24,2023-12-28,Standard Class,CU-10802,Kevin Thomas,Corporate,East,Massachusetts,Boston,Technology,Phones,1247.56,2,0.2,58.27
ORD-2023043,2023-12-30,2024-01-05,Standard Class,CU-10460,John Brown,Consumer,West,California,San Francisco,Office Supplies,Supplies,402.61,5,0.0,128.03
ORD-2025505,2023-11-11,2023-11-15,Second Class,CU-10411,John Martinez,Home Office,East,Pennsylvania,Philadelphia,Furniture,Bookcases,660.5,1,0.15,-17.08
ORD-2022321,2023-08-18,2023-08-23,Standard Class,CU-10257,Nancy Lee,Consumer,West,Arizona,Phoenix,Office Supplies,Supplies,45.73,5,0.15,7.03
ORD-2022650,2023-04-26,2023-05-01,Standard Class,CU-10797,Nancy Jones,Consumer,West,Washington,Seattle,Office Supplies,Paper,54.86,4,0.1,10.42
ORD-2023928,2022-02-07,2022-02-10,Standard Class,CU-10571,David Miller,Corporate,South,Florida,Miami,Office Supplies,Fasteners,21.12,6,0.1,4.07
ORD-2022664,2023-01-18,2023-01-23,Standard Class,CU-10079,Karen Johnson,Corporate,West,Washington,Seattle,Furniture,Bookcases,2029.81,6,0.1,-86.07
ORD-2022205,2022-11-09,2022-11-11,First Class,CU-10630,Patricia Garcia,Corporate,Central,Michigan,Detroit,Office Supplies,Binders,52.17,2,0.15,6.21
ORD-2022157,2023-12-28,2024-01-02,Standard Class,CU-10653,Sandra Jones,Consumer,East,Pennsylvania,Philadelphia,Furniture,Furnishings,463.78,4,0.1,-18.39
ORD-2025861,2022-02-27,2022-03-05,Standard Class,CU-10634,Elizabeth Jackson,Corporate,Central,Illinois,Chicago,Office Supplies,Art,125.68,5,0.0,53.06
ORD-2022709,2023-08-12,2023-08-12,Same Day,CU-10722,Amy Johnson,Consumer,East,New York,New York City,Technology,Phones,1155.66,3,0.0,216.56
ORD-2025030,2024-07-14,2024-07-16,First Class,CU-10557,Ashley Hernandez,Consumer,Central,Illinois,Chicago,Furniture,Bookcases,220.11,2,0.0,26.48
ORD-2024282,2023-01-13,2023-01-17,Standard Class,CU-10662,Susan Williams,Consumer,South,Georgia,Atlanta,Technology,Copiers,3769.95,2,0.15,177.53
ORD-2022718,2023-12-25,2023-12-27,Second Class,CU-10529,Susan Smith,Consumer,East,New York,New York City,Furniture,Furnishings,57.45,1,0.2,-11.91
ORD-2023396,2023-10-18,2023-10-20,First Class,CU-10227,Linda Garcia,Consumer,Central,Michigan,Detroit,Office Supplies,Fasteners,17.81,2,0.3,-1.28
ORD-2022332,2024-02-28,2024-03-02,Second Class,CU-10604,Ashley Moore,Home Office,South,Florida,Miami,Office Supplies,Labels,29.13,4,0.2,2.4
ORD-2026203,2023-12-07,2023-12-10,Standard Class,CU-10108,Ashley Williams,Consumer,East,Pennsylvania,Philadelphia,Office Supplies,Labels,56.11,4,0.0,15.71
ORD-2024312,2023-04-02,2023-04-05,Second Class,CU-10734,Kevin Thomas,Consumer,Central,Illinois,Chicago,Office Supplies,Paper,152.93,7,0.3,11.79
ORD-2023105,2024-06-22,2024-06-24,Second Class,CU-10204,Linda Williams,Corporate,East,Massachusetts,Boston,Office Supplies,Labels,46.53,7,0.2,3.66
ORD-2025676,2022-12-26,2022-12-30,Second Class,CU-10396,Mary Jones,Consumer,South,Georgia,Atlanta,Office Supplies,Labels,9.62,2,0.1,1.83
ORD-2022598,2024-12-23,2024-12-28,Standard Class,CU-10372,Susan Anderson,Consumer,Central,Michigan,Detroit,Office Supplies,Paper,12.46,1,0.0,3.73
ORD-2023412,2024-09-19,2024-09-22,Standard Class,CU-10004,James Williams,Home Office,Central,Michigan,Detroit,Office Supplies,Art,22.56,4,0.0,7.58
ORD-2023163,2022-09-12,2022-09-16,Second Class,CU-10638,Amy Jones,Corporate,Central,Ohio,Columbus,Office Supplies,Art,62.79,2,0.0,25.27
ORD-2024967,2022-12-08,2022-12-13,Standard Class,CU-10151,Karen Moore,Consumer,South,North Carolina,Charlotte,Technology,Phones,1796.43,3,0.0,399.93
ORD-2025404,2024-10-28,2024-11-04,Standard Class,CU-10844,Steven Garcia,Consumer,East,New York,New York City,Furniture,Bookcases,293.92,1,0.0,47.96
ORD-2022082,2024-08-18,2024-08-24,Standard Class,CU-10385,Robert Moore,Consumer,South,Tennessee,Nashville,Technology,Machines,90102.17,37,0.2,-3820.19
ORD-2022386,2024-04-01,2024-04-04,Second Class,CU-10199,Amy Taylor,Home Office,East,New York,New York City,Office Supplies,Supplies,340.61,3,0.1,117.15
ORD-2023524,2024-03-19,2024-03-20,First Class,CU-10774,David Davis,Home Office,East,New York,New York City,Furniture,Bookcases,685.06,1,0.3,-293.94
ORD-2024966,2022-12-25,2022-12-28,Second Class,CU-10381,Jason Lopez,Home Office,South,North Carolina,Charlotte,Furniture,Furnishings,228.34,7,0.4,-102.77
ORD-2022435,2022-10-18,2022-10-22,Standard Class,CU-10037,David Jackson,Corporate,East,New York,New York City,Office Supplies,Fasteners,75.97,7,0.0,25.99
ORD-2025701,2022-11-17,2022-11-18,First Class,CU-10271,Linda Davis,Consumer,Central,Ohio,Columbus,Office Supplies,Storage,123.55,1,0.2,8.34
ORD-2026345,2024-12-07,2024-12-11,Second Class,CU-10210,Barbara Taylor,Home Office,Central,Texas,Houston,Office Supplies,Art,5.98,2,0.1,1.05
ORD-2023078,2023-12-15,2023-12-21,Standard Class,CU-10604,Ashley Moore,Corporate,South,North Carolina,Charlotte,Office Supplies,Binders,282.82,5,0.0,89.65
ORD-2025054,2023-12-07,2023-12-13,Standard Class,CU-10559,Susan Johnson,Corporate,Central,Michigan,Detroit,Technology,Copiers,16186.51,4,0.1,3310.02
ORD-2026042,2022-08-01,2022-08-03,First Class,CU-10218,Mary Hernandez,Consumer,West,Washington,Seattle,Furniture,Bookcases,906.23,3,0.2,-127.0
ORD-2023801,2023-12-11,2023-12-13,First Class,CU-10118,Karen Rodriguez,Consumer,East,New York,New York City,Furniture,Furnishings,13.1,1,0.3,-4.76
ORD-2025480,2023-06-24,2023-07-01,Standard Class,CU-10676,John Brown,Consumer,Central,Illinois,Chicago,Furniture,Furnishings,296.48,2,0.2,-45.95
ORD-2022498,2023-02-26,2023-02-28,,CU-10679,Laura Hernandez,Home Office,West,Washington,Seattle,Furniture,Furnishings,355.69,3,0.1,5.24
ORD-2026486,2024-06-24,2024-06-28,Second Class,CU-10301,Patricia Jones,Consumer,East,Pennsylvania,Philadelphia,Technology,Phones,4559.51,4,0.1,441.02
ORD-2022902,2022-03-24,2022-03-27,Standard Class,CU-10833,David Brown,Consumer,West,Washington,Seattle,Office Supplies,Fasteners,10.98,4,0.1,2.5
ORD-2022701,2022-12-26,2022-12-29,Standard Class,CU-10413,Jason Martin,Consumer,East,Massachusetts,Boston,Furniture,Bookcases,1924.26,5,0.3,-608.94
ORD-2023953,2024-12-17,2024-12-19,Second Class,CU-10468,Karen Smith,Consumer,East,Pennsylvania,Philadelphia,Technology,Accessories,517.03,3,0.15,45.85
ORD-2026085,2024-11-24,2024-11-27,Second Class,CU-10433,Linda Garcia,Corporate,West,Washington,Seattle,Furniture,Tables,1026.99,1,0.2,-195.28
ORD-2026270,2024-12-31,2025-01-03,Second Class,CU-10148,Kevin Miller,Consumer,Central,Ohio,Columbus,Office Supplies,Fasteners,10.0,1,0.15,2.13
ORD-2024084,2024-01-18,2024-01-23,Standard Class,CU-10459,Sandra Thomas,Home Office,Central,Texas,Houston,Office Supplies,Fasteners,33.66,2,0.15,4.86
ORD-2025360,2022-12-24,2022-12-27,Second Class,CU-10047,John Garcia,Corporate,Central,Texas,Houston,Technology,Copiers,7196.17,2,0.2,-700.38
ORD-2023364,2023-07-22,2023-07-26,Second Class,CU-10114,Steven Miller,Consumer,East,New York,Buffalo,Office Supplies,Binders,82.32,2,0.2,10.55
ORD-2025382,2024-11-23,2024-11-29,Standard Class,CU-10091,Amy Martinez,Consumer,East,Massachusetts,Boston,Office Supplies,Paper,2.8,1,0.0,0.77
ORD-2025191,2022-02-25,2022-03-01,Standard Class,CU-10458,Mary Davis,Consumer,West,California,Los Angeles,Technology,Machines,813.62,1,0.2,-36.44
ORD-2026155,2022-01-13,2022-01-13,Same Day,CU-10414,Amy Miller,Consumer,Central,Ohio,Columbus,Office Supplies,Labels,7.66,3,0.15,0.13
ORD-2026170,2024-12-13,2024-12-17,Second Class,CU-10464,John Jones,Corporate,West,Washington,Seattle,Office Supplies,Fasteners,62.01,5,0.1,11.8
ORD-2024656,2023-04-16,2023-04-21,Standard Class,CU-10251,John Hernandez,Home Office,West,California,Los Angeles,Furniture,Chairs,1359.74,3,0.3,-502.09
ORD-2026276,2023-05-01,2023-05-05,Second Class,CU-10577,Barbara Williams,Corporate,West,Arizona,Phoenix,Office Supplies,Labels,54.89,4,0.3,0.73
ORD-2023049,2022-11-18,2022-11-25,Standard Class,CU-10118,Karen Rodriguez,Corporate,Central,Illinois,Chicago,Technology,Copiers,6670.79,2,0.0,1793.77
ORD-2024031,2023-09-26,2023-10-02,Standard Class,CU-10773,Amy Jackson,Home Office,South,Georgia,Atlanta,Technology,Copiers,8647.01,2,0.2,-429.93
ORD-2025276,2023-08-22,2023-08-25,Standard Class,CU-10763,Amy Jackson,Consumer,Central,Michigan,Detroit,Technology,Accessories,831.16,3,0.0,163.71
ORD-2025266,2022-10-03,2022-10-06,Standard Class,CU-10272,Nancy Smith,Home Office,East,Pennsylvania,Philadelphia,Office Supplies,Storage,305.34,3,0.1,64.73
ORD-2023684,2022-07-06,2022-07-10,Standard Class,CU-10840,Amy Miller,Home Office,Central,Texas,Houston,Furniture,Bookcases,1306.24,6,0.4,-835.94
ORD-2026026,2023-12-25,2024-01-01,Standard Class,CU-10462,Mary Martinez,Consumer,South,Georgia,Atlanta,Office Supplies,Binders,10.82,5,0.0,3.02
ORD-2025512,2024-12-26,2025-01-02,Standard Class,CU-10555,Susan Garcia,Consumer,East,Pennsylvania,Philadelphia,Furniture,Chairs,2716.76,5,0.1,200.01
ORD-2023050,2024-01-04,2024-01-04,Same Day,CU-10123,Jason Jackson,Home Office,Central,Texas,Houston,Furniture,Tables,1357.41,4,0.3,-443.42
ORD-2022367,2024-01-11,2024-01-17,Standard Class,CU-10603,Amy Wilson,Corporate,Central,Michigan,Detroit,Office Supplies,Paper,89.97,6,0.15,9.94
ORD-2024775,2023-02-14,2023-02-17,Standard Class,CU-10579,Jason Thomas,Consumer,South,Florida,Miami,Technology,Phones,3136.24,6,0.0,625.36
ORD-2025938,2023-09-08,2023-09-15,Standard Class,CU-10606,Amy Brown,Consumer,West,California,San Francisco,Furniture,Bookcases,1319.47,2,0.3,-494.02
ORD-2024701,2023-10-15,2023-10-19,Standard Class,CU-10502,Linda Taylor,Corporate,Central,Texas,Houston,Technology,Phones,1100.83,3,0.1,97.42
ORD-2026274,2022-10-29,2022-11-02,Second Class,CU-10604,Ashley Moore,Corporate,Central,Texas,Houston,Furniture,Bookcases,1050.96,2,0.15,-149.3
ORD-2023355,2022-02-19,2022-02-25,Standard Class,CU-10048,Robert Thomas,Consumer,South,Tennessee,Nashville,Furniture,Tables,590.14,2,0.0,84.27
ORD-2026423,2022-11-08,2022-11-14,Standard Class,CU-10664,Nancy Wilson,Corporate,East,New York,New York City,Office Supplies,Art,50.16,4,0.1,12.96
ORD-2022110,2023-07-13,2023-07-16,,CU-10531,Amy Jackson,Corporate,East,Pennsylvania,Philadelphia,Office Supplies,Supplies,188.09,3,0.2,26.68
ORD-2025015,2024-03-20,2024-03-23,Standard Class,CU-10687,Ashley Hernandez,Corporate,East,Pennsylvania,Philadelphia,Furniture,Chairs,652.25,3,0.0,58.6
ORD-2022929,2024-04-26,2024-05-02,Standard Class,CU-10296,Laura Brown,Corporate,East,New York,New York City,Office Supplies,Art,96.93,3,0.0,28.2
ORD-2023424,2023-02-28,2023-03-01,First Class,CU-10655,Elizabeth Smith,Consumer,East,New York,New York City,Office Supplies,Supplies,298.53,4,0.0,81.74
ORD-2023249,2024-11-27,2024-12-04,Standard Class,CU-10252,James Davis,Consumer,East,Massachusetts,Boston,Office Supplies,Art,9.8,1,0.0,3.07
ORD-2022936,2024-12-04,2024-12-07,Second Class,CU-10143,David Smith,Consumer,South,Tennessee,Nashville,Furniture,Tables,7582.03,8,0.1,381.67
ORD-2024142,2024-06-11,2024-06-16,Standard Class,CU-10013,Laura Williams,Consumer,East,New York,New York City,Furniture,Bookcases,1566.31,5,0.3,-650.92
ORD-2024359,2022-08-22,2022-08-25,Standard Class,CU-10125,Nancy Wilson,Consumer,East,New York,New York City,Office Supplies,Labels,5.1,3,0.1,0.93
ORD-2025328,2023-09-17,2023-09-21,Standard Class,CU-10150,John Moore,Consumer,South,North Carolina,Charlotte,Technology,Copiers,3957.26,1,0.0,790.28
ORD-2024327,2022-10-14,2022-10-18,Standard Class,CU-10413,Jason Martin,Corporate,East,New York,New York City,Office Supplies,Fasteners,14.49,1,0.1,3.74
ORD-2026190,2022-05-14,2022-05-15,First Class,CU-10224,Kevin Johnson,Corporate,Central,Michigan,Detroit,Office Supplies,Binders,15.83,1,0.0,4.84
ORD-2024174,2023-02-08,2023-02-14,Standard Class,CU-10133,Susan Garcia,Corporate,South,Florida,Miami,Technology,Accessories,49.1,3,0.0,11.16
ORD-2022705,2023-11-08,2023-11-11,Second Class,CU-10478,Kevin Moore,Consumer,South,North Carolina,Charlotte,Office Supplies,Fasteners,13.52,3,0.0,3.88
ORD-2023126,2023-09-12,2023-09-14,First Class,CU-10115,Karen Garcia,Consumer,Central,Ohio,Columbus,Office Supplies,Storage,625.58,6,0.0,186.94
ORD-2023080,2022-11-17,2022-11-24,Standard Class,CU-10291,Steven Smith,Consumer,Central,Ohio,Columbus,Office Supplies,Binders,232.73,6,0.3,-21.03
ORD-2024605,2022-08-13,2022-08-14,First Class,CU-10440,Elizabeth Jackson,Consumer,South,Florida,Miami,Office Supplies,Fasteners,8.63,7,0.15,1.7
ORD-2025085,2022-12-23,2022-12-28,Standard Class,CU-10023,Jason Jackson,Home Office,Central,Michigan,Detroit,Furniture,Chairs,427.08,1,0.5,-320.87
ORD-2025165,2024-02-19,2024-02-20,First Class,CU-10822,Amy Jackson,Corporate,East,Massachusetts,Boston,Furniture,Furnishings,143.79,3,0.0,19.4
ORD-2022383,2023-08-16,2023-08-20,Standard Class,CU-10606,Amy Brown,Corporate,West,Washington,Seattle,Furniture,Chairs,1128.62,4,0.0,174.62
ORD-2024039,2024-06-07,2024-06-11,Second Class,CU-10729,Mary Jones,Consumer,East,New York,Buffalo,Office Supplies,Art,13.48,1,0.1,2.78
ORD-2023784,2022-11-18,2022-11-23,Standard Class,CU-10742,Robert Miller,Corporate,Central,Illinois,Chicago,Technology,Accessories,506.25,3,0.0,98.64
ORD-2024975,2024-08-26,2024-08-30,Standard Class,CU-10622,Robert Rodriguez,Home Office,West,Washington,Seattle,Office Supplies,Supplies,322.78,7,0.3,16.02
ORD-2023513,2024-05-14,2024-05-17,Standard Class,CU-10813,Linda Wilson,Consumer,East,New York,New York City,Furniture,Furnishings,81.38,1,0.1,0.55
ORD-2022739,2023-05-18,2023-05-20,First Class,CU-10481,Kevin Jones,Corporate,West,California,San Francisco,Technology,Copiers,5804.23,2,0.0,1497.77
ORD-2025641,2022-03-03,2022-03-09,Standard Class,CU-10485,Patricia Miller,Home Office,West,Arizona,Phoenix,Technology,Accessories,176.16,1,0.3,-23.66
ORD-2023195,2022-10-07,2022-10-13,Standard Class,CU-10109,Robert Lee,Consumer,West,California,San Francisco,Office Supplies,Labels,46.55,4,0.3,-1.07
ORD-2023494,2023-06-04,2023-06-07,Second Class,CU-10431,Amy Wilson,Consumer,Central,Michigan,Detroit,Furniture,Bookcases,303.98,2,0.2,-77.4
ORD-2025583,2024-04-08,2024-04-13,Standard Class,CU-10655,Elizabeth Smith,Consumer,East,New York,Buffalo,Office Supplies,Binders,85.39,3,0.0,21.88
ORD-2026488,2022-12-10,2022-12-12,First Class,CU-10293,Jason Lee,Consumer,Central,Illinois,Chicago,Office Supplies,Storage,767.78,5,0.1,138.47
ORD-2024711,2022-11-19,2022-11-23,Second Class,CU-10245,John Smith,Corporate,West,California,San Francisco,Furniture,Bookcases,580.87,6,0.1,-40.43
ORD-2022003,2024-03-03,2024-03-06,Standard Class,CU-10394,Sandra Anderson,Corporate,South,Florida,Miami,Furniture,Tables,1045.97,1,0.0,214.27
ORD-2026051,2024-01-06,2024-01-09,Standard Class,CU-10348,David Williams,Consumer,West,California,Los Angeles,Technology,Machines,7269.51,3,0.0,1460.48
ORD-2024399,2023-11-05,2023-11-09,Second Class,CU-10357,Sandra Wilson,Consumer,Central,Texas,Houston,Technology,Phones,4292.84,5,0.2,-425.88
ORD-2022007,2024-07-08,2024-07-13,Standard Class,CU-10173,Amy Garcia,Corporate,East,Massachusetts,Boston,Technology,Machines,4006.0,2,0.1,467.62
ORD-2023273,2023-11-21,2023-11-23,Second Class,CU-10724,David Martinez,Corporate,South,Tennessee,Nashville,Technology,Accessories,416.3,2,0.1,40.55
ORD-2023297,2022-09-10,2022-09-16,Standard Class,CU-10570,Elizabeth Garcia,Consumer,East,Pennsylvania,Philadelphia,Technology,Machines,5579.09,2,0.15,231.52
ORD-2022403,2022-06-26,2022-06-30,Standard Class,CU-10041,Patricia Smith,Consumer,West,California,Los Angeles,Office Supplies,Supplies,9.04,1,0.0,2.0
ORD-2026192,2023-11-03,2023-11-08,Standard Class,CU-10142,James Martinez,Home Office,East,Pennsylvania,Philadelphia,Furniture,Bookcases,420.56,5,0.1,-13.1
ORD-2022050,2022-10-16,2022-10-16,Same Day,CU-10449,Sandra Anderson,Consumer,West,Arizona,Phoenix,Furniture,Furnishings,450.49,6,0.2,-62.98
ORD-2025496,2024-03-31,2024-04-03,Standard Class,CU-10526,Kevin Rodriguez,Home Office,South,Georgia,Atlanta,Technology,Copiers,2614.93,1,0.2,-295.62
ORD-2025900,2022-08-12,2022-08-15,Standard Class,CU-10420,Laura Davis,Consumer,South,Georgia,Atlanta,Technology,Machines,5180.73,2,0.1,1128.05
ORD-2022558,2023-11-22,2023-11-28,Standard Class,CU-10260,Michael Hernandez,Consumer,West,Washington,Seattle,Office Supplies,Supplies,129.59,2,0.1,28.15
ORD-2022726,2022-11-18,2022-11-23,Standard Class,CU-10077,Jason Johnson,Consumer,East,Pennsylvania,Philadelphia,Office Supplies,Paper,89.82,4,0.15,19.71
ORD-2025335,2023-02-07,2023-02-11,Standard Class,CU-10786,Patricia Taylor,Consumer,Central,Illinois,Chicago,Furniture,Bookcases,601.63,1,0.1,44.81
ORD-2025839,2022-12-07,2022-12-12,Standard Class,CU-10483,Kevin Brown,Consumer,East,New York,New York City,Furniture,Chairs,2082.39,4,0.2,-380.52
ORD-2025880,2024-04-01,2024-04-06,Standard Class,CU-10352,Mary Moore,Home Office,West,Arizona,Phoenix,Office Supplies,Art,69.74,2,0.0,24.04
ORD-2025564,2024-12-19,2024-12-23,Standard Class,CU-10354,Amy Johnson,Consumer,Central,Illinois,Chicago,Office Supplies,Storage,118.03,1,0.15,20.91
ORD-2024159,2022-03-20,2022-03-22,Second Class,CU-10534,Michael Wilson,Home Office,South,Georgia,Atlanta,Office Supplies,Supplies,270.24,6,0.0,99.3
ORD-2022716,2023-11-09,2023-11-14,Standard Class,CU-10118,Karen Rodriguez,Home Office,South,Florida,Miami,Furniture,Bookcases,2191.49,8,0.0,457.21
ORD-2026029,2024-11-14,2024-11-17,Second Class,CU-10624,Kevin Lopez,Consumer,West,Arizona,Phoenix,Office Supplies,Supplies,122.89,7,0.1,31.76
ORD-2023896,2023-12-26,2023-12-30,Second Class,CU-10413,Jason Martin,Home Office,East,New York,Buffalo,Office Supplies,Supplies,96.82,3,0.0,25.53
ORD-2026370,2022-12-08,2022-12-12,,CU-10663,Amy Rodriguez,Corporate,West,Washington,Seattle,Technology,Accessories,153.14,4,0.0,22.58
ORD-2022318,2022-12-14,2022-12-15,First Class,CU-10057,Susan Thomas,Consumer,West,California,Los Angeles,Office Supplies,Labels,93.45,7,0.0,24.13
ORD-2024101,2022-07-25,2022-07-29,Second Class,CU-10054,Michael Garcia,Corporate,West,California,San Francisco,Furniture,Chairs,1590.75,4,0.0,389.16
ORD-2022427,2024-09-27,2024-09-28,First Class,CU-10486,Nancy Wilson,Consumer,South,Florida,Miami,Technology,Accessories,28.02,2,0.15,-0.62
ORD-2023573,2024-09-14,2024-09-19,Standard Class,CU-10745,Amy Anderson,Consumer,East,New York,Buffalo,Office Supplies,Supplies,164.08,3,0.1,43.07
ORD-2022480,2023-05-07,2023-05-12,Standard Class,CU-10616,Patricia Wilson,Corporate,East,Massachusetts,Boston,Office Supplies,Labels,96.05,8,0.1,23.99
ORD-2025895,2023-12-09,2023-12-11,Second Class,CU-10832,Linda Jones,Consumer,East,New York,New York City,Office Supplies,Fasteners,7.14,4,0.0,2.57
ORD-2022546,2023-04-14,2023-04-17,Standard Class,CU-10763,Amy Jackson,Home Office,West,Arizona,Phoenix,Furniture,Chairs,1902.49,5,0.0,426.17
ORD-2022262,2022-12-21,2022-12-26,Standard Class,CU-10332,James Anderson,Consumer,South,Georgia,Atlanta,Office Supplies,Supplies,82.61,7,0.3,-4.86
ORD-2024858,2024-05-14,2024-05-17,Standard Class,CU-10487,Karen Brown,Corporate,West,Washington,Seattle,Technology,Machines,881.73,1,0.2,0.87
ORD-2023742,2022-02-25,2022-03-01,Second Class,CU-10037,David Jackson,Consumer,West,California,San Francisco,Office Supplies,Binders,55.16,2,0.1,12.75
ORD-2024794,2024-09-24,2024-09-27,Standard Class,CU-10719,Mary Williams,Consumer,East,New York,Buffalo,Technology,Copiers,3084.96,3,0.15,58.7
ORD-2022666,2024-08-08,2024-08-12,Second Class,CU-10656,David Miller,Corporate,East,Pennsylvania,Philadelphia,Furniture,Bookcases,800.2,3,0.4,-439.79
ORD-2022171,2023-09-26,2023-09-26,Same Day,CU-10167,Jason Miller,Consumer,South,Georgia,Atlanta,Office Supplies,Supplies,307.04,3,0.0,122.49
ORD-2026122,2024-11-04,2024-11-07,Second Class,CU-10394,Sandra Anderson,Corporate,West,Washington,Seattle,Office Supplies,Storage,1168.1,6,0.0,469.08
ORD-2026397,2024-05-27,2024-06-01,Standard Class,CU-10104,Elizabeth Anderson,Consumer,West,Arizona,Phoenix,Technology,Machines,4738.85,3,0.0,1014.2
ORD-2025735,2024-12-20,2024-12-24,Standard Class,CU-10145,Karen Lee,Consumer,East,New York,Buffalo,Office Supplies,Binders,49.86,1,0.0,14.48
ORD-2026103,2022-12-18,2022-12-20,Second Class,CU-10630,Patricia Garcia,Corporate,Central,Michigan,Detroit,Office Supplies,Supplies,101.15,2,0.0,36.16
ORD-2022693,2022-12-28,2022-12-29,First Class,CU-10754,David Taylor,Consumer,East,New York,New York City,Technology,Copiers,2936.25,1,0.1,431.04
ORD-2023687,2023-09-16,2023-09-18,First Class,CU-10204,Linda Williams,Corporate,East,New York,Buffalo,Office Supplies,Binders,120.76,4,0.0,33.45
ORD-2025777,2022-05-11,2022-05-17,Standard Class,CU-10187,Linda Martinez,Home Office,South,Tennessee,Nashville,Technology,Accessories,1254.4,6,0.3,-201.7
ORD-2024046,2023-06-28,2023-07-04,Standard Class,CU-10134,Ashley Wilson,Corporate,Central,Illinois,Chicago,Office Supplies,Storage,321.79,3,0.15,50.96
ORD-2024708,2022-09-14,2022-09-19,Standard Class,CU-10544,David Jones,Consumer,Central,Ohio,Columbus,Office Supplies,Supplies,91.24,1,,7.22
ORD-2025417,2024-07-10,2024-07-12,First Class,CU-10478,Kevin Moore,Consumer,West,California,Los Angeles,Office Supplies,Art,273.89,7,0.1,84.53
ORD-2024340,2022-09-14,2022-09-15,First Class,CU-10249,Jason Williams,Consumer,West,California,Los Angeles,Office Supplies,Labels,14.81,1,,4.32
ORD-2024426,2022-04-27,2022-05-04,Standard Class,CU-10124,Susan Williams,Home Office,East,New York,New York City,Technology,Phones,618.72,1,0.15,17.99
ORD-2025202,2024-11-20,2024-11-23,Second Class,CU-10230,Patricia Miller,Home Office,South,Georgia,Atlanta,Furniture,Tables,6642.74,8,0.15,-492.64
ORD-2025043,2023-07-01,2023-07-02,First Class,CU-10011,Kevin Hernandez,Consumer,West,Arizona,Phoenix,Office Supplies,Paper,14.4,4,0.2,1.76
ORD-2022781,2024-11-21,2024-11-22,First Class,CU-10714,Michael Rodriguez,Consumer,South,North Carolina,Charlotte,Technology,Accessories,151.81,2,0.2,-0.87
ORD-2025553,2023-09-30,2023-10-03,Standard Class,CU-10209,Mary Miller,Home Office,West,California,Los Angeles,Technology,Machines,3841.53,2,0.0,933.78
ORD-2022541,2023-11-05,2023-11-10,Standard Class,CU-10284,Elizabeth Lee,Corporate,West,Washington,Seattle,Office Supplies,Fasteners,4.34,1,0.0,1.77
ORD-2022711,2024-01-17,2024-01-23,Standard Class,CU-10318,Laura Hernandez,Home Office,West,California,San Francisco,Office Supplies,Binders,12.73,1,0.0,4.11
ORD-2025426,2022-05-22,2022-05-26,Standard Class,CU-10443,Nancy Lee,Consumer,South,Florida,Miami,Technology,Copiers,2295.01,1,0.0,299.09
ORD-2023958,2024-09-27,2024-10-02,Standard Class,CU-10498,Laura Davis,Home Office,West,California,Los Angeles,Furniture,Chairs,3237.84,8,0.15,-179.38
ORD-2024677,2024-08-23,2024-08-29,Standard Class,CU-10486,Nancy Wilson,Home Office,Central,Texas,Houston,Technology,Machines,39223.72,23,0.2,56.22
ORD-2022630,2024-11-25,2024-12-02,Standard Class,CU-10746,James Hernandez,Consumer,West,Washington,Seattle,Office Supplies,Fasteners,53.81,4,0.3,0.44
ORD-2022254,2022-11-13,2022-11-19,Standard Class,CU-10332,James Anderson,Consumer,South,North Carolina,Charlotte,Office Supplies,Paper,91.23,6,,12.13
ORD-2024078,2022-12-16,2022-12-21,Standard Class,CU-10692,Ashley Williams,Home Office,West,California,San Francisco,Furniture,Furnishings,188.37,2,0.2,-42.12
ORD-2026102,2023-11-07,2023-11-13,Standard Class,CU-10224,Kevin Johnson,Corporate,Central,Michigan,Detroit,Furniture,Chairs,1031.54,2,,-93.83
ORD-2025929,2024-11-17,2024-11-19,First Class,CU-10475,David Rodriguez,Corporate,East,New York,Buffalo,Office Supplies,Labels,20.77,2,0.0,7.4
ORD-2024226,2024-03-14,2024-03-17,Standard Class,CU-10004,James Williams,Consumer,Central,Michigan,Detroit,Technology,Copiers,7763.4,6,,189.76
ORD-2025224,2022-08-06,2022-08-09,Standard Class,CU-10102,Nancy Lee,Corporate,Central,Illinois,Chicago,Office Supplies,Labels,37.83,3,,5.2
ORD-2026068,2024-11-17,2024-11-18,First Class,CU-10099,James Davis,Home Office,West,California,San Francisco,Office Supplies,Paper,85.5,6,0.0,24.72
ORD-2023624,2023-04-17,2023-04-22,Standard Class,CU-10267,Mary Lopez,Home Office,Central,Illinois,Chicago,Technology,Copiers,13506.53,4,0.0,3704.07
ORD-2026492,2024-12-30,2025-01-06,Standard Class,CU-10489,Linda Williams,Consumer,East,New York,Buffalo,Technology,Copiers,5710.35,2,0.1,637.27
ORD-2026346,2024-06-10,2024-06-12,Second Class,CU-10667,Linda Thomas,Corporate,West,California,San Francisco,Furniture,Tables,3577.72,5,0.2,-908.36
ORD-2022588,2022-10-07,2022-10-08,First Class,CU-10013,Laura Williams,Corporate,South,Florida,Miami,Furniture,Chairs,560.51,3,0.15,-65.6
ORD-2022790,2022-11-02,2022-11-07,Standard Class,CU-10324,Laura Rodriguez,Consumer,West,California,San Francisco,Technology,Phones,373.35,3,0.0,70.45
ORD-2023144,2023-05-18,2023-05-22,Standard Class,CU-10335,Sandra Moore,Corporate,Central,Illinois,Chicago,Furniture,Chairs,545.63,1,0.2,-138.03
ORD-2026381,2022-12-25,2022-12-28,Second Class,CU-10838,Linda Moore,Corporate,East,New York,New York City,Office Supplies,Labels,2.0,1,0.1,0.32
ORD-2024872,2022-02-11,2022-02-13,First Class,CU-10060,Nancy Lee,Consumer,West,Arizona,Phoenix,Technology,Accessories,1018.3,5,0.0,271.12
ORD-2022075,2022-12-07,2022-12-11,Second Class,CU-10223,Laura Wilson,Consumer,Central,Illinois,Chicago,Office Supplies,Fasteners,9.19,1,0.1,1.79
ORD-2022474,2022-12-05,2022-12-08,Standard Class,CU-10366,Karen Garcia,Consumer,Central,Michigan,Detroit,Technology,Machines,5042.14,2,0.0,1065.66
ORD-2025231,2022-06-28,2022-07-01,Standard Class,CU-10251,John Hernandez,Home Office,East,Massachusetts,Boston,Office Supplies,Storage,469.87,6,0.0,117.11
ORD-2023745,2023-12-17,2023-12-22,Standard Class,CU-10614,Mary Williams,Corporate,Central,Texas,Houston,Office Supplies,Fasteners,5.28,2,0.0,1.5
ORD-2023946,2022-10-17,2022-10-21,Standard Class,CU-10224,Kevin Johnson,Corporate,Central,Michigan,Detroit,Office Supplies,Labels,2.93,2,0.0,0.82
ORD-2024717,2024-12-27,2024-12-29,First Class,CU-10261,Amy Hernandez,Consumer,West,California,San Francisco,Office Supplies,Binders,24.62,3,0.15,3.92
ORD-2025415,2022-11-10,2022-11-16,Standard Class,CU-10810,Elizabeth Rodriguez,Consumer,West,California,San Francisco,Office Supplies,Fasteners,58.95,4,0.15,6.66
ORD-2025511,2024-03-17,2024-03-23,Standard Class,CU-10485,Patricia Miller,Home Office,West,California,Los Angeles,Furniture,Furnishings,104.64,2,0.15,-11.61
ORD-2024298,2022-01-10,2022-01-14,Standard Class,CU-10031,Nancy Miller,Home Office,East,New York,Buffalo,Office Supplies,Art,29.8,1,0.0,8.2
ORD-2023427,2022-05-09,2022-05-14,Standard Class,CU-10097,John Brown,Consumer,Central,Texas,Houston,Furniture,Furnishings,593.69,6,0.0,57.35
ORD-2025802,2022-12-22,2022-12-27,Standard Class,CU-10467,James Miller,Corporate,East,New York,Buffalo,Office Supplies,Labels,14.83,4,0.1,4.76
ORD-2022945,2022-11-18,2022-11-25,Standard Class,CU-10100,Barbara Wilson,Home Office,Central,Illinois,Chicago,Office Supplies,Art,13.03,1,0.2,2.12
ORD-2026311,2024-07-26,2024-07-31,Standard Class,CU-10383,Elizabeth Miller,Consumer,West,California,San Francisco,Technology,Phones,400.12,1,,-4.52
ORD-2025647,2023-04-09,2023-04-12,Standard Class,CU-10352,Mary Moore,Corporate,West,Arizona,Phoenix,Office Supplies,Storage,231.62,3,0.15,34.67
ORD-2023177,2023-03-09,2023-03-14,Standard Class,CU-10556,Mary Hernandez,Corporate,East,New York,New York City,Office Supplies,Art,77.78,2,0.0,25.24
ORD-2026058,2023-04-17,2023-04-22,,CU-10031,Nancy Miller,Consumer,Central,Texas,Houston,Furniture,Chairs,105.37,1,0.15,-6.66
ORD-2024933,2024-11-01,2024-11-04,Second Class,CU-10012,Amy Jackson,Consumer,West,Washington,Seattle,Furniture,Furnishings,229.85,4,0.0,41.51
ORD-2026414,2022-11-24,2022-11-25,First Class,CU-10443,Nancy Lee,Consumer,Central,Ohio,Columbus,Office Supplies,Supplies,15.71,2,0.15,2.43
ORD-2025570,2024-06-04,2024-06-07,Standard Class,CU-10534,Michael Wilson,Corporate,Central,Illinois,Chicago,Office Supplies,Art,10.46,1,0.0,3.22
ORD-2024816,2022-12-07,2022-12-11,Second Class,CU-10304,Barbara Moore,Home Office,Central,Ohio,Columbus,Office Supplies,Art,30.48,1,0.1,10.8
ORD-2022968,2023-11-04,2023-11-04,Same Day,CU-10681,Karen Davis,Corporate,South,North Carolina,Charlotte,Furniture,Furnishings,872.14,8,0.0,222.48
ORD-2023903,2022-08-29,2022-09-03,Standard Class,CU-10265,Sandra Garcia,Consumer,West,California,San Francisco,Furniture,Bookcases,169.38,2,0.3,-58.24
ORD-2022225,2024-11-25,2024-11-30,Standard Class,CU-10228,Mary Wilson,Corporate,Central,Texas,Houston,Office Supplies,Storage,554.49,3,0.0,173.55
ORD-2025894,2024-11-25,2024-11-28,Second Class,CU-10400,Ashley Martinez,Corporate,East,New York,New York City,Office Supplies,Storage,885.84,4,0.1,141.32
ORD-2026232,2024-04-22,2024-04-26,Standard Class,CU-10312,Amy Hernandez,Consumer,South,Tennessee,Nashville,Technology,Accessories,643.53,6,0.1,-17.38
ORD-2025812,2023-11-10,2023-11-11,First Class,CU-10023,Jason Jackson,Consumer,East,New York,Buffalo,Office Supplies,Paper,15.16,1,0.0,4.22
ORD-2023749,2023-07-04,2023-07-07,Standard Class,CU-10381,Jason Lopez,Consumer,Central,Texas,Houston,Office Supplies,Binders,46.84,2,0.0,9.52
ORD-2025079,2022-11-30,2022-12-06,,CU-10676,John Brown,Consumer,East,Pennsylvania,Philadelphia,Office Supplies,Paper,3.24,1,0.0,0.96
ORD-2022845,2024-11-05,2024-11-08,Standard Class,CU-10390,Michael Jones,Home Office,West,California,San Francisco,Office Supplies,Storage,625.97,3,0.0,250.95
ORD-2023535,2023-08-19,2023-08-22,Second Class,CU-10767,Amy Jackson,Corporate,South,North Carolina,Charlotte,Technology,Accessories,86.81,1,0.0,20.47
ORD-2025834,2022-12-11,2022-12-14,Second Class,CU-10339,Steven Brown,Consumer,East,Pennsylvania,Philadelphia,Technology,Machines,5331.1,3,,-1377.64
ORD-2023236,2022-10-24,2022-10-28,Standard Class,CU-10515,Mary Garcia,Consumer,East,Massachusetts,Boston,Office Supplies,Binders,138.03,3,0.1,35.25
ORD-2023131,2023-09-28,2023-10-04,Standard Class,CU-10314,Sandra Rodriguez,Corporate,East,Massachusetts,Boston,Technology,Machines,5659.85,2,0.1,98.84
ORD-2025003,2024-05-11,2024-05-16,Standard Class,CU-10013,Laura Williams,Home Office,West,Arizona,Phoenix,Furniture,Bookcases,771.83,2,0.3,-277.89
ORD-2026115,2022-11-30,2022-11-30,Same Day,CU-10790,Ashley Miller,Consumer,West,Arizona,Phoenix,Office Supplies,Storage,737.31,3,0.0,225.84
ORD-2025004,2022-05-20,2022-05-22,First Class,CU-10152,Barbara Williams,Consumer,South,North Carolina,Charlotte,Office Supplies,Binders,23.33,3,0.0,8.74
ORD-2022476,2023-06-03,2023-06-08,Standard Class,CU-10317,Ashley Hernandez,Corporate,South,Georgia,Atlanta,Office Supplies,Storage,194.12,6,0.15,29.2
ORD-2025407,2022-11-21,2022-11-27,Standard Class,CU-10150,John Moore,Corporate,East,Pennsylvania,Philadelphia,Office Supplies,Paper,23.44,1,0.15,3.65
ORD-2023852,2023-09-11,2023-09-14,Standard Class,CU-10541,John Brown,Home Office,West,California,Los Angeles,Furniture,Tables,1714.68,2,0.2,-429.91
ORD-2023653,2022-07-31,2022-08-05,Standard Class,CU-10150,John Moore,Consumer,West,California,San Francisco,Office Supplies,Fasteners,33.13,2,0.0,11.44
ORD-2025289,2023-06-11,2023-06-14,Standard Class,CU-10298,Sandra Moore,Corporate,West,Arizona,Phoenix,Office Supplies,Labels,21.27,4,0.0,6.53
ORD-2025028,2023-12-01,2023-12-03,First Class,CU-10377,Karen Anderson,Consumer,South,Florida,Miami,Furniture,Tables,2163.93,3,0.2,-325.78
ORD-2022551,2022-08-23,2022-08-28,Standard Class,CU-10612,Kevin Taylor,Home Office,West,California,Los Angeles,Office Supplies,Fasteners,9.87,4,0.15,1.41
ORD-2026106,2024-03-24,2024-03-27,Standard Class,CU-10691,John Anderson,Corporate,East,Pennsylvania,Philadelphia,Office Supplies,Storage,58.03,1,0.0,22.86
ORD-2023087,2024-06-05,2024-06-07,First Class,CU-10704,Elizabeth Brown,Consumer,East,Massachusetts,Boston,Office Supplies,Paper,13.65,1,0.0,4.38
ORD-2023419,2024-12-18,2024-12-22,Second Class,CU-10193,Kevin Jackson,Consumer,East,New York,Buffalo,Office Supplies,Storage,1674.97,8,0.15,108.51
ORD-2022382,2024-06-30,2024-07-01,First Class,CU-10537,Kevin Brown,Consumer,East,Pennsylvania,Philadelphia,Office Supplies,Labels,2.96,1,0.1,0.58
ORD-2023099,2022-09-12,2022-09-18,Standard Class,CU-10308,Barbara Rodriguez,Corporate,West,Washington,Seattle,Office Supplies,Fasteners,14.22,5,0.0,4.3
ORD-2023637,2024-11-24,2024-11-30,Standard Class,CU-10017,Amy Garcia,Consumer,South,Tennessee,Nashville,Furniture,Tables,803.44,4,0.1,-38.24
ORD-2025854,2023-12-02,2023-12-02,Same Day,CU-10793,Elizabeth Anderson,Consumer,West,California,San Francisco,Office Supplies,Storage,26.53,1,,8.18
ORD-2023291,2023-12-28,2023-12-30,Second Class,CU-10247,Karen Wilson,Corporate,West,Arizona,Phoenix,Technology,Copiers,17589.96,5,0.1,1367.34
ORD-2023808,2023-05-07,2023-05-14,Standard Class,CU-10704,Elizabeth Brown,Consumer,Central,Michigan,Detroit,Technology,Machines,7107.06,3,0.4,-1936.86
ORD-2025308,2023-11-29,2023-12-05,Standard Class,CU-10386,Steven Williams,Home Office,West,California,San Francisco,Office Supplies,Storage,166.31,1,0.0,56.96
ORD-2022918,2022-12-18,2022-12-21,Standard Class,CU-10271,Linda Davis,Home Office,Central,Texas,Houston,Technology,Phones,205.73,1,0.0,51.48
ORD-2022984,2022-08-26,2022-09-01,Standard Class,CU-10261,Amy Hernandez,Consumer,West,Arizona,Phoenix,Technology,Phones,1824.04,3,0.1,195.23
ORD-2024627,2023-01-20,2023-01-22,First Class,CU-10003,Kevin Martinez,Consumer,West,California,San Francisco,Technology,Copiers,1074.21,3,0.0,305.3
ORD-2022473,2022-07-30,2022-08-03,Standard Class,CU-10340,James Jackson,Corporate,South,North Carolina,Charlotte,Furniture,Bookcases,346.99,1,0.3,-116.52
ORD-2026313,2024-08-26,2024-08-30,Standard Class,CU-10544,David Jones,Consumer,East,Pennsylvania,Philadelphia,Office Supplies,Art,117.96,5,0.0,42.38
ORD-2023120,2023-12-30,2024-01-06,Standard Class,CU-10613,Michael Martin,Home Office,East,New York,Buffalo,Technology,Machines,217.21,1,0.4,-49.72
ORD-2026480,2023-07-18,2023-07-21,Second Class,CU-10819,Kevin Miller,Consumer,West,California,San Francisco,Technology,Machines,4483.85,3,0.3,-860.91
ORD-2022089,2023-09-12,2023-09-16,Second Class,CU-10769,Robert Martinez,Consumer,East,Pennsylvania,Philadelphia,Technology,Accessories,584.61,4,0.0,165.03
ORD-2022850,2022-09-23,2022-09-25,Second Class,CU-10630,Patricia Garcia,Corporate,West,Washington,Seattle,Furniture,Bookcases,539.75,1,0.1,-7.18
ORD-2026162,2024-10-08,2024-10-09,First Class,CU-10445,Karen Moore,Consumer,East,New York,New York City,Furniture,Tables,907.33,1,0.2,-197.66
ORD-2022297,2024-07-31,2024-08-07,Standard Class,CU-10541,John Brown,Consumer,South,Georgia,Atlanta,Office Supplies,Labels,3.38,2,0.2,0.38
ORD-2022527,2024-12-29,2025-01-01,Standard Class,CU-10751,Sandra Johnson,Home Office,South,Florida,Miami,Technology,Machines,996.03,1,0.15,44.83
ORD-2022442,2024-04-26,2024-04-29,Standard Class,CU-10306,Mary Rodriguez,Corporate,Central,Ohio,Columbus,Office Supplies,Storage,763.35,4,0.15,134.54
ORD-2022072,2024-10-01,2024-10-08,Standard Class,CU-10359,Karen Garcia,Corporate,Central,Michigan,Detroit,Office Supplies,Labels,23.65,2,0.2,-1.17
ORD-2023138,2022-04-02,2022-04-09,Standard Class,CU-10807,Karen Garcia,Consumer,South,North Carolina,Charlotte,Technology,Machines,5498.57,2,0.0,1220.41
ORD-2026181,2022-07-20,2022-07-26,Standard Class,CU-10580,Steven Brown,Home Office,East,New York,New York City,Technology,Accessories,36.39,1,0.0,10.17
ORD-2023683,2022-12-10,2022-12-12,First Class,CU-10103,Elizabeth Anderson,Home Office,East,Pennsylvania,Philadelphia,Furniture,Chairs,350.32,2,0.15,-17.63
ORD-2023006,2024-11-23,2024-11-29,Standard Class,CU-10165,Robert Rodriguez,Home Office,West,Washington,Seattle,Furniture,Chairs,1810.44,6,0.15,-191.32
ORD-2026324,2022-10-18,2022-10-21,Standard Class,CU-10417,Robert Anderson,Corporate,West,California,San Francisco,Technology,Copiers,2772.16,1,0.3,-430.44
ORD-2025684,2022-09-29,2022-10-02,Second Class,CU-10284,Elizabeth Lee,Consumer,Central,Illinois,Chicago,Office Supplies,Labels,26.2,8,0.2,1.99
ORD-2022083,2022-09-11,2022-09-15,Standard Class,CU-10618,Jason Johnson,Corporate,West,California,Los Angeles,Technology,Phones,973.23,1,0.0,330.82
ORD-2023930,2023-12-21,2023-12-25,Second Class,CU-10635,Laura Hernandez,Consumer,East,New York,Buffalo,Office Supplies,Art,43.16,4,0.0,12.84
ORD-2026312,2022-11-25,2022-11-28,Second Class,CU-10750,Mary Martinez,Consumer,Central,Illinois,Chicago,Technology,Copiers,953.69,3,0.0,248.32
ORD-2025007,2022-06-26,2022-06-29,Standard Class,CU-10078,Steven Martinez,Home Office,Central,Texas,Houston,Office Supplies,Storage,43.85,1,0.3,-3.1
ORD-2025249,2023-08-06,2023-08-09,Standard Class,CU-10107,Amy Jones,Consumer,South,Florida,Miami,Office Supplies,Supplies,465.21,5,0.0,123.88
ORD-2023913,2023-11-02,2023-11-07,Standard Class,CU-10783,Patricia Davis,Consumer,East,Pennsylvania,Philadelphia,Technology,Phones,727.34,2,0.1,83.69
ORD-2024575,2023-12-09,2023-12-12,Standard Class,CU-10288,Elizabeth Williams,Corporate,West,Arizona,Phoenix,Technology,Phones,1370.34,3,0.0,354.87
ORD-2022397,2022-12-13,2022-12-13,Same Day,CU-10065,Karen Anderson,Consumer,West,Arizona,Phoenix,Office Supplies,Fasteners,5.56,1,0.1,1.09
ORD-2023666,2024-09-26,2024-09-29,Second Class,CU-10524,Michael Wilson,Corporate,South,Georgia,Atlanta,Office Supplies,Fasteners,16.44,5,0.0,4.83
ORD-2023264,2023-11-17,2023-11-24,Standard Class,CU-10640,Ashley Wilson,Corporate,East,New York,New York City,Office Supplies,Supplies,26.21,1,0.0,8.04
ORD-2024005,2024-11-03,2024-11-10,Standard Class,CU-10417,Robert Anderson,Home Office,West,California,San Francisco,Furniture,Tables,758.73,1,0.2,-215.71
ORD-2022986,2023-01-17,2023-01-22,Standard Class,CU-10368,John Rodriguez,Consumer,West,Washington,Seattle,Office Supplies,Supplies,163.04,2,0.1,38.83
ORD-2024659,2022-11-07,2022-11-10,Standard Class,CU-10271,Linda Davis,Home Office,East,New York,New York City,Technology,Accessories,1571.56,7,0.2,-16.88
ORD-2022484,2022-03-11,2022-03-14,Standard Class,CU-10659,Mary Miller,Consumer,South,North Carolina,Charlotte,Office Supplies,Art,200.76,6,0.1,29.23
ORD-2025599,2023-06-18,2023-06-19,First Class,CU-10780,Kevin Lee,Corporate,West,California,Los Angeles,Furniture,Bookcases,969.54,3,0.0,162.51
ORD-2024852,2024-08-19,2024-08-19,Same Day,CU-10595,James Lopez,Consumer,West,Washington,Seattle,Office Supplies,Supplies,117.1,2,0.15,9.46
ORD-2024427,2024-02-22,2024-02-26,,CU-10254,Steven Martin,Home Office,West,Arizona,Phoenix,Technology,Copiers,1942.61,1,0.1,191.91
ORD-2023438,2024-12-01,2024-12-05,Standard Class,CU-10518,Barbara Wilson,Consumer,West,Arizona,Phoenix,Office Supplies,Art,147.33,4,0.0,41.64
ORD-2024064,2023-05-28,2023-06-04,Standard Class,CU-10281,Sandra Lee,Consumer,East,New York,Buffalo,Office Supplies,Labels,22.76,5,0.1,2.89
ORD-2023104,2022-08-05,2022-08-11,Standard Class,CU-10528,Ashley Lopez,Home Office,East,New York,Buffalo,Office Supplies,Labels,9.54,1,0.1,2.02
ORD-2023635,2023-05-11,2023-05-15,Standard Class,CU-10416,Elizabeth Thomas,Home Office,East,Massachusetts,Boston,Technology,Accessories,1110.37,4,0.2,80.36
ORD-2024583,2022-10-10,2022-10-17,Standard Class,CU-10583,Elizabeth Johnson,Home Office,Central,Illinois,Chicago,Furniture,Tables,785.03,1,0.0,185.95
ORD-2023765,2022-05-01,2022-05-08,Standard Class,CU-10308,Barbara Rodriguez,Consumer,West,Arizona,Phoenix,Technology,Phones,774.54,1,0.15,15.8
ORD-2023921,2022-12-16,2022-12-21,Standard Class,CU-10381,Jason Lopez,Home Office,West,Arizona,Phoenix,Technology,Copiers,4725.9,2,0.0,1103.89
ORD-2022104,2024-06-28,2024-06-29,First Class,CU-10500,Michael Jones,Consumer,Central,Michigan,Detroit,Office Supplies,Paper,46.08,2,0.1,9.75
ORD-2024609,2023-02-07,2023-02-10,Standard Class,CU-10110,Patricia Jackson,Consumer,South,North Carolina,Charlotte,Office Supplies,Storage,370.92,3,0.0,118.69
ORD-2026235,2022-09-16,2022-09-23,Standard Class,CU-10487,Karen Brown,Consumer,Central,Ohio,Columbus,Furniture,Chairs,675.03,2,0.3,-244.18
ORD-2024352,2022-11-12,2022-11-15,Second Class,CU-10803,Susan Miller,Consumer,West,California,San Francisco,Office Supplies,Fasteners,20.53,2,0.0,6.01
ORD-2026300,2023-08-05,2023-08-09,Standard Class,CU-10769,Robert Martinez,Corporate,South,Florida,Miami,Furniture,Bookcases,678.51,2,0.2,-78.24
ORD-2022197,2024-10-24,2024-10-30,Standard Class,CU-10038,Ashley Williams,Consumer,West,California,Los Angeles,Furniture,Tables,2073.72,5,0.3,-803.32
ORD-2025121,2022-12-31,2023-01-06,Standard Class,CU-10335,Sandra Moore,Home Office,Central,Texas,Houston,Technology,Machines,10401.23,6,0.0,2461.11
ORD-2023990,2022-05-25,2022-05-28,Standard Class,CU-10178,Ashley Johnson,Consumer,West,California,Los Angeles,Office Supplies,Labels,7.92,1,0.15,1.71
ORD-2025764,2022-04-12,2022-04-16,Second Class,CU-10453,Amy Lee,Corporate,Central,Texas,Houston,Furniture,Tables,418.0,1,0.3,-165.91
ORD-2022817,2023-10-19,2023-10-23,Standard Class,CU-10822,Amy Jackson,Consumer,West,California,Los Angeles,Office Supplies,Fasteners,74.9,4,0.0,27.35
ORD-2022564,2023-12-23,2023-12-25,First Class,CU-10057,Susan Thomas,Consumer,South,Georgia,Atlanta,Office Supplies,Supplies,178.66,2,0.1,41.06
ORD-2026296,2023-06-28,2023-07-04,Standard Class,CU-10761,Michael Lopez,Home Office,East,Massachusetts,Boston,Office Supplies,Art,26.72,1,0.0,9.1
ORD-2025351,2022-07-04,2022-07-11,Standard Class,CU-10160,Linda Anderson,Corporate,West,Arizona,Phoenix,Technology,Machines,1787.93,6,0.1,268.49
ORD-2025441,2022-10-02,2022-10-06,Standard Class,CU-10776,Jason Lopez,Consumer,West,Washington,Seattle,Furniture,Bookcases,4676.56,7,0.3,-1754.76
ORD-2022855,2023-08-02,2023-08-04,First Class,CU-10473,Sandra Jackson,Consumer,Central,Michigan,Detroit,Office Supplies,Fasteners,19.33,2,0.15,3.66
ORD-2022309,2022-08-07,2022-08-10,Second Class,CU-10358,Nancy Smith,Consumer,West,California,San Francisco,Office Supplies,Paper,11.64,2,0.0,4.52
ORD-2024942,2024-08-19,2024-08-21,Second Class,CU-10625,Karen Smith,Corporate,Central,Ohio,Columbus,Office Supplies,Fasteners,1.3,1,0.2,0.2
ORD-2025556,2023-09-09,2023-09-13,,CU-10764,Steven Davis,Consumer,Central,Ohio,Columbus,Furniture,Furnishings,739.31,7,0.3,-250.82
ORD-2023501,2024-12-13,2024-12-14,First Class,CU-10688,Barbara Jackson,Consumer,Central,Michigan,Detroit,Office Supplies,Binders,99.88,2,0.0,33.0
ORD-2026280,2022-01-16,2022-01-19,Second Class,CU-10177,David Williams,Home Office,South,Tennessee,Nashville,Office Supplies,Art,23.57,1,0.0,7.03
ORD-2024188,2022-11-28,2022-11-28,Same Day,CU-10117,Barbara Hernandez,Home Office,West,California,San Francisco,Furniture,Bookcases,738.57,3,0.5,-522.42
ORD-2023992,2023-01-14,2023-01-19,Standard Class,CU-10501,Susan Anderson,Corporate,East,New York,Buffalo,Office Supplies,Paper,45.1,3,0.1,8.36
ORD-2025540,2024-11-05,2024-11-12,Standard Class,CU-10786,Patricia Taylor,Home Office,Central,Illinois,Chicago,Office Supplies,Binders,261.49,7,0.1,37.31
ORD-2022720,2023-09-24,2023-09-28,Standard Class,CU-10165,Robert Rodriguez,Corporate,South,Tennessee,Nashville,Office Supplies,Paper,102.12,6,0.3,-6.56
ORD-2022291,2022-04-03,2022-04-10,Standard Class,CU-10386,Steven Williams,Consumer,West,California,San Francisco,Office Supplies,Art,70.47,2,0.0,28.89
ORD-2023766,2024-12-27,2024-12-29,First Class,CU-10679,Laura Hernandez,Consumer,South,Tennessee,Nashville,Furniture,Bookcases,445.43,1,0.1,-30.15
ORD-2022540,2024-12-26,2025-01-02,Standard Class,CU-10343,Sandra Rodriguez,Home Office,West,Arizona,Phoenix,Office Supplies,Art,192.24,5,0.15,24.59
ORD-2023740,2022-11-18,2022-11-21,Standard Class,CU-10337,David Smith,Consumer,Central,Ohio,Columbus,Technology,Accessories,91.79,2,0.2,-0.41
ORD-2025960,2022-12-23,2022-12-28,Standard Class,CU-10039,Robert Davis,Home Office,West,Arizona,Phoenix,Technology,Accessories,812.79,3,0.2,-45.02
ORD-2023036,2023-01-19,2023-01-19,Same Day,CU-10418,Karen Martin,Home Office,South,Tennessee,Nashville,Technology,Phones,819.21,4,0.1,104.28
ORD-2023047,2024-06-27,2024-06-30,Standard Class,CU-10653,Sandra Jones,Consumer,East,Pennsylvania,Philadelphia,Office Supplies,Labels,13.54,1,0.15,2.02
ORD-2023564,2024-07-16,2024-07-18,First Class,CU-10447,Barbara Taylor,Home Office,South,Georgia,Atlanta,Office Supplies,Storage,216.04,1,0.15,26.11
ORD-2022267,2022-08-27,2022-09-01,Standard Class,CU-10394,Sandra Anderson,Corporate,East,Pennsylvania,Philadelphia,Furniture,Tables,2509.28,4,0.1,-27.11
ORD-2023395,2022-08-30,2022-09-03,Standard Class,CU-10022,Laura Taylor,Consumer,West,Arizona,Phoenix,Office Supplies,Supplies,28.05,2,0.15,7.81
ORD-2022689,2023-10-24,2023-10-29,Standard Class,CU-10203,Amy Davis,Home Office,West,Arizona,Phoenix,Office Supplies,Binders,63.63,2,0.0,21.49
ORD-2022060,2024-01-05,2024-01-05,Same Day,CU-10112,Mary Anderson,Home Office,Central,Michigan,Detroit,Furniture,Chairs,145.42,1,0.0,21.47
ORD-2025674,2024-07-15,2024-07-19,Standard Class,CU-10717,Nancy Smith,Consumer,South,North Carolina,Charlotte,Technology,Copiers,3586.72,1,0.0,753.62
ORD-2023189,2023-12-25,2023-12-27,First Class,CU-10260,Michael Hernandez,Home Office,South,Georgia,Atlanta,Furniture,Tables,545.55,1,0.4,-311.97
ORD-2024390,2023-11-25,2023-11-28,Standard Class,CU-10833,David Brown,Consumer,West,Washington,Seattle,Furniture,Bookcases,531.45,2,0.5,-444.46
ORD-2024457,2022-06-13,2022-06-16,Standard Class,CU-10259,Jason Martin,Consumer,West,Arizona,Phoenix,Technology,Accessories,190.95,2,0.2,-19.01
ORD-2023789,2022-05-10,2022-05-16,Standard Class,CU-10165,Robert Rodriguez,Corporate,West,California,Los Angeles,Technology,Accessories,263.03,5,0.4,-63.48
ORD-2022004,2022-06-02,2022-06-05,Standard Class,CU-10469,Nancy Wilson,Consumer,Central,Illinois,Chicago,Office Supplies,Labels,10.74,2,0.1,2.57
ORD-2025371,2022-03-11,2022-03-16,Standard Class,CU-10032,Nancy Anderson,Consumer,East,Pennsylvania,Philadelphia,Office Supplies,Supplies,36.94,2,0.1,4.96
ORD-2023342,2023-08-20,2023-08-27,Standard Class,CU-10229,Kevin Rodriguez,Consumer,West,Washington,Seattle,Office Supplies,Fasteners,16.8,1,0.15,4.82
ORD-2023414,2022-07-20,2022-07-24,Second Class,CU-10689,Michael Lopez,Consumer,East,New York,Buffalo,Office Supplies,Art,155.64,6,0.0,42.62
ORD-2022535,2022-10-26,2022-11-01,Standard Class,CU-10042,David Lee,Consumer,Central,Texas,Houston,Office Supplies,Fasteners,10.32,1,0.1,1.66
ORD-2025623,2024-09-13,2024-09-20,Standard Class,CU-10374,Ashley Hernandez,Consumer,West,California,San Francisco,Furniture,Chairs,416.52,1,0.5,-294.37
ORD-2024867,2023-11-06,2023-11-10,Standard Class,CU-10247,Karen Wilson,Consumer,East,Massachusetts,Boston,Technology,Copiers,1818.73,1,0.3,-423.61
ORD-2023768,2022-07-28,2022-08-03,Standard Class,CU-10006,Kevin Rodriguez,Consumer,Central,Illinois,Chicago,Furniture,Chairs,1129.58,7,0.1,-20.55
ORD-2024351,2024-10-01,2024-10-02,First Class,CU-10528,Ashley Lopez,Corporate,West,California,San Francisco,Office Supplies,Labels,20.0,2,0.0,6.31
ORD-2022581,2023-10-14,2023-10-19,Standard Class,CU-10058,Elizabeth Smith,Corporate,West,Washington,Seattle,Office Supplies,Fasteners,54.83,4,0.3,-3.59
ORD-2022195,2022-09-24,2022-09-30,Standard Class,CU-10463,Karen Jones,Corporate,South,Florida,Miami,Office Supplies,Labels,21.64,3,0.15,2.13
ORD-2023263,2024-12-07,2024-12-13,Standard Class,CU-10065,Karen Anderson,Corporate,East,Pennsylvania,Philadelphia,Office Supplies,Fasteners,7.24,1,0.2,0.48
ORD-2022172,2022-11-24,2022-12-01,Standard Class,CU-10604,Ashley Moore,Consumer,East,Pennsylvania,Philadelphia,Technology,Copiers,7638.62,3,0.2,-1023.07
ORD-2024301,2024-05-27,2024-06-01,Standard Class,CU-10342,Nancy Garcia,Consumer,West,Arizona,Phoenix,Technology,Machines,3735.71,3,0.1,350.83
ORD-2023352,2022-12-08,2022-12-15,Standard Class,CU-10409,Barbara Jones,Corporate,West,California,Los Angeles,Technology,Machines,1512.6,3,0.15,3.34
ORD-2025157,2022-04-10,2022-04-13,Standard Class,CU-10543,Karen Davis,Consumer,West,California,Los Angeles,Office Supplies,Labels,67.04,5,0.15,8.65
ORD-2023649,2024-08-01,2024-08-06,Standard Class,CU-10377,Karen Anderson,Consumer,East,New York,Buffalo,Furniture,Bookcases,189.0,2,0.2,-21.14
ORD-2026142,2022-03-07,2022-03-11,Standard Class,CU-10548,Laura Brown,Consumer,West,Washington,Seattle,Furniture,Tables,8661.22,8,0.4,-4137.73
ORD-2022924,2022-09-09,2022-09-15,Standard Class,CU-10193,Kevin Jackson,Home Office,East,Massachusetts,Boston,Furniture,Furnishings,118.57,1,0.2,-21.67
ORD-2022702,2022-08-29,2022-09-01,Second Class,CU-10455,Jason Jones,Consumer,Central,Illinois,Chicago,Office Supplies,Art,41.83,6,0.15,3.12
ORD-2023013,2024-12-08,2024-12-12,Second Class,CU-10137,Mary Anderson,Consumer,East,New York,Buffalo,Furniture,Furnishings,117.17,1,0.2,-16.13
ORD-2024878,2023-10-11,2023-10-13,First Class,CU-10479,Michael Martin,Home Office,South,Florida,Miami,Office Supplies,Art,16.48,8,0.1,2.81
ORD-2023173,2024-05-21,2024-05-26,Standard Class,CU-10281,Sandra Lee,Consumer,Central,Texas,Houston,Technology,Phones,496.6,1,0.0,111.56
ORD-2023783,2022-08-27,2022-08-31,Second Class,CU-10841,Sandra Smith,Consumer,East,New York,Buffalo,Office Supplies,Fasteners,1.34,1,0.0,0.44
ORD-2025832,2023-05-14,2023-05-18,Standard Class,CU-10728,Elizabeth Brown,Consumer,West,California,San Francisco,Furniture,Chairs,1351.02,3,0.2,-311.03
ORD-2024008,2022-08-26,2022-09-02,Standard Class,CU-10295,John Brown,Consumer,Central,Texas,Houston,Office Supplies,Storage,92.37,4,0.0,31.68
ORD-2022642,2022-03-30,2022-04-06,Standard Class,CU-10607,Steven Garcia,Home Office,West,California,Los Angeles,Office Supplies,Supplies,478.89,6,0.3,9.35
ORD-2025345,2024-01-12,2024-01-15,Second Class,CU-10286,Patricia Miller,Home Office,South,Florida,Miami,Office Supplies,Art,168.17,5,0.15,25.65
ORD-2024245,2022-10-13,2022-10-16,Standard Class,CU-10520,Karen Martin,Corporate,West,California,Los Angeles,Office Supplies,Binders,191.12,4,0.0,66.76
ORD-2024333,2022-08-05,2022-08-11,Standard Class,CU-10189,Kevin Thomas,Consumer,Central,Michigan,Detroit,Technology,Accessories,80.25,4,0.2,-2.93
ORD-2024117,2022-03-16,2022-03-23,Standard Class,CU-10723,David Williams,Consumer,South,Georgia,Atlanta,Furniture,Furnishings,376.85,5,0.2,-80.53
ORD-2023239,2022-07-31,2022-08-04,Second Class,CU-10498,Laura Davis,Corporate,West,Washington,Seattle,Office Supplies,Binders,37.82,1,0.3,2.18
ORD-2025527,2022-08-27,2022-08-30,Second Class,CU-10688,Barbara Jackson,Corporate,South,North Carolina,Charlotte,Office Supplies,Supplies,51.67,1,,9.37
ORD-2022415,2022-11-15,2022-11-20,Standard Class,CU-10424,Sandra Martinez,Consumer,Central,Texas,Houston,Office Supplies,Supplies,128.06,8,0.1,24.09
ORD-2024887,2024-12-03,2024-12-09,Standard Class,CU-10618,Jason Johnson,Consumer,South,North Carolina,Charlotte,Office Supplies,Binders,75.59,2,0.1,17.91
ORD-2023630,2023-08-16,2023-08-18,First Class,CU-10267,Mary Lopez,Corporate,West,Washington,Seattle,Office Supplies,Paper,72.77,3,0.0,27.1
ORD-2023759,2024-11-23,2024-11-29,Standard Class,CU-10007,Amy Brown,Consumer,East,Pennsylvania,Philadelphia,Technology,Copiers,9425.25,5,0.2,-788.21
ORD-2022982,2024-05-06,2024-05-11,Standard Class,CU-10784,Jason Brown,Corporate,Central,Texas,Houston,Technology,Copiers,2010.67,1,0.3,-404.03
ORD-2023164,2022-08-17,2022-08-24,Standard Class,CU-10430,Susan Taylor,Home Office,South,Tennessee,Nashville,Technology,Copiers,1892.75,1,0.0,295.11
ORD-2025129,2024-12-05,2024-12-06,First Class,CU-10297,David Martinez,Consumer,West,California,Los Angeles,Office Supplies,Art,58.1,6,0.0,18.08
ORD-2026100,2022-12-13,2022-12-16,Standard Class,CU-10394,Sandra Anderson,Consumer,South,Florida,Miami,Office Supplies,Fasteners,7.73,1,0.2,0.9
ORD-2025801,2022-10-23,2022-10-25,Second Class,CU-10570,Elizabeth Garcia,Consumer,West,California,Los Angeles,Office Supplies,Paper,9.42,4,0.0,3.4
ORD-2025163,2024-03-28,2024-04-03,Standard Class,CU-10269,Susan Thomas,Consumer,East,New York,New York City,Office Supplies,Labels,7.37,1,0.1,1.06
ORD-2022586,2022-09-22,2022-09-25,Second Class,CU-10201,Laura Rodriguez,Consumer,South,Florida,Miami,Office Supplies,Labels,89.59,7,0.1,23.34
ORD-2024479,2024-12-05,2024-12-10,Standard Class,CU-10565,Linda Hernandez,Consumer,Central,Texas,Houston,Office Supplies,Supplies,224.97,2,0.2,11.93
ORD-2022812,2024-12-28,2025-01-01,Standard Class,CU-10839,John Garcia,Home Office,West,California,Los Angeles,Office Supplies,Supplies,486.55,7,0.1,102.4
ORD-2023070,2024-10-25,2024-10-26,First Class,CU-10201,Laura Rodriguez,Home Office,Central,Texas,Houston,Office Supplies,Fasteners,17.61,1,0.1,2.92
ORD-2023167,2023-10-22,2023-10-25,Standard Class,CU-10743,Jason Garcia,Consumer,Central,Ohio,Columbus,Office Supplies,Binders,55.36,1,0.0,16.63
ORD-2025670,2023-02-24,2023-02-25,First Class,CU-10063,Amy Moore,Home Office,West,Arizona,Phoenix,Office Supplies,Art,11.97,1,0.1,1.08
ORD-2024119,2022-11-15,2022-11-21,Standard Class,CU-10347,Robert Anderson,Consumer,West,California,Los Angeles,Furniture,Tables,5058.45,4,0.15,-820.18
ORD-2025243,2022-12-16,2022-12-18,First Class,CU-10413,Jason Martin,Consumer,East,Pennsylvania,Philadelphia,Office Supplies,Storage,234.14,1,0.0,83.17
ORD-2023840,2022-03-05,2022-03-08,Standard Class,CU-10023,Jason Jackson,Consumer,East,New York,New York City,Office Supplies,Labels,4.17,4,0.0,1.14
ORD-2023065,2024-12-20,2024-12-21,First Class,CU-10082,Jason Moore,Consumer,Central,Ohio,Columbus,Technology,Accessories,237.56,2,0.0,60.98
ORD-2022462,2024-12-06,2024-12-10,Standard Class,CU-10671,Steven Wilson,Consumer,West,Washington,Seattle,Technology,Accessories,167.99,1,0.2,11.47
ORD-2023906,2023-06-25,2023-07-02,Standard Class,CU-10307,Ashley Lopez,Consumer,West,Arizona,Phoenix,Office Supplies,Art,18.99,1,0.0,5.66
ORD-2024299,2024-04-18,2024-04-19,First Class,CU-10291,Steven Smith,Consumer,West,Washington,Seattle,Office Supplies,Storage,1522.02,7,0.1,217.16
ORD-2023309,2024-12-05,2024-12-10,Standard Class,CU-10250,Jason Brown,Consumer,Central,Ohio,Columbus,Office Supplies,Storage,17.83,1,0.0,5.48
ORD-2024703,2024-08-15,2024-08-21,Standard Class,CU-10277,Barbara Johnson,Consumer,Central,Illinois,Chicago,Office Supplies,Labels,2.63,1,,0.74
ORD-2023335,2024-10-04,2024-10-11,Standard Class,CU-10017,Amy Garcia,Home Office,South,Tennessee,Nashville,Furniture,Tables,1159.34,6,0.5,-870.1
ORD-2022305,2023-07-23,2023-07-27,Standard Class,CU-10419,Robert Rodriguez,Corporate,West,Arizona,Phoenix,Furniture,Tables,973.03,1,0.0,118.08
ORD-2022911,2024-10-27,2024-11-03,,CU-10227,Linda Garcia,Home Office,South,Georgia,Atlanta,Furniture,Bookcases,1193.05,5,0.2,-152.69
ORD-2022439,2023-12-14,2023-12-18,Standard Class,CU-10084,Sandra Anderson,Consumer,West,California,San Francisco,Office Supplies,Fasteners,5.62,1,0.2,1.25
ORD-2022713,2024-11-12,2024-11-13,First Class,CU-10795,Laura Lopez,Consumer,East,Massachusetts,Boston,Office Supplies,Art,134.31,6,0.15,8.93
ORD-2026135,2022-02-11,2022-02-15,Standard Class,CU-10818,James Rodriguez,Home Office,West,Washington,Seattle,Furniture,Chairs,216.23,2,0.5,-136.86
ORD-2023459,2023-03-24,2023-03-25,First Class,CU-10080,Sandra Anderson,Consumer,East,Massachusetts,Boston,Technology,Accessories,180.27,1,0.2,7.55
ORD-2023652,2022-11-23,2022-11-25,Second Class,CU-10051,Barbara Anderson,Home Office,Central,Illinois,Chicago,Office Supplies,Fasteners,29.78,6,0.0,10.63
ORD-2025793,2022-08-27,2022-09-01,Standard Class,CU-10059,Elizabeth Thomas,Consumer,East,Pennsylvania,Philadelphia,Technology,Accessories,986.24,7,0.0,273.46
ORD-2025965,2022-05-28,2022-06-01,Second Class,CU-10698,Ashley Taylor,Consumer,East,Pennsylvania,Philadelphia,Office Supplies,Storage,18.82,1,0.1,4.16
ORD-2025443,2023-03-04,2023-03-08,Standard Class,CU-10714,Michael Rodriguez,Consumer,Central,Texas,Houston,Office Supplies,Fasteners,7.21,1,0.0,2.71
ORD-2023973,2023-03-11,2023-03-14,Second Class,CU-10827,Linda Martin,Corporate,West,California,Los Angeles,Office Supplies,Supplies,121.8,3,0.2,12.76
ORD-2024126,2023-01-12,2023-01-16,Standard Class,CU-10644,Linda Miller,Consumer,West,California,San Francisco,Office Supplies,Paper,137.57,6,0.1,24.63
ORD-2023466,2023-06-13,2023-06-18,Standard Class,CU-10300,Karen Rodriguez,Corporate,Central,Illinois,Chicago,Office Supplies,Fasteners,44.66,3,0.0,15.16
ORD-2022734,2022-04-15,2022-04-22,Standard Class,CU-10107,Amy Jones,Consumer,South,Georgia,Atlanta,Office Supplies,Storage,175.67,4,0.0,57.51
ORD-2025495,2024-08-21,2024-08-24,Second Class,CU-10734,Kevin Thomas,Consumer,Central,Illinois,Chicago,Office Supplies,Fasteners,20.84,7,0.1,4.25
ORD-2024027,2023-03-23,2023-03-24,First Class,CU-10222,Ashley Garcia,Consumer,Central,Texas,Houston,Furniture,Tables,2222.04,2,0.1,14.52
ORD-2023074,2024-10-02,2024-10-05,Second Class,CU-10224,Kevin Johnson,Consumer,West,California,Los Angeles,Technology,Copiers,7844.8,3,0.0,2021.41
ORD-2025459,2024-07-17,2024-07-20,Second Class,CU-10267,Mary Lopez,Corporate,East,New York,New York City,Office Supplies,Paper,141.12,7,0.0,52.83
ORD-2025966,2023-09-09,2023-09-12,Standard Class,CU-10021,Susan Rodriguez,Corporate,East,New York,New York City,Office Supplies,Storage,255.3,1,0.15,42.57
ORD-2023330,2024-06-22,2024-06-25,Second Class,CU-10669,Amy Miller,Consumer,East,New York,New York City,Office Supplies,Binders,359.72,8,0.0,83.66
ORD-2025751,2023-09-23,2023-09-26,Standard Class,CU-10481,Kevin Jones,Consumer,West,Arizona,Phoenix,Technology,Copiers,4428.41,2,0.1,323.25
ORD-2023856,2022-11-06,2022-11-07,First Class,CU-10455,Jason Jones,Corporate,South,Tennessee,Nashville,Technology,Machines,10153.51,8,0.0,4062.58
ORD-2023893,2022-02-13,2022-02-17,Second Class,CU-10110,Patricia Jackson,Consumer,Central,Michigan,Detroit,Furniture,Bookcases,750.88,5,0.1,16.84
ORD-2022065,2023-11-04,2023-11-10,Standard Class,CU-10304,Barbara Moore,Corporate,West,California,San Francisco,Office Supplies,Binders,59.49,6,0.0,19.55
ORD-2026380,2023-10-04,2023-10-11,Standard Class,CU-10106,Jason Jackson,Consumer,Central,Illinois,Chicago,Technology,Accessories,654.3,5,0.0,170.41
ORD-2023988,2024-12-25,2024-12-31,Standard Class,CU-10621,Karen Miller,Corporate,West,Washington,Seattle,Furniture,Tables,3848.92,5,0.2,-485.5
ORD-2023219,2022-04-23,2022-04-29,Standard Class,CU-10004,James Williams,Consumer,West,California,Los Angeles,Office Supplies,Storage,279.57,3,0.3,6.57
ORD-2022357,2024-07-27,2024-07-29,Second Class,CU-10135,Laura Johnson,Home Office,East,New York,New York City,Office Supplies,Paper,66.2,3,0.0,17.63
ORD-2024289,2022-12-12,2022-12-17,Standard Class,CU-10278,Kevin Garcia,Corporate,South,Georgia,Atlanta,Office Supplies,Storage,1625.46,7,0.15,287.93
ORD-2025736,2022-11-23,2022-11-24,First Class,CU-10140,Susan Jones,Consumer,South,Florida,Miami,Office Supplies,Binders,50.83,3,0.0,14.19
ORD-2024916,2022-11-17,2022-11-21,Standard Class,CU-10479,Michael Martin,Consumer,Central,Illinois,Chicago,Office Supplies,Supplies,248.74,7,0.15,33.43
ORD-2024969,2022-09-28,2022-10-02,Second Class,CU-10298,Sandra Moore,Consumer,West,California,Los Angeles,Office Supplies,Binders,84.7,2,0.2,7.16
ORD-2023093,2022-11-25,2022-11-29,Standard Class,CU-10649,Kevin Garcia,Corporate,South,North Carolina,Charlotte,Office Supplies,Labels,4.19,3,0.2,0.41
ORD-2026355,2024-02-21,2024-02-26,Standard Class,CU-10591,James Taylor,Corporate,West,California,Los Angeles,Furniture,Furnishings,505.52,4,0.3,-187.24
ORD-2025142,2024-12-30,2025-01-06,Standard Class,CU-10759,Susan Brown,Home Office,South,Florida,Miami,Office Supplies,Supplies,52.44,1,0.3,-2.17
ORD-2026357,2022-12-22,2022-12-24,First Class,CU-10360,Steven Hernandez,Corporate,West,California,Los Angeles,Office Supplies,Storage,239.89,4,0.15,33.99
ORD-2023377,2024-10-21,2024-10-28,Standard Class,CU-10672,Ashley Moore,Consumer,West,California,Los Angeles,Office Supplies,Paper,168.63,7,0.1,28.15
ORD-2025502,2022-01-02,2022-01-08,Standard Class,CU-10480,Robert Martin,Consumer,South,North Carolina,Charlotte,Office Supplies,Binders,321.79,8,0.1,56.85
ORD-2022396,2024-09-02,2024-09-02,Same Day,CU-10315,James Smith,Corporate,West,California,Los Angeles,Technology,Machines,1663.38,1,0.0,456.88
ORD-2023277,2022-06-16,2022-06-16,,CU-10082,Jason Moore,Home Office,Central,Illinois,Chicago,Office Supplies,Binders,38.51,2,0.2,0.84
ORD-2025978,2023-09-04,2023-09-08,Standard Class,CU-10230,Patricia Miller,Corporate,Central,Michigan,Detroit,Office Supplies,Storage,978.12,4,0.0,242.49
ORD-2022872,2024-12-22,2024-12-26,Second Class,CU-10299,Karen Taylor,Corporate,South,Tennessee,Nashville,Office Supplies,Art,12.77,1,0.0,4.57
ORD-2022933,2024-06-01,2024-06-06,Standard Class,CU-10348,David Williams,Consumer,West,California,Los Angeles,Office Supplies,Storage,924.09,4,0.2,126.63
ORD-2023847,2023-12-20,2023-12-26,Standard Class,CU-10835,Linda Taylor,Corporate,West,Arizona,Phoenix,Office Supplies,Art,119.61,4,0.15,23.42
ORD-2026073,2022-09-19,2022-09-21,Second Class,CU-10246,Susan Rodriguez,Home Office,West,California,San Francisco,Furniture,Furnishings,309.75,3,0.0,71.95
ORD-2024345,2022-04-24,2022-05-01,Standard Class,CU-10495,Michael Jones,Corporate,West,Washington,Seattle,Office Supplies,Supplies,664.55,7,0.15,125.45
ORD-2025211,2024-03-09,2024-03-13,Second Class,CU-10477,Susan Jones,Home Office,West,Washington,Seattle,Office Supplies,Art,39.83,4,,11.18
ORD-2023780,2022-09-14,2022-09-18,Standard Class,CU-10700,Laura Garcia,Corporate,Central,Texas,Houston,Office Supplies,Supplies,53.32,2,0.1,10.73
ORD-2025807,2023-12-14,2023-12-16,Second Class,CU-10475,David Rodriguez,Consumer,East,Pennsylvania,Philadelphia,Office Supplies,Art,77.46,2,0.0,25.32
ORD-2024888,2022-06-23,2022-06-25,First Class,CU-10759,Susan Brown,Consumer,Central,Illinois,Chicago,Furniture,Tables,4109.5,5,0.1,71.63
ORD-2024234,2024-05-16,2024-05-18,Second Class,CU-10338,Steven Williams,Consumer,Central,Illinois,Chicago,Technology,Accessories,130.73,2,0.0,31.82
ORD-2025536,2022-11-08,2022-11-10,Second Class,CU-10725,Kevin Rodriguez,Consumer,South,Tennessee,Nashville,Office Supplies,Binders,196.75,6,0.15,12.85
ORD-2023288,2023-07-07,2023-07-12,Standard Class,CU-10506,Sandra Taylor,Corporate,Central,Illinois,Chicago,Technology,Phones,364.96,3,0.0,107.49
ORD-2022137,2023-08-20,2023-08-23,Standard Class,CU-10297,David Martinez,Corporate,East,Pennsylvania,Philadelphia,Office Supplies,Art,46.41,3,0.0,14.1
ORD-2022973,2024-11-20,2024-11-23,Standard Class,CU-10595,James Lopez,Consumer,East,New York,Buffalo,Office Supplies,Paper,37.46,4,0.1,7.41
ORD-2022797,2022-09-09,2022-09-16,Standard Class,CU-10547,Steven Moore,Corporate,West,Washington,Seattle,Technology,Machines,4732.69,2,0.1,0.68
ORD-2026451,2024-12-19,2024-12-26,Standard Class,CU-10483,Kevin Brown,Consumer,East,New York,Buffalo,Furniture,Furnishings,416.8,3,,-318.5
ORD-2025491,2022-01-06,2022-01-10,Standard Class,CU-10114,Steven Miller,Consumer,East,Pennsylvania,Philadelphia,Furniture,Bookcases,276.15,1,0.2,-57.43
ORD-2023833,2022-09-25,2022-09-27,Second Class,CU-10198,John Hernandez,Consumer,Central,Illinois,Chicago,Technology,Copiers,1085.18,1,0.15,32.75
ORD-2023542,2023-02-26,2023-03-05,Standard Class,CU-10059,Elizabeth Thomas,Consumer,West,Washington,Seattle,Office Supplies,Labels,17.22,2,0.0,4.41
ORD-2022615,2024-04-24,2024-04-25,First Class,CU-10408,John Anderson,Corporate,East,Pennsylvania,Philadelphia,Office Supplies,Paper,23.47,6,0.1,4.06
ORD-2023724,2023-09-06,2023-09-09,Second Class,CU-10514,Kevin Brown,Consumer,West,Arizona,Phoenix,Technology,Phones,475.55,2,0.15,16.56
ORD-2024637,2022-10-26,2022-10-30,Second Class,CU-10194,David Davis,Corporate,Central,Texas,Houston,Office Supplies,Supplies,36.1,1,0.2,2.84
ORD-2022516,2022-12-22,2022-12-26,Second Class,CU-10753,James Moore,Consumer,Central,Illinois,Chicago,Office Supplies,Art,115.05,5,0.3,4.73
ORD-2025613,2024-11-06,2024-11-12,Standard Class,CU-10041,Patricia Smith,Consumer,South,Georgia,Atlanta,Office Supplies,Supplies,87.87,3,0.1,16.44
ORD-2024762,2022-06-12,2022-06-15,Second Class,CU-10776,Jason Lopez,Corporate,South,North Carolina,Charlotte,Furniture,Chairs,2992.65,6,0.2,-548.52
ORD-2022220,2022-12-16,2022-12-21,Standard Class,CU-10589,Steven Garcia,Consumer,East,Massachusetts,Boston,Furniture,Tables,1527.16,4,0.3,-627.67
ORD-2025737,2024-04-11,2024-04-14,Standard Class,CU-10655,Elizabeth Smith,Consumer,West,Washington,Seattle,Office Supplies,Supplies,23.15,1,0.0,7.18
ORD-2026352,2023-12-27,2023-12-30,Standard Class,CU-10228,Mary Wilson,Consumer,South,Tennessee,Nashville,Furniture,Furnishings,277.33,2,0.1,8.91
ORD-2022376,2024-12-01,2024-12-04,Second Class,CU-10175,Sandra Williams,Corporate,West,California,Los Angeles,Office Supplies,Labels,3.25,1,,1.13
ORD-2024697,2022-03-05,2022-03-12,Standard Class,CU-10424,Sandra Martinez,Corporate,Central,Michigan,Detroit,Furniture,Furnishings,54.47,1,0.5,-41.46
ORD-2025944,2022-09-22,2022-09-28,Standard Class,CU-10624,Kevin Lopez,Consumer,South,Tennessee,Nashville,Furniture,Tables,3361.71,3,0.3,-1337.76
ORD-2023366,2022-11-01,2022-11-06,Standard Class,CU-10255,John Hernandez,Corporate,West,Arizona,Phoenix,Technology,Machines,1842.05,8,0.0,476.2
ORD-2022414,2022-03-01,2022-03-02,First Class,CU-10453,Amy Lee,Consumer,East,Massachusetts,Boston,Office Supplies,Fasteners,11.6,2,0.0,2.72
ORD-2022725,2022-03-18,2022-03-19,First Class,CU-10522,Susan Jackson,Home Office,West,California,Los Angeles,Office Supplies,Paper,4.66,1,0.0,1.69
ORD-2026253,2023-10-13,2023-10-14,First Class,CU-10189,Kevin Thomas,Home Office,East,Massachusetts,Boston,Office Supplies,Storage,222.78,1,0.1,61.2
ORD-2022282,2022-11-13,2022-11-19,Standard Class,CU-10444,Jason Hernandez,Consumer,Central,Michigan,Detroit,Office Supplies,Labels,41.61,3,0.1,5.5
ORD-2025490,2023-11-23,2023-11-26,Standard Class,CU-10474,Jason Lopez,Consumer,East,New York,Buffalo,Technology,Copiers,3846.71,1,0.1,317.54
ORD-2026430,2022-12-20,2022-12-25,Standard Class,CU-10612,Kevin Taylor,Home Office,South,North Carolina,Charlotte,Office Supplies,Binders,14.34,3,0.15,1.71
ORD-2024320,2022-03-06,2022-03-10,Standard Class,CU-10716,John Davis,Corporate,East,New York,New York City,Furniture,Chairs,413.31,2,0.15,-47.54
ORD-2024132,2024-12-27,2024-12-30,Standard Class,CU-10794,Jason Taylor,Consumer,East,Pennsylvania,Philadelphia,Office Supplies,Binders,8.83,1,0.15,1.02
ORD-2023546,2022-11-15,2022-11-15,Same Day,CU-10452,Nancy Jones,Corporate,East,Massachusetts,Boston,Office Supplies,Binders,80.63,3,0.0,25.44
ORD-2026455,2023-01-03,2023-01-10,Standard Class,CU-10828,Kevin Rodriguez,Consumer,West,California,San Francisco,Furniture,Tables,1079.51,1,0.1,-4.27
ORD-2023040,2022-05-30,2022-05-31,First Class,CU-10768,Robert Martin,Corporate,South,Georgia,Atlanta,Office Supplies,Paper,163.69,7,0.15,31.57
ORD-2022471,2023-08-09,2023-08-12,Standard Class,CU-10182,Michael Taylor,Corporate,East,New York,New York City,Office Supplies,Supplies,93.89,1,0.15,8.19
ORD-2025778,2024-05-29,2024-06-05,Standard Class,CU-10107,Amy Jones,Home Office,Central,Michigan,Detroit,Office Supplies,Supplies,27.92,3,0.1,2.25
ORD-2023758,2024-11-13,2024-11-20,Standard Class,CU-10163,Patricia Johnson,Consumer,West,California,San Francisco,Technology,Accessories,168.84,1,0.15,10.99
ORD-2022011,2024-11-26,2024-11-26,Same Day,CU-10000,David Smith,Corporate,East,Massachusetts,Boston,Furniture,Bookcases,835.17,4,0.0,126.75
ORD-2025733,2023-11-18,2023-11-23,Standard Class,CU-10675,Amy Smith,Consumer,West,California,San Francisco,Office Supplies,Supplies,514.38,5,0.2,36.12
ORD-2024015,2023-10-03,2023-10-07,Standard Class,CU-10188,David Jackson,Corporate,East,New York,New York City,Office Supplies,Labels,21.34,3,0.0,7.09
ORD-2023608,2023-06-06,2023-06-10,Second Class,CU-10301,Patricia Jones,Corporate,West,Washington,Seattle,Office Supplies,Binders,206.84,4,0.0,63.84
ORD-2024624,2023-11-14,2023-11-19,Standard Class,CU-10467,James Miller,Corporate,East,New York,New York City,Furniture,Furnishings,381.6,3,0.4,-233.91
ORD-2022885,2023-03-22,2023-03-29,Standard Class,CU-10841,Sandra Smith,Home Office,East,New York,New York City,Office Supplies,Art,54.76,3,0.1,16.42
ORD-2026387,2022-08-28,2022-08-31,Second Class,CU-10303,Michael Martinez,Corporate,South,Tennessee,Nashville,Technology,Machines,2119.53,1,0.4,-697.27
ORD-2024608,2023-12-31,2024-01-07,Standard Class,CU-10616,Patricia Wilson,Home Office,Central,Ohio,Columbus,Furniture,Furnishings,29.29,1,0.0,5.33
ORD-2023650,2022-11-29,2022-12-01,First Class,CU-10020,Ashley Johnson,Corporate,East,New York,Buffalo,Technology,Accessories,381.37,2,0.15,22.61
ORD-2025908,2023-10-31,2023-11-04,Standard Class,CU-10557,Ashley Hernandez,Home Office,West,Arizona,Phoenix,Technology,Copiers,4654.16,3,0.2,43.88
ORD-2022946,2024-03-22,2024-03-25,Standard Class,CU-10416,Elizabeth Thomas,Corporate,West,Arizona,Phoenix,Office Supplies,Paper,29.16,8,0.1,5.9
ORD-2025819,2024-09-18,2024-09-25,Standard Class,CU-10136,Amy Miller,Consumer,East,Pennsylvania,Philadelphia,Office Supplies,Supplies,30.62,2,0.3,-1.72
ORD-2024950,2022-08-27,2022-08-28,First Class,CU-10061,Laura Jones,Consumer,Central,Ohio,Columbus,Office Supplies,Storage,788.29,5,0.1,209.34
ORD-2023528,2022-08-18,2022-08-25,Standard Class,CU-10192,David Thomas,Consumer,South,North Carolina,Charlotte,Furniture,Chairs,1591.28,3,0.3,-588.92
ORD-2023026,2024-12-06,2024-12-09,Standard Class,CU-10567,James Davis,Home Office,West,Arizona,Phoenix,Furniture,Bookcases,332.64,1,0.2,-84.76
ORD-2023914,2022-08-22,2022-08-29,Standard Class,CU-10688,Barbara Jackson,Consumer,South,Tennessee,Nashville,Office Supplies,Supplies,238.44,2,0.0,82.88
ORD-2025584,2024-11-19,2024-11-23,Standard Class,CU-10690,Ashley Wilson,Home Office,Central,Texas,Houston,Technology,Copiers,7578.29,5,0.15,58.28
ORD-2022543,2024-12-27,2024-12-31,Standard Class,CU-10166,Nancy Moore,Corporate,West,California,Los Angeles,Office Supplies,Paper,2.82,1,0.1,0.62
ORD-2022223,2024-12-10,2024-12-14,Second Class,CU-10387,Robert Anderson,Corporate,West,California,Los Angeles,Furniture,Furnishings,369.72,4,,2.01
ORD-2025722,2024-09-29,2024-10-04,,CU-10176,James Williams,Consumer,Central,Texas,Houston,Office Supplies,Art,185.3,6,0.0,56.82
ORD-2023402,2024-12-17,2024-12-21,Standard Class,CU-10055,Patricia Thomas,Consumer,Central,Michigan,Detroit,Office Supplies,Binders,214.43,4,0.0,87.11
ORD-2022770,2022-11-16,2022-11-19,Standard Class,CU-10519,Laura Rodriguez,Consumer,East,Pennsylvania,Philadelphia,Technology,Accessories,1193.92,5,0.0,289.11
ORD-2024249,2023-01-26,2023-02-02,Standard Class,CU-10452,Nancy Jones,Consumer,East,New York,New York City,Technology,Phones,2117.09,6,0.1,309.11
ORD-2024886,2022-02-19,2022-02-20,First Class,CU-10747,David Jones,Corporate,South,Georgia,Atlanta,Technology,Phones,1698.02,2,0.4,-444.26
ORD-2022180,2024-11-06,2024-11-09,Standard Class,CU-10288,Elizabeth Williams,Consumer,South,Georgia,Atlanta,Office Supplies,Fasteners,21.06,6,0.1,4.78
ORD-2023520,2022-12-11,2022-12-13,First Class,CU-10713,Kevin Martin,Home Office,West,Arizona,Phoenix,Office Supplies,Binders,99.24,2,0.15,20.33
ORD-2022125,2023-09-05,2023-09-07,Second Class,CU-10508,Steven Thomas,Corporate,West,Washington,Seattle,Technology,Machines,13811.26,5,0.0,2616.54
ORD-2022730,2022-12-22,2022-12-25,Standard Class,CU-10575,Nancy Jones,Consumer,West,California,Los Angeles,Furniture,Chairs,510.94,1,0.15,-4.98
ORD-2022616,2024-05-18,2024-05-24,Standard Class,CU-10656,David Miller,Consumer,West,Arizona,Phoenix,Technology,Phones,1863.85,2,0.15,-73.91
ORD-2025262,2022-05-01,2022-05-03,First Class,CU-10629,Susan Lee,Consumer,West,California,Los Angeles,Technology,Phones,4240.08,5,0.0,1045.79
ORD-2023322,2022-01-12,2022-01-18,Standard Class,CU-10062,James Garcia,Home Office,West,California,San Francisco,Furniture,Furnishings,218.46,5,0.1,-11.23
ORD-2023135,2022-12-24,2022-12-25,First Class,CU-10458,Mary Davis,Home Office,Central,Michigan,Detroit,Office Supplies,Labels,20.34,4,0.1,2.33
ORD-2023949,2024-11-25,2024-12-02,Standard Class,CU-10792,Susan Jackson,Corporate,Central,Texas,Houston,Furniture,Furnishings,77.95,1,0.2,-20.25
ORD-2024385,2024-06-04,2024-06-05,First Class,CU-10057,Susan Thomas,Consumer,East,New York,Buffalo,Furniture,Tables,2616.66,4,0.2,-673.8
ORD-2022539,2024-09-13,2024-09-15,First Class,CU-10545,Patricia Lee,Corporate,South,Tennessee,Nashville,Office Supplies,Storage,103.52,1,0.1,35.27
ORD-2023677,2023-06-22,2023-06-26,Standard Class,CU-10037,David Jackson,Consumer,West,Arizona,Phoenix,Furniture,Tables,2492.16,3,0.15,-31.92
ORD-2023398,2023-11-12,2023-11-14,Second Class,CU-10764,Steven Davis,Corporate,West,California,Los Angeles,Furniture,Bookcases,2043.07,4,0.2,-557.16
ORD-2022289,2022-06-13,2022-06-13,Same Day,CU-10428,Michael Thomas,Consumer,West,California,Los Angeles,Office Supplies,Supplies,114.13,1,0.0,43.18
ORD-2025363,2023-11-28,2023-12-05,Standard Class,CU-10644,Linda Miller,Home Office,East,New York,Buffalo,Technology,Phones,1964.46,5,0.3,-355.79
ORD-2024973,2024-11-28,2024-11-30,Second Class,CU-10224,Kevin Johnson,Corporate,West,California,San Francisco,Office Supplies,Supplies,156.04,3,0.3,5.37
ORD-2022975,2023-12-04,2023-12-07,Standard Class,CU-10311,John Anderson,Corporate,South,Tennessee,Nashville,Furniture,Tables,1003.82,2,0.0,169.76
ORD-2024854,2024-05-29,2024-06-01,Standard Class,CU-10773,Amy Jackson,Home Office,Central,Michigan,Detroit,Office Supplies,Supplies,401.39,4,0.2,52.35
ORD-2023772,2023-12-15,2023-12-16,First Class,CU-10321,David Garcia,Consumer,West,Washington,Seattle,Office Supplies,Art,60.21,2,0.3,-0.25
ORD-2022508,2023-09-05,2023-09-07,First Class,CU-10418,Karen Martin,Home Office,South,Florida,Miami,Office Supplies,Paper,75.73,7,0.0,24.67
ORD-2023231,2023-11-22,2023-11-24,Second Class,CU-10368,John Rodriguez,Consumer,West,California,Los Angeles,Office Supplies,Binders,175.56,8,0.15,29.34
ORD-2023488,2024-11-09,2024-11-13,Standard Class,CU-10535,John Brown,Home Office,East,Massachusetts,Boston,Furniture,Bookcases,1377.76,4,0.0,279.9
ORD-2024402,2024-05-22,2024-05-29,Standard Class,CU-10729,Mary Jones,Consumer,Central,Ohio,Columbus,Office Supplies,Supplies,121.3,4,0.15,14.41
ORD-2022041,2024-09-10,2024-09-15,Standard Class,CU-10609,Sandra Moore,Consumer,Central,Michigan,Detroit,Office Supplies,Labels,44.71,4,0.15,7.79
ORD-2024588,2023-07-07,2023-07-10,Second Class,CU-10126,Linda Moore,Corporate,West,California,San Francisco,Furniture,Chairs,840.04,8,0.2,-113.63
ORD-2024414,2023-08-27,2023-08-31,Second Class,CU-10146,Sandra Martin,Consumer,East,Pennsylvania,Philadelphia,Office Supplies,Supplies,13.74,1,0.1,3.41
ORD-2022232,2024-12-15,2024-12-17,First Class,CU-10790,Ashley Miller,Home Office,South,Georgia,Atlanta,Office Supplies,Paper,24.65,1,0.0,5.34
ORD-2024773,2022-03-29,2022-04-02,Second Class,CU-10528,Ashley Lopez,Consumer,Central,Texas,Houston,Furniture,Furnishings,646.24,5,0.1,34.59
ORD-2026301,2024-03-27,2024-03-29,First Class,CU-10258,David Johnson,Consumer,Central,Texas,Houston,Furniture,Chairs,513.73,1,0.3,-197.81
ORD-2024650,2024-12-28,2024-12-30,First Class,CU-10511,Nancy Hernandez,Corporate,South,Georgia,Atlanta,Technology,Phones,2296.86,5,0.2,-91.69
ORD-2023777,2023-07-01,2023-07-03,First Class,CU-10466,James Davis,Consumer,East,New York,New York City,Technology,Phones,713.5,1,0.0,101.56
ORD-2022882,2024-12-01,2024-12-04,Second Class,CU-10076,Michael Moore,Corporate,Central,Texas,Houston,Office Supplies,Labels,13.43,1,0.1,3.39
ORD-2024372,2022-12-18,2022-12-22,Standard Class,CU-10577,Barbara Williams,Corporate,South,North Carolina,Charlotte,Technology,Machines,4766.61,2,0.4,-1505.2
ORD-2025999,2022-09-25,2022-09-30,Standard Class,CU-10221,Patricia Hernandez,Corporate,East,New York,Buffalo,Office Supplies,Fasteners,21.35,5,0.1,4.09
ORD-2022876,2023-04-16,2023-04-20,Standard Class,CU-10668,John Williams,Consumer,East,New York,Buffalo,Technology,Machines,1429.44,2,0.3,-245.19
ORD-2022335,2023-12-07,2023-12-11,Standard Class,CU-10493,Barbara Davis,Home Office,East,New York,Buffalo,Furniture,Bookcases,913.09,2,0.0,170.44
ORD-2023391,2024-09-15,2024-09-18,Second Class,CU-10255,John Hernandez,Home Office,Central,Michigan,Detroit,Office Supplies,Art,20.82,8,0.0,7.01
ORD-2025768,2023-12-29,2023-12-29,Same Day,CU-10018,Nancy Taylor,Corporate,South,Tennessee,Nashville,Office Supplies,Art,71.74,2,0.0,18.93
ORD-2022506,2022-12-23,2022-12-30,Standard Class,CU-10667,Linda Thomas,Consumer,Central,Ohio,Columbus,Office Supplies,Labels,27.09,2,0.0,9.26
ORD-2024824,2024-12-22,2024-12-27,Standard Class,CU-10165,Robert Rodriguez,Consumer,West,Arizona,Phoenix,Furniture,Bookcases,654.14,1,0.0,152.31
ORD-2025416,2023-12-09,2023-12-13,Standard Class,CU-10626,Nancy Rodriguez,Home Office,South,North Carolina,Charlotte,Office Supplies,Storage,175.61,3,0.15,25.71
ORD-2022348,2023-11-24,2023-11-28,Standard Class,CU-10124,Susan Williams,Corporate,West,Washington,Seattle,Technology,Accessories,745.41,4,0.15,-41.42
ORD-2026395,2023-06-19,2023-06-24,Standard Class,CU-10136,Amy Miller,Consumer,Central,Illinois,Chicago,Office Supplies,Art,63.92,2,0.1,14.41
ORD-2023863,2023-10-09,2023-10-13,Second Class,CU-10375,Linda Lopez,Corporate,West,California,San Francisco,Furniture,Tables,2408.4,2,0.1,-121.26
ORD-2025667,2022-07-22,2022-07-26,Standard Class,CU-10009,Robert Miller,Consumer,Central,Texas,Houston,Furniture,Chairs,630.53,4,0.0,160.41
ORD-2023336,2022-10-02,2022-10-08,Standard Class,CU-10129,Patricia Garcia,Home Office,West,Washington,Seattle,Office Supplies,Labels,30.96,4,0.0,11.2
ORD-2024515,2024-09-14,2024-09-21,Standard Class,CU-10126,Linda Moore,Home Office,East,New York,New York City,Office Supplies,Binders,56.81,1,0.15,7.18
ORD-2025474,2023-11-03,2023-11-06,Standard Class,CU-10613,Michael Martin,Consumer,Central,Ohio,Columbus,Office Supplies,Paper,7.84,1,0.1,1.92
ORD-2025294,2023-08-27,2023-08-30,Standard Class,CU-10296,Laura Brown,Consumer,East,New York,New York City,Office Supplies,Fasteners,15.04,2,0.15,1.85
ORD-2023255,2024-09-30,2024-10-04,Standard Class,CU-10417,Robert Anderson,Corporate,West,Arizona,Phoenix,Office Supplies,Fasteners,21.56,4,0.0,6.96
ORD-2023338,2024-10-28,2024-10-31,Standard Class,CU-10719,Mary Williams,Consumer,East,New York,New York City,Technology,Copiers,4002.84,2,0.2,193.6
ORD-2024815,2023-11-07,2023-11-11,Second Class,CU-10488,John Martin,Corporate,East,Pennsylvania,Philadelphia,Office Supplies,Paper,170.46,7,0.15,22.32
ORD-2022340,2022-08-04,2022-08-08,Second Class,CU-10171,David Miller,Corporate,East,New York,Buffalo,Office Supplies,Binders,274.28,8,0.0,85.32
ORD-2026175,2023-11-05,2023-11-09,Standard Class,CU-10834,David Davis,Home Office,West,California,San Francisco,Technology,Copiers,7645.41,6,0.0,2659.53
ORD-2025754,2023-07-26,2023-07-31,Standard Class,CU-10419,Robert Rodriguez,Consumer,Central,Ohio,Columbus,Furniture,Furnishings,68.11,1,0.0,11.31
ORD-2024533,2022-02-03,2022-02-08,Standard Class,CU-10427,Sandra Martinez,Consumer,Central,Ohio,Columbus,Technology,Accessories,54.25,2,0.1,10.19
ORD-2025162,2022-08-11,2022-08-16,Standard Class,CU-10007,Amy Brown,Corporate,East,New York,New York City,Furniture,Bookcases,632.79,1,0.15,-52.82
ORD-2022547,2022-05-13,2022-05-19,Standard Class,CU-10600,John Lopez,Consumer,East,Pennsylvania,Philadelphia,Office Supplies,Binders,56.02,3,0.0,19.14
ORD-2022747,2023-06-08,2023-06-11,Second Class,CU-10035,Robert Johnson,Corporate,East,New York,Buffalo,Office Supplies,Storage,529.62,3,0.1,80.89
ORD-2024167,2023-06-01,2023-06-04,Second Class,CU-10580,Steven Brown,Corporate,South,Tennessee,Nashville,Furniture,Bookcases,2982.98,7,0.1,291.13
ORD-2026210,2024-03-06,2024-03-12,Standard Class,CU-10517,Kevin Martinez,Consumer,East,Pennsylvania,Philadelphia,Technology,Machines,5030.23,2,0.0,1280.97
ORD-2024861,2023-10-07,2023-10-11,Standard Class,CU-10156,David Jackson,Consumer,East,Massachusetts,Boston,Furniture,Chairs,477.01,1,0.1,-8.33
ORD-2025626,2024-11-03,2024-11-09,Standard Class,CU-10069,Jason Lopez,Corporate,Central,Texas,Houston,Office Supplies,Paper,24.16,3,0.3,-2.17
ORD-2025804,2022-02-11,2022-02-11,Same Day,CU-10829,Robert Miller,Consumer,East,New York,New York City,Office Supplies,Binders,84.48,2,0.3,-4.76
ORD-2023503,2023-05-30,2023-06-02,Second Class,CU-10761,Michael Lopez,Corporate,West,California,Los Angeles,Technology,Accessories,143.64,1,0.1,14.35
ORD-2024891,2024-12-23,2024-12-27,,CU-10450,Karen Jones,Consumer,East,Massachusetts,Boston,Technology,Machines,2897.61,1,0.1,297.0
ORD-2025738,2024-07-22,2024-07-29,Standard Class,CU-10331,Mary Garcia,Consumer,East,Pennsylvania,Philadelphia,Furniture,Bookcases,1117.83,2,0.1,39.99
ORD-2022434,2022-03-17,2022-03-21,Standard Class,CU-10701,Sandra Brown,Consumer,Central,Illinois,Chicago,Furniture,Tables,3364.5,3,0.1,27.09
ORD-2022925,2022-11-22,2022-11-29,Standard Class,CU-10553,Kevin Williams,Corporate,Central,Ohio,Columbus,Office Supplies,Supplies,89.26,3,0.0,21.34
ORD-2022856,2024-04-24,2024-04-27,Standard Class,CU-10662,Susan Williams,Consumer,South,North Carolina,Charlotte,Office Supplies,Labels,12.41,1,0.0,4.47
ORD-2022572,2023-08-21,2023-08-28,Standard Class,CU-10329,Kevin Martin,Corporate,South,Florida,Miami,Office Supplies,Supplies,147.87,2,0.1,32.1
ORD-2026392,2023-09-30,2023-10-06,Standard Class,CU-10036,James Anderson,Home Office,West,California,San Francisco,Technology,Machines,7936.19,4,,916.55
ORD-2023752,2024-11-04,2024-11-09,Standard Class,CU-10274,Jason Smith,Corporate,South,Tennessee,Nashville,Technology,Phones,355.88,2,0.2,-4.73
ORD-2025897,2023-04-24,2023-04-30,Standard Class,CU-10513,Laura Thomas,Home Office,East,Massachusetts,Boston,Furniture,Chairs,394.02,3,0.1,9.47
ORD-2023114,2024-12-22,2024-12-27,Standard Class,CU-10152,Barbara Williams,Corporate,South,North Carolina,Charlotte,Technology,Machines,12450.01,4,0.1,1212.64
ORD-2026263,2024-08-22,2024-08-29,Standard Class,CU-10656,David Miller,Corporate,East,New York,New York City,Office Supplies,Paper,67.59,3,0.15,8.06
ORD-2026104,2024-11-15,2024-11-17,First Class,CU-10284,Elizabeth Lee,Consumer,Central,Texas,Houston,Office Supplies,Labels,9.95,1,0.0,2.75
ORD-2025706,2022-12-31,2023-01-06,Standard Class,CU-10594,Robert Lee,Consumer,West,California,Los Angeles,Furniture,Furnishings,87.62,2,0.2,-15.51
ORD-2023035,2023-12-22,2023-12-24,Second Class,CU-10032,Nancy Anderson,Home Office,South,North Carolina,Charlotte,Office Supplies,Art,20.97,1,0.1,4.76
ORD-2024472,2024-04-09,2024-04-12,Standard Class,CU-10648,Karen Jackson,Consumer,West,California,Los Angeles,Technology,Phones,891.15,3,0.0,213.67
ORD-2025471,2023-07-01,2023-07-07,Standard Class,CU-10578,Robert Miller,Corporate,Central,Illinois,Chicago,Office Supplies,Storage,1160.79,6,0.15,193.68
ORD-2023929,2023-06-19,2023-06-21,,CU-10582,David Rodriguez,Consumer,West,Arizona,Phoenix,Office Supplies,Binders,142.51,3,0.1,25.46
ORD-2024459,2023-10-10,2023-10-17,Standard Class,CU-10361,Robert Jackson,Consumer,West,Arizona,Phoenix,Technology,Copiers,933.32,1,0.0,229.73
ORD-2022151,2024-11-09,2024-11-12,Standard Class,CU-10213,David Martin,Consumer,East,New York,New York City,Furniture,Bookcases,3384.73,8,0.5,-2390.9
ORD-2023032,2023-09-20,2023-09-22,First Class,CU-10088,Mary Wilson,Consumer,South,North Carolina,Charlotte,Office Supplies,Binders,24.85,1,0.15,3.34
ORD-2022460,2023-11-14,2023-11-17,Second Class,CU-10519,Laura Rodriguez,Consumer,East,New York,New York City,Office Supplies,Fasteners,9.14,2,0.0,3.41
ORD-2024838,2023-03-15,2023-03-21,Standard Class,CU-10460,John Brown,Corporate,South,Tennessee,Nashville,Technology,Copiers,3229.08,1,0.2,181.79
ORD-2024240,2022-12-14,2022-12-21,Standard Class,CU-10849,Kevin Jones,Corporate,Central,Michigan,Detroit,Technology,Copiers,5886.31,2,0.2,-297.5
ORD-2022346,2024-12-06,2024-12-08,,CU-10136,Amy Miller,Consumer,West,Washington,Seattle,Office Supplies,Fasteners,20.67,2,0.1,2.2
ORD-2023420,2024-03-14,2024-03-15,First Class,CU-10702,Steven Brown,Corporate,East,New York,New York City,Office Supplies,Supplies,179.28,6,0.0,58.63
ORD-2022130,2022-09-15,2022-09-18,Second Class,CU-10656,David Miller,Corporate,Central,Illinois,Chicago,Office Supplies,Binders,174.87,4,0.15,39.51
ORD-2022582,2022-06-18,2022-06-25,Standard Class,CU-10551,Amy Rodriguez,Consumer,West,Arizona,Phoenix,Furniture,Chairs,364.24,3,,-144.18
ORD-2025690,2022-03-15,2022-03-18,Standard Class,CU-10720,Barbara Williams,Corporate,Central,Ohio,Columbus,Furniture,Chairs,715.2,2,0.0,130.98
ORD-2025619,2024-12-14,2024-12-14,Same Day,CU-10095,Robert Lee,Consumer,West,Washington,Seattle,Office Supplies,Storage,518.86,2,0.2,78.49
ORD-2026477,2022-11-14,2022-11-21,Standard Class,CU-10672,Ashley Moore,Consumer,East,Massachusetts,Boston,Furniture,Tables,749.85,1,0.2,-107.95
ORD-2022706,2024-07-17,2024-07-23,Standard Class,CU-10701,Sandra Brown,Consumer,South,North Carolina,Charlotte,Furniture,Bookcases,1150.87,2,0.2,-135.45
ORD-2024742,2022-09-19,2022-09-21,First Class,CU-10184,Kevin Lee,Consumer,East,New York,Buffalo,Technology,Copiers,29114.98,7,0.1,4571.51
ORD-2026199,2022-06-14,2022-06-21,Standard Class,CU-10225,Kevin Miller,Corporate,East,Pennsylvania,Philadelphia,Office Supplies,Paper,48.65,2,0.0,18.29
ORD-2023802,2022-07-31,2022-08-01,First Class,CU-10103,Elizabeth Anderson,Corporate,East,Massachusetts,Boston,Furniture,Bookcases,1569.61,3,0.3,-594.88
ORD-2024537,2023-03-23,2023-03-27,Second Class,CU-10826,Jason Wilson,Consumer,Central,Ohio,Columbus,Office Supplies,Art,32.74,4,0.3,1.2
ORD-2023386,2024-03-15,2024-03-19,Second Class,CU-10455,Jason Jones,Corporate,East,New York,New York City,Office Supplies,Storage,959.02,7,0.2,201.17
ORD-2023010,2023-12-28,2024-01-01,Second Class,CU-10427,Sandra Martinez,Home Office,South,Georgia,Atlanta,Office Supplies,Storage,1068.39,5,0.1,290.71
ORD-2023400,2023-06-28,2023-07-03,Standard Class,CU-10292,Kevin Garcia,Home Office,Central,Ohio,Columbus,Furniture,Furnishings,20.93,1,0.3,-8.79
ORD-2023017,2024-09-23,2024-09-28,Standard Class,CU-10576,Elizabeth Martinez,Consumer,East,New York,New York City,Furniture,Bookcases,409.65,1,0.0,72.57
ORD-2022839,2023-09-26,2023-10-03,Standard Class,CU-10754,David Taylor,Home Office,Central,Michigan,Detroit,Furniture,Chairs,181.25,1,0.2,-52.46
ORD-2025421,2023-01-19,2023-01-23,Standard Class,CU-10115,Karen Garcia,Consumer,Central,Michigan,Detroit,Technology,Phones,336.2,2,0.2,-17.36
ORD-2024259,2023-06-05,2023-06-12,Standard Class,CU-10801,Mary Wilson,Consumer,West,California,Los Angeles,Technology,Accessories,2333.15,8,0.1,85.58
ORD-2022192,2022-07-14,2022-07-18,Standard Class,CU-10360,Steven Hernandez,Corporate,East,Pennsylvania,Philadelphia,Technology,Accessories,307.13,5,0.0,60.64
ORD-2023836,2022-01-02,2022-01-08,Standard Class,CU-10466,James Davis,Consumer,Central,Texas,Houston,Office Supplies,Paper,57.83,3,0.2,5.65
ORD-2023771,2024-06-22,2024-06-29,Standard Class,CU-10230,Patricia Miller,Consumer,Central,Michigan,Detroit,Office Supplies,Art,59.58,5,0.15,9.12
ORD-2026482,2024-07-15,2024-07-19,,CU-10554,Susan Moore,Consumer,West,California,Los Angeles,Furniture,Chairs,2620.74,5,0.0,624.04
ORD-2024133,2024-11-27,2024-11-30,Standard Class,CU-10347,Robert Anderson,Home Office,West,Arizona,Phoenix,Office Supplies,Storage,451.2,2,0.0,135.02
ORD-2023301,2023-11-09,2023-11-16,Standard Class,CU-10377,Karen Anderson,Consumer,West,California,Los Angeles,Office Supplies,Art,107.06,3,0.0,31.01
ORD-2026030,2023-09-22,2023-09-24,Second Class,CU-10302,David Smith,Corporate,East,Pennsylvania,Philadelphia,Office Supplies,Supplies,217.59,2,0.0,73.6
ORD-2022521,2023-03-15,2023-03-20,Standard Class,CU-10080,Sandra Anderson,Consumer,Central,Michigan,Detroit,Office Supplies,Fasteners,8.12,1,0.15,1.43
ORD-2026077,2023-11-15,2023-11-20,Standard Class,CU-10804,Patricia Smith,Corporate,West,California,San Francisco,Technology,Machines,9249.75,6,0.15,340.18
ORD-2023556,2024-11-28,2024-12-01,Second Class,CU-10574,Karen Lee,Home Office,Central,Michigan,Detroit,Office Supplies,Labels,47.05,4,0.0,15.68
ORD-2024416,2022-11-13,2022-11-17,Second Class,CU-10584,Amy Martin,Consumer,Central,Michigan,Detroit,Office Supplies,Binders,52.59,1,0.15,5.35
ORD-2024678,2024-05-11,2024-05-17,Standard Class,CU-10078,Steven Martinez,Consumer,West,California,San Francisco,Furniture,Bookcases,458.43,1,0.4,-247.45
ORD-2025833,2023-08-03,2023-08-04,First Class,CU-10613,Michael Martin,Home Office,East,New York,Buffalo,Office Supplies,Storage,251.09,1,0.0,105.55
ORD-2022600,2023-08-14,2023-08-20,Standard Class,CU-10192,David Thomas,Consumer,West,Arizona,Phoenix,Furniture,Chairs,203.13,1,,30.66
ORD-2023463,2022-12-26,2022-12-30,Second Class,CU-10203,Amy Davis,Consumer,West,California,Los Angeles,Technology,Accessories,270.59,4,0.2,-23.69
ORD-2023201,2023-11-02,2023-11-05,Standard Class,CU-10004,James Williams,Consumer,West,California,Los Angeles,Office Supplies,Paper,19.75,1,,-0.06
ORD-2023430,2024-11-28,2024-12-04,Standard Class,CU-10072,Steven Brown,Consumer,South,Georgia,Atlanta,Furniture,Furnishings,37.42,1,0.3,-15.42
ORD-2022087,2023-07-22,2023-07-25,Second Class,CU-10510,John Jones,Corporate,East,New York,New York City,Office Supplies,Fasteners,119.51,7,0.0,34.44
ORD-2025123,2023-07-11,2023-07-11,,CU-10327,Laura Rodriguez,Consumer,East,New York,New York City,Technology,Accessories,487.91,3,0.0,164.24
ORD-2024739,2023-11-16,2023-11-20,Second Class,CU-10427,Sandra Martinez,Home Office,West,Arizona,Phoenix,Office Supplies,Storage,174.72,4,0.0,59.06
ORD-2026193,2024-09-13,2024-09-20,Standard Class,CU-10310,Patricia Hernandez,Consumer,West,California,San Francisco,Technology,Accessories,284.87,1,0.1,15.56
ORD-2025361,2023-01-27,2023-01-27,Same Day,CU-10656,David Miller,Consumer,West,California,Los Angeles,Office Supplies,Labels,6.72,2,0.0,1.88
ORD-2024991,2024-08-29,2024-09-03,Standard Class,CU-10105,Ashley Miller,Corporate,South,Florida,Miami,Technology,Copiers,1514.12,1,0.0,377.92
ORD-2025369,2023-06-22,2023-06-27,Standard Class,CU-10675,Amy Smith,Corporate,Central,Texas,Houston,Technology,Phones,1128.29,1,0.1,163.45
ORD-2024906,2024-12-16,2024-12-22,Standard Class,CU-10207,Susan Rodriguez,Corporate,East,New York,New York City,Office Supplies,Storage,828.97,4,0.15,96.45
ORD-2022687,2024-12-12,2024-12-17,Standard Class,CU-10468,Karen Smith,Consumer,Central,Ohio,Columbus,Office Supplies,Binders,12.4,1,0.2,2.3
ORD-2026140,2023-04-11,2023-04-15,Standard Class,CU-10362,Linda Garcia,Consumer,West,Arizona,Phoenix,Technology,Accessories,122.57,2,,-20.43
ORD-2023142,2024-09-09,2024-09-16,Standard Class,CU-10449,Sandra Anderson,Corporate,West,California,San Francisco,Office Supplies,Storage,247.87,7,0.0,66.45
ORD-2022010,2023-03-13,2023-03-17,Standard Class,CU-10537,Kevin Brown,Consumer,Central,Texas,Houston,Office Supplies,Labels,9.95,4,0.0,3.75
ORD-2023794,2024-11-16,2024-11-23,Standard Class,CU-10753,James Moore,Consumer,West,Washington,Seattle,Office Supplies,Labels,4.31,1,0.0,0.96
ORD-2024476,2022-08-12,2022-08-15,Standard Class,CU-10493,Barbara Davis,Consumer,Central,Ohio,Columbus,Office Supplies,Fasteners,89.41,5,0.1,19.71
ORD-2026045,2022-11-26,2022-11-28,Second Class,CU-10276,Barbara Rodriguez,Home Office,West,Arizona,Phoenix,Office Supplies,Art,12.34,2,0.0,4.83
ORD-2024836,2023-12-24,2023-12-28,Standard Class,CU-10467,James Miller,Home Office,East,New York,Buffalo,Office Supplies,Art,136.97,4,0.0,58.28
ORD-2024555,2024-02-24,2024-02-28,Standard Class,CU-10413,Jason Martin,Corporate,Central,Michigan,Detroit,Office Supplies,Paper,37.85,3,0.0,15.22
ORD-2024569,2024-12-29,2025-01-05,Standard Class,CU-10212,Linda Wilson,Corporate,West,California,Los Angeles,Technology,Phones,244.28,2,0.0,77.08
ORD-2024193,2022-04-13,2022-04-18,Standard Class,CU-10113,Ashley Martinez,Home Office,West,California,San Francisco,Office Supplies,Storage,112.48,2,0.0,44.81
ORD-2024421,2022-10-14,2022-10-18,Standard Class,CU-10377,Karen Anderson,Consumer,Central,Ohio,Columbus,Office Supplies,Storage,1293.33,5,0.15,179.34
ORD-2022958,2023-09-01,2023-09-01,Same Day,CU-10693,Patricia Anderson,Corporate,West,California,Los Angeles,Office Supplies,Binders,47.59,2,0.2,5.11
ORD-2024721,2024-08-08,2024-08-10,First Class,CU-10839,John Garcia,Consumer,East,New York,New York City,Office Supplies,Supplies,156.03,3,0.0,43.28
ORD-2025655,2022-05-17,2022-05-23,Standard Class,CU-10194,David Davis,Home Office,West,Washington,Seattle,Office Supplies,Binders,200.48,5,0.0,65.2
ORD-2022248,2023-03-18,2023-03-23,Standard Class,CU-10037,David Jackson,Consumer,East,Massachusetts,Boston,Furniture,Bookcases,662.54,1,0.15,-93.93
ORD-2026288,2024-12-29,2025-01-04,Standard Class,CU-10089,Patricia Jackson,Consumer,Central,Ohio,Columbus,Technology,Accessories,281.1,1,0.1,26.04
ORD-2024776,2023-12-23,2023-12-26,Second Class,CU-10105,Ashley Miller,Corporate,Central,Ohio,Columbus,Office Supplies,Binders,126.28,3,0.2,12.13
ORD-2022623,2023-07-27,2023-07-29,Second Class,CU-10189,Kevin Thomas,Corporate,East,New York,Buffalo,Technology,Machines,60805.82,25,0.2,-2409.6
ORD-2025835,2023-06-20,2023-06-23,Standard Class,CU-10656,David Miller,Consumer,South,North Carolina,Charlotte,Office Supplies,Labels,10.87,3,0.0,3.97
ORD-2024784,2022-11-02,2022-11-07,Standard Class,CU-10322,Barbara Anderson,Consumer,East,Pennsylvania,Philadelphia,Furniture,Chairs,636.51,2,0.1,73.93
ORD-2022569,2023-10-23,2023-10-28,Standard Class,CU-10576,Elizabeth Martinez,Home Office,West,California,San Francisco,Technology,Machines,6746.78,4,0.2,-307.1
ORD-2024369,2023-10-03,2023-10-03,Same Day,CU-10771,Sandra Jackson,Corporate,Central,Michigan,Detroit,Office Supplies,Storage,128.23,2,0.1,27.81
ORD-2024706,2024-11-07,2024-11-10,Second Class,CU-10002,Kevin Wilson,Consumer,Central,Ohio,Columbus,Office Supplies,Art,62.61,6,0.1,9.81
ORD-2025516,2023-12-04,2023-12-10,Standard Class,CU-10126,Linda Moore,Corporate,Central,Michigan,Detroit,Office Supplies,Paper,23.97,2,0.0,7.84
ORD-2024012,2022-08-07,2022-08-14,Standard Class,CU-10298,Sandra Moore,Consumer,South,Georgia,Atlanta,Office Supplies,Paper,10.2,2,0.1,2.0
ORD-2025116,2022-09-03,2022-09-03,Same Day,CU-10673,Jason Smith,Corporate,Central,Ohio,Columbus,Office Supplies,Supplies,374.53,6,0.2,39.0
ORD-2023525,2022-09-19,2022-09-21,First Class,CU-10198,John Hernandez,Consumer,South,Tennessee,Nashville,Office Supplies,Paper,7.05,3,0.15,1.56
ORD-2025803,2022-09-22,2022-09-29,Standard Class,CU-10805,Elizabeth Wilson,Consumer,East,Massachusetts,Boston,Technology,Phones,1398.78,4,0.0,287.63
ORD-2023165,2024-10-09,2024-10-12,Standard Class,CU-10333,Nancy Thomas,Home Office,South,North Carolina,Charlotte,Technology,Phones,438.76,2,0.1,54.89
ORD-2025135,2024-06-03,2024-06-07,Second Class,CU-10737,Elizabeth Williams,Home Office,South,Tennessee,Nashville,Office Supplies,Supplies,62.3,3,0.2,6.33
ORD-2022228,2023-12-16,2023-12-21,Standard Class,CU-10460,John Brown,Consumer,West,California,San Francisco,Office Supplies,Supplies,6.99,1,0.1,1.21
ORD-2023498,2023-01-30,2023-02-01,First Class,CU-10354,Amy Johnson,Home Office,West,California,San Francisco,Office Supplies,Storage,947.26,4,0.0,323.57
ORD-2023825,2022-05-01,2022-05-03,Second Class,CU-10792,Susan Jackson,Consumer,South,Florida,Miami,Furniture,Bookcases,2506.05,5,0.0,315.69
ORD-2024959,2024-11-19,2024-11-20,First Class,CU-10721,Michael Lopez,Consumer,South,Georgia,Atlanta,Furniture,Furnishings,251.08,7,0.3,-103.76
ORD-2024996,2023-12-26,2023-12-29,Standard Class,CU-10538,Karen Jackson,Corporate,West,Arizona,Phoenix,Technology,Phones,825.07,1,0.3,-169.3
ORD-2024572,2024-05-19,2024-05-22,Second Class,CU-10170,Sandra Brown,Consumer,East,Pennsylvania,Philadelphia,Furniture,Chairs,1739.42,4,0.3,-738.81
ORD-2022448,2022-04-06,2022-04-10,Second Class,CU-10360,Steven Hernandez,Consumer,East,New York,Buffalo,Technology,Accessories,92.96,2,0.2,-5.72
ORD-2022802,2024-11-06,2024-11-08,Second Class,CU-10266,Susan Anderson,Home Office,South,North Carolina,Charlotte,Office Supplies,Supplies,101.11,1,0.15,17.56
ORD-2024273,2024-09-20,2024-09-25,Standard Class,CU-10141,Robert Smith,Consumer,West,California,Los Angeles,Office Supplies,Fasteners,15.32,3,0.0,5.84
ORD-2026149,2023-05-17,2023-05-20,Standard Class,CU-10006,Kevin Rodriguez,Corporate,South,Florida,Miami,Technology,Accessories,370.03,4,0.0,123.91
ORD-2025373,2022-09-07,2022-09-14,Standard Class,CU-10383,Elizabeth Miller,Consumer,West,Arizona,Phoenix,Office Supplies,Storage,1132.06,7,0.0,378.69
ORD-2025794,2023-11-09,2023-11-15,Standard Class,CU-10487,Karen Brown,Consumer,South,Georgia,Atlanta,Technology,Copiers,1648.05,1,0.0,511.36
ORD-2024403,2024-11-07,2024-11-12,Standard Class,CU-10513,Laura Thomas,Consumer,East,Pennsylvania,Philadelphia,Office Supplies,Binders,6.94,2,0.0,2.38
ORD-2026035,2023-04-14,2023-04-20,Standard Class,CU-10565,Linda Hernandez,Corporate,East,New York,Buffalo,Technology,Accessories,1003.72,8,0.0,204.52
ORD-2025975,2022-10-18,2022-10-21,Second Class,CU-10794,Jason Taylor,Consumer,East,New York,Buffalo,Technology,Phones,2797.29,3,0.1,204.4
ORD-2026179,2024-11-10,2024-11-15,Standard Class,CU-10454,Nancy Jones,Home Office,West,Arizona,Phoenix,Office Supplies,Paper,19.13,2,,3.55
ORD-2024401,2024-07-17,2024-07-20,Standard Class,CU-10681,Karen Davis,Consumer,West,Washington,Seattle,Furniture,Chairs,703.24,2,0.2,-178.47
ORD-2024284,2022-10-21,2022-10-23,Second Class,CU-10427,Sandra Martinez,Corporate,Central,Michigan,Detroit,Office Supplies,Labels,38.51,6,0.2,2.27
ORD-2026432,2024-09-08,2024-09-12,Standard Class,CU-10189,Kevin Thomas,Corporate,East,New York,New York City,Furniture,Furnishings,24.3,1,0.2,-5.09
ORD-2025595,2024-12-30,2025-01-01,Second Class,CU-10069,Jason Lopez,Consumer,South,Florida,Miami,Technology,Copiers,3467.53,1,0.3,-570.66
ORD-2025183,2022-09-18,2022-09-22,Second Class,CU-10758,Steven Rodriguez,Consumer,West,Arizona,Phoenix,Office Supplies,Labels,5.86,2,0.1,1.34
ORD-2022822,2022-12-13,2022-12-17,Standard Class,CU-10629,Susan Lee,Consumer,Central,Illinois,Chicago,Office Supplies,Labels,21.52,2,0.0,8.17
ORD-2023625,2024-05-13,2024-05-18,Standard Class,CU-10578,Robert Miller,Home Office,South,Florida,Miami,Technology,Machines,2057.56,1,0.15,-42.26
ORD-2023720,2022-02-20,2022-02-23,Standard Class,CU-10759,Susan Brown,Consumer,West,Washington,Seattle,Furniture,Chairs,396.83,1,0.1,4.55
ORD-2025858,2024-03-16,2024-03-23,Standard Class,CU-10358,Nancy Smith,Home Office,West,California,Los Angeles,Furniture,Bookcases,454.23,2,0.0,93.16
ORD-2023039,2022-07-18,2022-07-19,First Class,CU-10041,Patricia Smith,Consumer,Central,Illinois,Chicago,Office Supplies,Paper,26.58,2,0.0,6.51
ORD-2023885,2022-12-30,2023-01-04,Standard Class,CU-10346,Karen Williams,Home Office,East,New York,New York City,Technology,Machines,5688.36,5,0.0,1086.12
ORD-2023149,2024-11-07,2024-11-11,Standard Class,CU-10339,Steven Brown,Consumer,West,California,Los Angeles,Office Supplies,Paper,18.89,4,0.2,2.77
ORD-2025672,2022-12-14,2022-12-21,Standard Class,CU-10512,Mary Jones,Consumer,Central,Ohio,Columbus,Office Supplies,Paper,37.06,2,0.1,3.59
ORD-2024016,2022-12-06,2022-12-13,Standard Class,CU-10207,Susan Rodriguez,Corporate,Central,Michigan,Detroit,Office Supplies,Fasteners,7.41,1,0.0,2.64
ORD-2025476,2024-09-04,2024-09-11,Standard Class,CU-10444,Jason Hernandez,Corporate,Central,Texas,Houston,Furniture,Tables,3436.0,3,0.5,-2590.02
ORD-2025125,2022-10-08,2022-10-13,Standard Class,CU-10446,James Lopez,Home Office,West,California,Los Angeles,Technology,Copiers,14679.04,5,,692.13
ORD-2024388,2024-05-15,2024-05-19,Standard Class,CU-10184,Kevin Lee,Home Office,West,California,Los Angeles,Technology,Accessories,91.72,5,0.0,16.1
ORD-2024323,2022-05-14,2022-05-16,Second Class,CU-10769,Robert Martinez,Consumer,East,New York,New York City,Office Supplies,Fasteners,24.35,2,0.0,6.94
ORD-2025320,2022-01-26,2022-01-31,Standard Class,CU-10501,Susan Anderson,Corporate,West,Washington,Seattle,Technology,Phones,681.14,2,0.2,-41.98
ORD-2022595,2022-12-05,2022-12-05,Same Day,CU-10675,Amy Smith,Consumer,South,Tennessee,Nashville,Office Supplies,Fasteners,26.09,3,0.2,4.13
ORD-2024755,2024-07-25,2024-08-01,Standard Class,CU-10118,Karen Rodriguez,Home Office,West,Arizona,Phoenix,Office Supplies,Art,68.08,3,0.2,6.88
ORD-2025830,2023-08-11,2023-08-15,Second Class,CU-10280,Karen Miller,Consumer,East,New York,New York City,Office Supplies,Binders,118.2,2,0.1,21.82
ORD-2025285,2023-12-18,2023-12-22,Standard Class,CU-10728,Elizabeth Brown,Consumer,Central,Ohio,Columbus,Technology,Machines,2830.87,1,0.4,-917.31
ORD-2025765,2024-07-14,2024-07-18,Second Class,CU-10714,Michael Rodriguez,Consumer,South,Tennessee,Nashville,Furniture,Chairs,2144.76,7,0.4,-1212.47
ORD-2024800,2024-12-31,2025-01-02,Second Class,CU-10680,David Anderson,Consumer,South,Georgia,Atlanta,Office Supplies,Paper,142.46,6,0.1,31.72
ORD-2022503,2023-09-14,2023-09-18,Standard Class,CU-10405,Laura Lopez,Consumer,West,Washington,Seattle,Office Supplies,Paper,48.26,2,0.15,8.17
ORD-2022898,2022-09-30,2022-10-03,Standard Class,CU-10060,Nancy Lee,Home Office,West,Arizona,Phoenix,Technology,Phones,1186.54,3,0.0,281.56
ORD-2025052,2023-12-23,2023-12-27,Standard Class,CU-10477,Susan Jones,Corporate,West,California,San Francisco,Office Supplies,Paper,92.94,5,0.0,45.03
ORD-2023145,2022-12-26,2022-12-28,Second Class,CU-10745,Amy Anderson,Corporate,West,California,San Francisco,Technology,Copiers,20864.93,6,0.1,2657.69
ORD-2023100,2022-01-16,2022-01-19,Second Class,CU-10475,David Rodriguez,Corporate,East,New York,New York City,Technology,Accessories,578.46,2,0.15,98.45
ORD-2024123,2022-10-08,2022-10-10,Second Class,CU-10803,Susan Miller,Consumer,West,Washington,Seattle,Office Supplies,Supplies,103.13,1,0.1,21.07
ORD-2022917,2022-08-04,2022-08-08,Standard Class,CU-10049,Barbara Garcia,Corporate,East,Massachusetts,Boston,Technology,Machines,2476.42,2,0.1,203.39
ORD-2023151,2024-10-29,2024-11-02,Second Class,CU-10459,Sandra Thomas,Corporate,West,California,San Francisco,Office Supplies,Supplies,116.9,1,0.2,16.34
ORD-2024837,2022-12-01,2022-12-08,Standard Class,CU-10355,Robert Martin,Consumer,South,North Carolina,Charlotte,Furniture,Chairs,138.17,1,0.1,7.92
ORD-2025025,2022-08-09,2022-08-16,Standard Class,CU-10531,Amy Jackson,Corporate,West,Arizona,Phoenix,Technology,Copiers,7135.74,2,0.0,1776.16
ORD-2022559,2023-09-04,2023-09-07,,CU-10344,Linda Davis,Consumer,South,Tennessee,Nashville,Office Supplies,Storage,158.18,1,0.0,44.23
ORD-2025081,2022-07-01,2022-07-05,Standard Class,CU-10751,Sandra Johnson,Home Office,South,North Carolina,Charlotte,Furniture,Furnishings,133.6,3,0.3,-68.22
ORD-2025464,2024-05-20,2024-05-22,Second Class,CU-10747,David Jones,Home Office,West,California,Los Angeles,Office Supplies,Labels,3.74,1,0.3,0.11
ORD-2025713,2024-05-24,2024-05-27,Standard Class,CU-10499,Karen Wilson,Corporate,East,Pennsylvania,Philadelphia,Technology,Copiers,1999.05,1,0.0,515.53
ORD-2026327,2024-05-05,2024-05-11,Standard Class,CU-10439,Susan Brown,Consumer,West,Arizona,Phoenix,Office Supplies,Supplies,106.23,3,0.3,-7.83
ORD-2025917,2023-10-29,2023-10-30,First Class,CU-10713,Kevin Martin,Corporate,Central,Texas,Houston,Office Supplies,Art,64.15,3,,10.39
ORD-2023950,2024-12-08,2024-12-12,Standard Class,CU-10301,Patricia Jones,Consumer,West,Washington,Seattle,Furniture,Bookcases,1884.37,4,0.0,377.49
ORD-2025882,2024-03-25,2024-03-27,First Class,CU-10208,David Brown,Corporate,South,Tennessee,Nashville,Technology,Phones,1163.56,1,0.0,313.38
ORD-2022583,2023-04-22,2023-04-27,Standard Class,CU-10542,Patricia Miller,Corporate,West,California,Los Angeles,Office Supplies,Art,4.12,2,0.0,1.2
ORD-2023208,2022-11-26,2022-12-03,,CU-10248,Elizabeth Jackson,Corporate,East,New York,New York City,Technology,Phones,1400.58,3,0.1,294.49
ORD-2024382,2022-08-23,2022-08-28,Standard Class,CU-10059,Elizabeth Thomas,Home Office,West,California,San Francisco,Office Supplies,Paper,21.25,1,0.0,6.72
ORD-2022422,2022-01-12,2022-01-12,Same Day,CU-10271,Linda Davis,Consumer,West,Washington,Seattle,Office Supplies,Binders,43.25,1,0.0,14.97
ORD-2024497,2022-10-29,2022-11-03,Standard Class,CU-10353,Michael Williams,Corporate,Central,Ohio,Columbus,Furniture,Bookcases,1227.74,2,0.2,-227.62
ORD-2024525,2022-08-23,2022-08-27,Standard Class,CU-10461,Ashley Brown,Consumer,South,North Carolina,Charlotte,Office Supplies,Storage,1184.76,5,0.0,435.73
ORD-2023387,2022-12-16,2022-12-18,First Class,CU-10589,Steven Garcia,Consumer,East,New York,New York City,Furniture,Furnishings,585.31,4,0.4,-312.08
ORD-2026144,2023-08-09,2023-08-12,Standard Class,CU-10283,John Lopez,Corporate,West,California,San Francisco,Office Supplies,Labels,2.64,1,0.2,0.4
ORD-2026011,2022-09-16,2022-09-20,Standard Class,CU-10274,Jason Smith,Corporate,West,Washington,Seattle,Office Supplies,Paper,24.94,1,0.15,6.4
ORD-2024229,2023-12-25,2023-12-28,Standard Class,CU-10624,Kevin Lopez,Corporate,West,California,Los Angeles,Office Supplies,Fasteners,18.33,1,0.0,5.4
ORD-2025916,2023-09-30,2023-10-04,Standard Class,CU-10385,Robert Moore,Consumer,East,New York,New York City,Office Supplies,Labels,4.38,1,0.0,1.42
ORD-2025899,2022-10-07,2022-10-10,Second Class,CU-10035,Robert Johnson,Corporate,South,Tennessee,Nashville,Furniture,Tables,1620.09,4,0.3,-552.14
ORD-2023566,2022-05-15,2022-05-21,Standard Class,CU-10433,Linda Garcia,Corporate,West,Washington,Seattle,Office Supplies,Storage,617.83,3,0.0,199.14
ORD-2026289,2023-12-02,2023-12-08,Standard Class,CU-10129,Patricia Garcia,Home Office,South,Florida,Miami,Office Supplies,Art,43.98,5,0.0,17.12
ORD-2025234,2022-09-08,2022-09-12,Standard Class,CU-10608,Karen Hernandez,Corporate,South,Georgia,Atlanta,Furniture,Chairs,2087.84,4,0.0,198.84
ORD-2024866,2023-05-09,2023-05-11,First Class,CU-10737,Elizabeth Williams,Home Office,East,Massachusetts,Boston,Office Supplies,Labels,17.02,2,0.0,4.6
ORD-2022227,2023-11-05,2023-11-12,Standard Class,CU-10424,Sandra Martinez,Corporate,Central,Illinois,Chicago,Office Supplies,Binders,47.94,1,0.0,15.84
ORD-2025547,2024-12-30,2025-01-05,Standard Class,CU-10564,John Martin,Home Office,West,Washington,Seattle,Technology,Phones,200.22,1,0.4,-48.33
ORD-2023571,2023-11-12,2023-11-19,Standard Class,CU-10369,Jason Wilson,Corporate,Central,Ohio,Columbus,Office Supplies,Art,30.53,1,0.0,9.46
ORD-2024623,2024-11-29,2024-12-04,Standard Class,CU-10433,Linda Garcia,Consumer,West,California,San Francisco,Furniture,Furnishings,148.4,2,0.1,-9.9
ORD-2022206,2022-07-27,2022-08-03,,CU-10753,James Moore,Home Office,West,California,Los Angeles,Furniture,Bookcases,338.75,1,0.4,-203.66
ORD-2022221,2023-08-29,2023-08-31,Second Class,CU-10744,Laura Martinez,Corporate,East,Pennsylvania,Philadelphia,Technology,Machines,3668.48,4,0.1,304.08
ORD-2022273,2023-11-25,2023-11-28,Second Class,CU-10099,James Davis,Consumer,South,Florida,Miami,Furniture,Furnishings,272.28,2,0.15,-18.97
ORD-2024640,2024-03-31,2024-04-04,Second Class,CU-10124,Susan Williams,Consumer,East,Massachusetts,Boston,Office Supplies,Supplies,284.28,3,0.0,80.41
ORD-2025675,2024-10-29,2024-11-02,Standard Class,CU-10387,Robert Anderson,Consumer,South,Tennessee,Nashville,Technology,Phones,897.18,4,0.1,167.35
ORD-2025227,2022-10-10,2022-10-16,Standard Class,CU-10783,Patricia Davis,Home Office,East,New York,Buffalo,Office Supplies,Supplies,658.62,6,0.2,76.15
ORD-2025397,2022-06-25,2022-06-29,Standard Class,CU-10492,Linda Thomas,Consumer,East,Pennsylvania,Philadelphia,Furniture,Bookcases,843.58,6,0.4,-649.23
ORD-2025825,2023-10-29,2023-11-03,Standard Class,CU-10398,Nancy Jackson,Consumer,Central,Illinois,Chicago,Furniture,Furnishings,109.44,1,0.3,-42.97
ORD-2024982,2022-06-10,2022-06-15,Standard Class,CU-10699,John Hernandez,Consumer,West,Washington,Seattle,Technology,Accessories,254.73,1,0.1,49.6
ORD-2026218,2024-12-20,2024-12-22,,CU-10509,Steven Rodriguez,Consumer,East,New York,Buffalo,Furniture,Chairs,1364.29,3,0.0,430.07
ORD-2023221,2022-10-29,2022-11-05,Standard Class,CU-10490,Barbara Smith,Corporate,East,New York,New York City,Office Supplies,Binders,5.45,1,0.0,1.79
ORD-2022101,2024-03-06,2024-03-09,Standard Class,CU-10038,Ashley Williams,Home Office,Central,Texas,Houston,Technology,Accessories,1564.04,7,0.2,-58.35
ORD-2025388,2023-06-20,2023-06-20,Same Day,CU-10364,Amy Anderson,Consumer,West,Arizona,Phoenix,Office Supplies,Binders,40.23,1,0.0,10.94
ORD-2025881,2024-11-19,2024-11-22,Second Class,CU-10148,Kevin Miller,Consumer,East,Massachusetts,Boston,Office Supplies,Binders,109.02,3,0.0,35.23
ORD-2026363,2024-12-21,2024-12-22,First Class,CU-10467,James Miller,Corporate,Central,Ohio,Columbus,Technology,Phones,1077.33,4,0.2,-16.11
ORD-2025482,2024-09-16,2024-09-18,Second Class,CU-10231,David Martin,Consumer,East,Massachusetts,Boston,Office Supplies,Storage,351.3,3,0.1,93.92
ORD-2023569,2023-09-05,2023-09-06,First Class,CU-10342,Nancy Garcia,Consumer,East,New York,Buffalo,Technology,Accessories,301.94,3,0.0,98.72
ORD-2025310,2024-11-29,2024-12-03,Standard Class,CU-10537,Kevin Brown,Home Office,East,New York,New York City,Office Supplies,Supplies,549.48,6,0.0,189.72
ORD-2023045,2022-12-28,2022-12-31,Second Class,CU-10816,Susan Smith,Home Office,Central,Ohio,Columbus,Furniture,Tables,1393.1,2,0.2,-330.98
ORD-2022086,2024-04-08,2024-04-12,Second Class,CU-10296,Laura Brown,Consumer,Central,Ohio,Columbus,Office Supplies,Art,19.54,2,0.1,3.48
ORD-2024379,2024-02-26,2024-03-03,Standard Class,CU-10830,Karen Taylor,Corporate,South,North Carolina,Charlotte,Technology,Phones,1400.05,3,0.0,464.7
ORD-2022825,2022-02-07,2022-02-11,Second Class,CU-10674,Ashley Brown,Corporate,Central,Michigan,Detroit,Furniture,Furnishings,27.57,1,0.2,-7.92
ORD-2026082,2024-04-18,2024-04-24,Standard Class,CU-10209,Mary Miller,Corporate,West,Washington,Seattle,Furniture,Bookcases,1507.14,4,0.1,-87.57
ORD-2023993,2022-05-01,2022-05-04,Standard Class,CU-10805,Elizabeth Wilson,Corporate,West,California,Los Angeles,Office Supplies,Art,78.19,3,0.0,28.38
ORD-2022432,2024-03-04,2024-03-09,Standard Class,CU-10265,Sandra Garcia,Home Office,East,New York,Buffalo,Office Supplies,Storage,175.87,2,0.2,19.65
ORD-2025601,2022-07-24,2022-07-29,Standard Class,CU-10002,Kevin Wilson,Corporate,East,New York,Buffalo,Office Supplies,Paper,12.99,2,0.1,2.18
ORD-2023636,2023-04-29,2023-05-03,Second Class,CU-10262,Barbara Martin,Corporate,West,California,San Francisco,Office Supplies,Art,67.24,3,0.2,1.55
ORD-2026485,2022-12-06,2022-12-13,Standard Class,CU-10724,David Martinez,Consumer,South,Georgia,Atlanta,Office Supplies,Paper,18.6,6,0.0,5.96
ORD-2025689,2023-03-28,2023-03-31,Standard Class,CU-10767,Amy Jackson,Corporate,Central,Illinois,Chicago,Office Supplies,Fasteners,42.05,5,0.0,12.71
ORD-2024646,2024-04-18,2024-04-22,Standard Class,CU-10085,Susan Taylor,Consumer,South,Florida,Miami,Furniture,Tables,6230.49,7,0.0,977.04
ORD-2025341,2024-08-29,2024-08-31,Second Class,CU-10221,Patricia Hernandez,Consumer,East,Massachusetts,Boston,Office Supplies,Supplies,79.79,1,0.2,8.23
ORD-2022816,2024-10-31,2024-11-01,First Class,CU-10638,Amy Jones,Home Office,South,Georgia,Atlanta,Office Supplies,Labels,12.82,2,0.0,4.17
ORD-2023316,2023-11-09,2023-11-15,Standard Class,CU-10155,Kevin Jackson,Home Office,Central,Illinois,Chicago,Technology,Copiers,11609.93,3,0.15,-233.51
ORD-2025055,2023-09-06,2023-09-11,Standard Class,CU-10063,Amy Moore,Consumer,Central,Ohio,Columbus,Furniture,Chairs,583.1,3,0.1,34.09
ORD-2026385,2024-11-19,2024-11-22,Standard Class,CU-10005,Barbara Davis,Consumer,West,Washington,Seattle,Technology,Machines,2687.22,1,0.2,-109.5
ORD-2026161,2022-12-06,2022-12-10,Second Class,CU-10358,Nancy Smith,Corporate,East,New York,New York City,Office Supplies,Storage,118.19,1,0.15,30.48
ORD-2024939,2022-01-23,2022-01-29,Standard Class,CU-10846,Sandra Thomas,Consumer,East,Massachusetts,Boston,Furniture,Bookcases,1299.16,3,0.4,-850.69
ORD-2023926,2023-02-09,2023-02-15,Standard Class,CU-10287,Ashley Thomas,Consumer,East,New York,New York City,Office Supplies,Supplies,121.34,8,0.0,45.86
ORD-2022146,2022-12-31,2023-01-03,Second Class,CU-10211,Barbara Jones,Corporate,East,New York,Buffalo,Office Supplies,Art,16.93,3,0.1,3.13
ORD-2024830,2022-11-05,2022-11-07,Second Class,CU-10553,Kevin Williams,Corporate,East,New York,Buffalo,Office Supplies,Art,38.74,1,0.0,10.12
ORD-2026227,2022-09-21,2022-09-23,First Class,CU-10723,David Williams,Consumer,Central,Ohio,Columbus,Furniture,Furnishings,848.92,6,0.2,-200.53
ORD-2022871,2022-02-17,2022-02-20,Second Class,CU-10144,Michael Garcia,Consumer,East,New York,Buffalo,Furniture,Tables,2168.71,2,0.3,-993.45
ORD-2025204,2024-11-27,2024-11-27,Same Day,CU-10058,Elizabeth Smith,Consumer,West,California,San Francisco,Office Supplies,Storage,278.72,3,0.0,87.8
ORD-2023536,2024-07-03,2024-07-10,Standard Class,CU-10291,Steven Smith,Consumer,West,California,San Francisco,Office Supplies,Paper,26.98,2,0.0,10.55
ORD-2025254,2022-03-13,2022-03-20,Standard Class,CU-10294,Susan Miller,Home Office,Central,Illinois,Chicago,Technology,Machines,1124.37,1,0.0,285.72
ORD-2023270,2024-12-18,2024-12-20,Second Class,CU-10691,John Anderson,Consumer,Central,Michigan,Detroit,Technology,Machines,6462.4,3,0.0,1046.26
ORD-2023196,2022-11-04,2022-11-07,Standard Class,CU-10279,Kevin Anderson,Home Office,South,Georgia,Atlanta,Office Supplies,Binders,19.57,2,0.1,4.46
ORD-2025160,2024-12-23,2024-12-30,Standard Class,CU-10342,Nancy Garcia,Consumer,South,North Carolina,Charlotte,Office Supplies,Fasteners,34.76,3,0.0,11.78
ORD-2022470,2023-04-30,2023-05-05,Standard Class,CU-10786,Patricia Taylor,Corporate,Central,Texas,Houston,Office Supplies,Fasteners,30.19,4,0.0,10.9
ORD-2024772,2024-11-04,2024-11-09,Standard Class,CU-10729,Mary Jones,Corporate,South,Georgia,Atlanta,Office Supplies,Supplies,89.87,1,0.0,20.11
ORD-2024013,2023-06-22,2023-06-24,Second Class,CU-10543,Karen Davis,Consumer,Central,Michigan,Detroit,Technology,Copiers,15023.68,6,0.0,4881.28
ORD-2024053,2024-09-20,2024-09-23,Second Class,CU-10497,Laura Martinez,Consumer,South,Florida,Miami,Furniture,Furnishings,58.25,1,0.0,11.15
ORD-2025414,2022-12-15,2022-12-19,Standard Class,CU-10024,David Thomas,Consumer,Central,Michigan,Detroit,Office Supplies,Paper,19.01,1,0.0,6.86
ORD-2022204,2022-01-29,2022-02-03,Standard Class,CU-10653,Sandra Jones,Consumer,Central,Ohio,Columbus,Technology,Phones,1933.16,3,0.2,-160.81
ORD-2022774,2022-01-10,2022-01-15,Standard Class,CU-10764,Steven Davis,Consumer,East,Massachusetts,Boston,Office Supplies,Paper,37.86,4,0.0,15.97
ORD-2025127,2022-07-22,2022-07-24,First Class,CU-10842,Nancy Jackson,Consumer,East,New York,Buffalo,Furniture,Furnishings,136.42,1,0.0,13.89
ORD-2025080,2022-11-05,2022-11-05,Same Day,CU-10760,Laura Anderson,Corporate,West,Washington,Seattle,Office Supplies,Storage,70.17,3,0.1,15.49
ORD-2023041,2024-01-03,2024-01-09,Standard Class,CU-10553,Kevin Williams,Corporate,East,New York,Buffalo,Office Supplies,Labels,59.88,4,0.2,6.13
ORD-2023918,2023-11-29,2023-12-05,Standard Class,CU-10627,Robert Jones,Consumer,South,Tennessee,Nashville,Office Supplies,Storage,1203.74,6,0.1,223.8
ORD-2023796,2023-11-12,2023-11-13,First Class,CU-10516,Amy Hernandez,Consumer,East,Pennsylvania,Philadelphia,Technology,Phones,3676.22,4,0.2,-271.04
ORD-2025951,2024-12-12,2024-12-18,Standard Class,CU-10741,Laura Garcia,Consumer,East,New York,Buffalo,Office Supplies,Storage,114.75,2,0.1,19.8
ORD-2022602,2024-11-13,2024-11-19,Standard Class,CU-10307,Ashley Lopez,Home Office,Central,Texas,Houston,Furniture,Tables,495.75,1,0.0,72.81
ORD-2025985,2022-05-01,2022-05-01,Same Day,CU-10274,Jason Smith,Corporate,West,California,Los Angeles,Technology,Copiers,1578.44,1,0.0,370.25
ORD-2023552,2022-12-17,2022-12-21,Standard Class,CU-10002,Kevin Wilson,Corporate,West,Arizona,Phoenix,Office Supplies,Paper,12.22,1,0.0,4.51
ORD-2023502,2023-03-13,2023-03-18,Standard Class,CU-10640,Ashley Wilson,Corporate,South,Florida,Miami,Office Supplies,Art,155.84,4,,46.73
ORD-2024779,2022-07-31,2022-08-01,First Class,CU-10729,Mary Jones,Consumer,West,California,Los Angeles,Office Supplies,Labels,10.87,1,0.0,3.19
ORD-2022304,2024-10-06,2024-10-12,Standard Class,CU-10610,Michael Brown,Consumer,West,Washington,Seattle,Office Supplies,Paper,13.66,2,0.1,3.42
ORD-2023754,2023-02-03,2023-02-09,,CU-10369,Jason Wilson,Home Office,West,Arizona,Phoenix,Office Supplies,Supplies,34.61,1,0.0,9.76
ORD-2023215,2023-10-03,2023-10-07,Standard Class,CU-10805,Elizabeth Wilson,Corporate,West,Arizona,Phoenix,Technology,Copiers,320.31,1,0.15,0.74
ORD-2024325,2024-12-25,2024-12-30,Standard Class,CU-10652,Laura Martinez,Consumer,West,California,Los Angeles,Furniture,Tables,2650.53,3,0.3,-1080.87
ORD-2025909,2024-08-26,2024-08-31,Standard Class,CU-10123,Jason Jackson,Consumer,West,California,San Francisco,Office Supplies,Binders,424.37,8,0.0,127.02
ORD-2025255,2024-08-03,2024-08-08,Standard Class,CU-10463,Karen Jones,Consumer,West,Arizona,Phoenix,Office Supplies,Art,10.89,3,0.1,3.14
ORD-2025961,2022-07-24,2022-07-29,Standard Class,CU-10682,Karen Smith,Consumer,West,Washington,Seattle,Office Supplies,Paper,16.67,1,0.0,5.42
ORD-2025630,2022-06-20,2022-06-25,Standard Class,CU-10783,Patricia Davis,Consumer,Central,Illinois,Chicago,Office Supplies,Fasteners,47.62,3,0.0,16.0
ORD-2022979,2022-10-02,2022-10-05,Standard Class,CU-10169,Sandra Garcia,Corporate,South,Florida,Miami,Furniture,Tables,3706.05,3,0.15,-510.72
ORD-2025338,2022-12-12,2022-12-14,First Class,CU-10495,Michael Jones,Home Office,West,Washington,Seattle,Office Supplies,Binders,158.79,5,0.0,35.72
ORD-2022549,2023-06-12,2023-06-15,Standard Class,CU-10159,Barbara Brown,Corporate,East,Massachusetts,Boston,Technology,Copiers,2705.43,1,0.0,878.69
ORD-2025500,2023-05-14,2023-05-20,Standard Class,CU-10001,Sandra Martinez,Corporate,West,Washington,Seattle,Furniture,Tables,2163.13,2,0.1,-148.44
ORD-2024037,2022-02-15,2022-02-18,Standard Class,CU-10213,David Martin,Consumer,South,Georgia,Atlanta,Technology,Accessories,161.58,3,0.0,39.24
ORD-2025041,2024-11-24,2024-11-28,Standard Class,CU-10327,Laura Rodriguez,Corporate,West,Washington,Seattle,Office Supplies,Storage,24.87,1,0.0,7.72
ORD-2022218,2024-11-26,2024-12-01,Standard Class,CU-10539,Laura Taylor,Home Office,East,Massachusetts,Boston,Office Supplies,Binders,8.99,1,0.0,3.17
ORD-2024556,2022-02-21,2022-02-24,Second Class,CU-10492,Linda Thomas,Consumer,East,Pennsylvania,Philadelphia,Office Supplies,Storage,198.84,1,0.0,62.57
ORD-2023425,2023-04-12,2023-04-14,Second Class,CU-10304,Barbara Moore,Corporate,West,California,San Francisco,Technology,Machines,1818.43,1,0.0,489.34
ORD-2022858,2023-03-25,2023-03-30,Standard Class,CU-10010,Kevin Lopez,Home Office,West,Washington,Seattle,Furniture,Bookcases,1601.91,3,0.0,236.59
ORD-2023271,2023-03-28,2023-04-01,Standard Class,CU-10491,Michael Jackson,Consumer,West,California,Los Angeles,Technology,Accessories,83.7,4,0.0,12.14
ORD-2024826,2023-07-27,2023-07-31,Second Class,CU-10411,John Martinez,Corporate,West,California,San Francisco,Technology,Phones,695.01,1,0.3,-146.53
ORD-2022576,2024-11-16,2024-11-21,Standard Class,CU-10067,John Smith,Consumer,East,Massachusetts,Boston,Office Supplies,Storage,428.33,2,0.15,91.01
ORD-2025956,2024-12-26,2025-01-02,Standard Class,CU-10574,Karen Lee,Consumer,East,New York,New York City,Technology,Copiers,3730.62,1,0.0,997.28
ORD-2025392,2024-12-19,2024-12-20,First Class,CU-10334,Patricia Miller,Corporate,East,Pennsylvania,Philadelphia,Office Supplies,Supplies,109.17,2,0.3,10.41
ORD-2023452,2024-10-13,2024-10-20,Standard Class,CU-10519,Laura Rodriguez,Consumer,East,Pennsylvania,Philadelphia,Technology,Accessories,509.06,2,0.15,33.32
ORD-2023051,2022-07-23,2022-07-29,Standard Class,CU-10071,Mary Jackson,Corporate,East,Massachusetts,Boston,Furniture,Furnishings,48.66,2,0.2,-7.78
ORD-2024621,2024-12-12,2024-12-16,Second Class,CU-10425,Patricia Miller,Consumer,Central,Ohio,Columbus,Office Supplies,Labels,19.82,4,0.0,6.96
ORD-2022445,2024-03-21,2024-03-28,Standard Class,CU-10255,John Hernandez,Home Office,South,Georgia,Atlanta,Office Supplies,Paper,44.86,2,0.0,13.13
ORD-2025467,2022-12-16,2022-12-17,First Class,CU-10649,Kevin Garcia,Corporate,East,Pennsylvania,Philadelphia,Office Supplies,Art,78.21,4,0.0,22.69
ORD-2023422,2023-07-14,2023-07-19,Standard Class,CU-10568,Elizabeth Garcia,Home Office,East,Massachusetts,Boston,Office Supplies,Storage,227.85,1,0.2,30.16
ORD-2022627,2022-05-20,2022-05-23,Standard Class,CU-10121,Nancy Martin,Consumer,West,California,San Francisco,Technology,Machines,3212.79,2,0.0,1015.26
ORD-2022347,2022-11-22,2022-11-26,Standard Class,CU-10640,Ashley Wilson,Consumer,East,Massachusetts,Boston,Technology,Copiers,4695.76,2,0.2,-163.2
ORD-2022341,2024-12-12,2024-12-13,First Class,CU-10482,Sandra Miller,Consumer,East,Massachusetts,Boston,Office Supplies,Storage,867.8,8,0.0,211.45
ORD-2025437,2022-12-26,2023-01-01,Standard Class,CU-10220,David Rodriguez,Corporate,West,California,Los Angeles,Technology,Phones,3309.95,3,0.1,585.64
ORD-2022777,2022-09-07,2022-09-13,Standard Class,CU-10642,Karen Miller,Corporate,West,California,Los Angeles,Office Supplies,Storage,229.01,1,0.3,-1.73
ORD-2022436,2022-07-17,2022-07-22,Standard Class,CU-10458,Mary Davis,Consumer,Central,Illinois,Chicago,Office Supplies,Art,29.85,2,0.15,5.93
ORD-2025669,2023-11-16,2023-11-18,First Class,CU-10069,Jason Lopez,Home Office,East,New York,Buffalo,Office Supplies,Paper,20.32,1,0.15,4.45
ORD-2022499,2023-09-24,2023-09-28,Second Class,CU-10419,Robert Rodriguez,Corporate,West,California,San Francisco,Office Supplies,Paper,35.02,3,0.15,5.82
ORD-2025304,2024-04-03,2024-04-06,Second Class,CU-10243,Elizabeth Garcia,Corporate,Central,Texas,Houston,Office Supplies,Art,144.91,4,,36.7
ORD-2022303,2023-09-25,2023-09-29,Standard Class,CU-10095,Robert Lee,Consumer,East,Pennsylvania,Philadelphia,Technology,Copiers,1671.86,1,0.0,345.31
ORD-2022926,2022-09-04,2022-09-08,Second Class,CU-10480,Robert Martin,Home Office,West,Washington,Seattle,Office Supplies,Storage,227.37,1,0.0,86.31
ORD-2026337,2022-02-21,2022-02-28,Standard Class,CU-10346,Karen Williams,Consumer,South,North Carolina,Charlotte,Technology,Machines,3520.83,4,0.0,540.73
ORD-2022675,2023-04-13,2023-04-17,Second Class,CU-10041,Patricia Smith,Consumer,West,Arizona,Phoenix,Technology,Machines,3025.14,3,0.0,474.75
ORD-2024514,2022-11-11,2022-11-13,Second Class,CU-10798,Michael Garcia,Consumer,West,Arizona,Phoenix,Furniture,Furnishings,179.21,3,0.0,26.13
ORD-2022260,2022-08-16,2022-08-23,Standard Class,CU-10593,Barbara Davis,Home Office,East,Pennsylvania,Philadelphia,Technology,Phones,2662.16,5,0.0,720.71
ORD-2022927,2024-09-30,2024-10-03,,CU-10262,Barbara Martin,Consumer,South,North Carolina,Charlotte,Technology,Machines,3550.67,2,0.0,854.79
ORD-2022584,2024-11-21,2024-11-28,Standard Class,CU-10626,Nancy Rodriguez,Corporate,Central,Michigan,Detroit,Furniture,Chairs,953.19,4,0.0,232.83
ORD-2025939,2022-06-01,2022-06-07,Standard Class,CU-10493,Barbara Davis,Home Office,South,Georgia,Atlanta,Office Supplies,Fasteners,19.54,4,0.0,6.05
ORD-2024963,2023-11-25,2023-11-29,Second Class,CU-10368,John Rodriguez,Corporate,West,California,San Francisco,Technology,Copiers,16393.0,4,0.15,181.89
ORD-2024722,2023-02-15,2023-02-19,,CU-10349,Ashley Taylor,Consumer,Central,Ohio,Columbus,Office Supplies,Storage,199.12,1,0.0,42.91
ORD-2026269,2024-05-28,2024-05-30,Second Class,CU-10347,Robert Anderson,Home Office,West,California,San Francisco,Office Supplies,Binders,234.3,5,0.0,70.0
ORD-2026154,2023-11-19,2023-11-22,Second Class,CU-10636,Susan Johnson,Home Office,West,California,San Francisco,Office Supplies,Art,15.6,2,0.2,2.98
ORD-2024311,2022-05-11,2022-05-11,Same Day,CU-10639,Michael Moore,Consumer,Central,Ohio,Columbus,Office Supplies,Fasteners,57.52,3,0.15,7.17
ORD-2023408,2024-10-16,2024-10-23,Standard Class,CU-10171,David Miller,Consumer,West,California,Los Angeles,Furniture,Tables,311.35,1,0.1,5.09
ORD-2024511,2023-05-23,2023-05-29,Standard Class,CU-10558,Laura Wilson,Corporate,Central,Texas,Houston,Office Supplies,Paper,127.68,6,,31.85
ORD-2024673,2023-08-05,2023-08-07,First Class,CU-10792,Susan Jackson,Corporate,West,Washington,Seattle,Office Supplies,Binders,44.12,1,0.1,6.87
ORD-2022241,2024-07-24,2024-07-27,Standard Class,CU-10603,Amy Wilson,Consumer,East,Massachusetts,Boston,Technology,Accessories,1263.44,7,0.15,86.36
ORD-2025739,2023-06-22,2023-06-27,Standard Class,CU-10238,Michael Williams,Consumer,Central,Ohio,Columbus,Technology,Copiers,6204.3,4,,1460.44
ORD-2025381,2024-10-15,2024-10-20,Standard Class,CU-10300,Karen Rodriguez,Home Office,South,North Carolina,Charlotte,Office Supplies,Fasteners,14.5,1,0.0,4.03
ORD-2023197,2023-12-27,2023-12-30,Standard Class,CU-10545,Patricia Lee,Corporate,Central,Illinois,Chicago,Furniture,Chairs,1848.35,4,0.1,-174.12
ORD-2026114,2024-06-12,2024-06-17,Standard Class,CU-10367,Elizabeth Jones,Consumer,Central,Texas,Houston,Office Supplies,Storage,163.96,3,0.1,42.99
ORD-2025501,2023-11-13,2023-11-17,Standard Class,CU-10236,Kevin Anderson,Corporate,East,New York,New York City,Technology,Copiers,1549.16,2,0.2,-43.2
ORD-2025118,2022-12-02,2022-12-06,Standard Class,CU-10322,Barbara Anderson,Consumer,West,California,San Francisco,Technology,Accessories,473.51,2,0.0,115.21
ORD-2025533,2022-09-08,2022-09-13,Standard Class,CU-10848,Robert Anderson,Consumer,South,Georgia,Atlanta,Furniture,Furnishings,86.72,1,0.2,-10.19
ORD-2024394,2023-11-27,2023-11-30,Standard Class,CU-10503,Nancy Brown,Corporate,West,California,San Francisco,Furniture,Bookcases,680.15,1,0.2,-151.41
ORD-2025268,2024-12-08,2024-12-11,Second Class,CU-10360,Steven Hernandez,Consumer,Central,Michigan,Detroit,Office Supplies,Binders,48.08,1,0.15,5.85
ORD-2024166,2024-11-08,2024-11-09,First Class,CU-10847,Kevin Thomas,Corporate,West,California,San Francisco,Office Supplies,Paper,10.77,1,0.15,2.0
ORD-2022896,2022-12-05,2022-12-06,First Class,CU-10430,Susan Taylor,Corporate,Central,Michigan,Detroit,Office Supplies,Art,27.94,2,0.15,4.4
ORD-2023900,2023-11-20,2023-11-23,Standard Class,CU-10737,Elizabeth Williams,Consumer,West,California,Los Angeles,Technology,Copiers,3882.93,1,0.2,166.22
ORD-2023401,2022-04-19,2022-04-24,Standard Class,CU-10333,Nancy Thomas,Consumer,East,Pennsylvania,Philadelphia,Technology,Phones,5722.45,8,0.1,291.31
ORD-2024347,2024-09-13,2024-09-13,Same Day,CU-10697,Linda Miller,Consumer,West,Arizona,Phoenix,Technology,Phones,457.89,1,0.0,114.92
ORD-2026005,2022-09-29,2022-10-04,Standard Class,CU-10345,James Miller,Corporate,East,New York,Buffalo,Technology,Copiers,1947.75,1,0.0,451.78
ORD-2024698,2023-04-15,2023-04-22,Standard Class,CU-10648,Karen Jackson,Consumer,West,Arizona,Phoenix,Technology,Machines,4031.69,2,0.15,475.48
ORD-2026171,2024-03-17,2024-03-23,Standard Class,CU-10759,Susan Brown,Consumer,West,California,San Francisco,Technology,Accessories,443.69,2,0.0,99.14
ORD-2024445,2023-11-14,2023-11-18,Standard Class,CU-10448,Steven Anderson,Consumer,East,Pennsylvania,Philadelphia,Furniture,Chairs,1013.92,6,0.0,166.05
ORD-2022477,2023-12-05,2023-12-08,Standard Class,CU-10575,Nancy Jones,Corporate,West,Arizona,Phoenix,Technology,Copiers,3525.06,1,0.0,853.69
ORD-2025477,2024-11-16,2024-11-23,Standard Class,CU-10638,Amy Jones,Corporate,South,Florida,Miami,Furniture,Furnishings,118.11,2,0.0,23.8
ORD-2024567,2022-06-11,2022-06-17,Standard Class,CU-10241,James Jones,Consumer,Central,Ohio,Columbus,Furniture,Furnishings,82.46,3,0.15,-10.95
ORD-2022337,2024-04-13,2024-04-16,Standard Class,CU-10575,Nancy Jones,Consumer,East,New York,New York City,Technology,Accessories,369.82,2,0.1,32.71
ORD-2025586,2023-04-10,2023-04-16,,CU-10823,Elizabeth Smith,Consumer,Central,Ohio,Columbus,Office Supplies,Labels,18.59,3,0.1,4.24
ORD-2022081,2023-05-03,2023-05-07,Standard Class,CU-10303,Michael Martinez,Home Office,East,New York,New York City,Technology,Phones,1147.53,7,0.3,-114.84
ORD-2024807,2024-04-20,2024-04-26,Standard Class,CU-10621,Karen Miller,Corporate,West,Arizona,Phoenix,Office Supplies,Storage,200.38,3,,34.75
ORD-2025485,2024-05-17,2024-05-20,Standard Class,CU-10508,Steven Thomas,Corporate,East,New York,Buffalo,Office Supplies,Supplies,56.88,1,0.1,12.15
ORD-2026012,2024-11-27,2024-11-27,Same Day,CU-10839,John Garcia,Home Office,West,Washington,Seattle,Office Supplies,Binders,25.35,1,0.1,5.41
ORD-2024000,2024-09-20,2024-09-23,Standard Class,CU-10259,Jason Martin,Home Office,East,Pennsylvania,Philadelphia,Technology,Accessories,1347.98,5,0.0,377.05
ORD-2024156,2022-06-08,2022-06-15,Standard Class,CU-10387,Robert Anderson,Consumer,East,Pennsylvania,Philadelphia,Furniture,Tables,4910.05,6,,-2213.71
ORD-2023737,2022-11-01,2022-11-04,Standard Class,CU-10633,Michael Martinez,Consumer,West,Arizona,Phoenix,Office Supplies,Supplies,486.73,7,0.0,137.91
ORD-2025301,2022-12-25,2023-01-01,Standard Class,CU-10521,Elizabeth Moore,Consumer,South,Florida,Miami,Furniture,Tables,1961.83,3,0.2,-354.39
ORD-2023658,2023-04-23,2023-04-28,Standard Class,CU-10354,Amy Johnson,Consumer,West,Washington,Seattle,Technology,Copiers,8546.58,6,0.1,1536.26
ORD-2023613,2023-03-24,2023-03-31,Standard Class,CU-10352,Mary Moore,Corporate,Central,Illinois,Chicago,Furniture,Chairs,1171.23,7,0.15,-247.36
ORD-2022054,2024-03-14,2024-03-21,Standard Class,CU-10464,John Jones,Consumer,East,Pennsylvania,Philadelphia,Furniture,Bookcases,925.17,3,0.1,31.61
ORD-2024687,2024-01-11,2024-01-16,Standard Class,CU-10350,James Jones,Consumer,East,Pennsylvania,Philadelphia,Office Supplies,Paper,42.61,2,0.0,10.89
ORD-2022138,2024-07-04,2024-07-10,Standard Class,CU-10796,Linda Lee,Corporate,West,Washington,Seattle,Office Supplies,Storage,42.77,2,0.1,12.19
ORD-2024668,2023-11-16,2023-11-18,Second Class,CU-10794,Jason Taylor,Consumer,East,New York,Buffalo,Technology,Phones,2133.26,3,0.2,-105.11
ORD-2024223,2022-10-05,2022-10-09,Standard Class,CU-10020,Ashley Johnson,Corporate,East,New York,New York City,Technology,Copiers,2132.17,3,0.2,-141.55
ORD-2025748,2022-12-20,2022-12-23,Standard Class,CU-10609,Sandra Moore,Corporate,West,Arizona,Phoenix,Office Supplies,Fasteners,25.22,2,0.15,3.34
ORD-2024873,2022-11-20,2022-11-25,Standard Class,CU-10504,Jason Smith,Corporate,West,California,San Francisco,Furniture,Bookcases,3626.72,6,0.0,485.98
ORD-2025074,2024-10-18,2024-10-23,Standard Class,CU-10259,Jason Martin,Home Office,South,Georgia,Atlanta,Technology,Accessories,1049.36,4,0.0,323.06
ORD-2024987,2023-11-01,2023-11-03,Second Class,CU-10641,James Lopez,Consumer,East,Pennsylvania,Philadelphia,Technology,Phones,486.33,3,0.0,80.21
ORD-2025170,2024-12-25,2024-12-29,Standard Class,CU-10059,Elizabeth Thomas,Corporate,East,Massachusetts,Boston,Office Supplies,Binders,47.78,6,0.3,-1.5
ORD-2026254,2024-09-24,2024-09-25,First Class,CU-10214,David Lopez,Home Office,West,California,Los Angeles,Furniture,Bookcases,1335.95,3,0.0,198.7
ORD-2026470,2024-11-14,2024-11-16,Second Class,CU-10583,Elizabeth Johnson,Corporate,West,California,San Francisco,Furniture,Furnishings,188.32,5,0.1,1.95
ORD-2026187,2022-07-30,2022-08-05,Standard Class,CU-10141,Robert Smith,Consumer,Central,Michigan,Detroit,Furniture,Bookcases,1345.51,3,0.0,127.23
ORD-2022681,2022-10-18,2022-10-20,First Class,CU-10136,Amy Miller,Corporate,East,Massachusetts,Boston,Office Supplies,Fasteners,12.98,1,0.0,3.88
ORD-2024754,2024-11-01,2024-11-08,Standard Class,CU-10064,Mary Brown,Consumer,West,Washington,Seattle,Furniture,Chairs,715.82,6,0.2,-76.12
ORD-2025811,2022-08-04,2022-08-07,Second Class,CU-10079,Karen Johnson,Corporate,East,Pennsylvania,Philadelphia,Furniture,Bookcases,591.76,1,0.3,-194.41
ORD-2022250,2023-12-25,2023-12-29,Standard Class,CU-10495,Michael Jones,Corporate,South,Tennessee,Nashville,Office Supplies,Fasteners,37.25,3,0.0,12.14
ORD-2025023,2023-11-13,2023-11-14,First Class,CU-10147,Patricia Jones,Consumer,South,Tennessee,Nashville,Furniture,Tables,2483.52,7,0.3,-1010.14
ORD-2023261,2023-04-26,2023-04-29,Standard Class,CU-10092,Laura Thomas,Consumer,West,Washington,Seattle,Office Supplies,Fasteners,67.85,4,0.15,14.48
ORD-2026191,2024-04-10,2024-04-15,Standard Class,CU-10776,Jason Lopez,Consumer,East,Massachusetts,Boston,Furniture,Bookcases,723.78,2,0.5,-538.6
ORD-2024225,2022-11-22,2022-11-23,First Class,CU-10539,Laura Taylor,Consumer,East,Pennsylvania,Philadelphia,Furniture,Tables,1694.75,2,0.4,-1080.54
ORD-2023495,2023-12-18,2023-12-23,Standard Class,CU-10164,David Lopez,Consumer,East,New York,New York City,Technology,Phones,972.88,1,0.4,-289.25
ORD-2025840,2024-02-03,2024-02-07,Standard Class,CU-10313,Elizabeth Martin,Consumer,West,California,Los Angeles,Office Supplies,Labels,81.34,7,0.2,11.62
ORD-2026031,2023-02-14,2023-02-17,Standard Class,CU-10021,Susan Rodriguez,Corporate,West,California,San Francisco,Furniture,Bookcases,282.18,1,0.3,-108.77
ORD-2025032,2022-11-22,2022-11-22,Same Day,CU-10227,Linda Garcia,Consumer,West,California,Los Angeles,Technology,Copiers,19304.38,5,0.1,1468.39
ORD-2022735,2024-03-04,2024-03-11,Standard Class,CU-10496,Jason Brown,Corporate,West,California,Los Angeles,Technology,Accessories,389.77,3,0.0,86.24
ORD-2022536,2023-10-07,2023-10-14,Standard Class,CU-10477,Susan Jones,Consumer,East,New York,Buffalo,Office Supplies,Fasteners,10.26,1,0.1,2.2
ORD-2023717,2023-12-03,2023-12-08,Standard Class,CU-10606,Amy Brown,Consumer,West,California,San Francisco,Office Supplies,Storage,319.65,2,,78.29
ORD-2025239,2022-12-26,2022-12-28,Second Class,CU-10067,John Smith,Home Office,West,California,Los Angeles,Office Supplies,Fasteners,17.42,1,0.0,3.95
ORD-2025539,2022-12-17,2022-12-22,Standard Class,CU-10056,Amy Taylor,Consumer,Central,Illinois,Chicago,Office Supplies,Labels,8.14,4,0.2,1.58
ORD-2025958,2022-06-19,2022-06-22,Second Class,CU-10247,Karen Wilson,Corporate,West,California,San Francisco,Office Supplies,Paper,17.03,1,0.15,4.74
ORD-2026478,2024-09-05,2024-09-09,Standard Class,CU-10831,Linda Thomas,Consumer,South,Florida,Miami,Furniture,Chairs,3085.65,6,,-1888.04
ORD-2025400,2022-04-27,2022-05-02,Standard Class,CU-10245,John Smith,Corporate,Central,Ohio,Columbus,Office Supplies,Fasteners,48.1,3,0.15,3.33
ORD-2023922,2023-08-13,2023-08-15,Second Class,CU-10674,Ashley Brown,Corporate,West,Washington,Seattle,Office Supplies,Storage,1021.35,5,0.0,336.0
ORD-2024946,2022-12-27,2022-12-30,Standard Class,CU-10566,Laura Wilson,Consumer,West,California,San Francisco,Office Supplies,Labels,9.64,1,0.0,3.25
ORD-2023349,2022-07-07,2022-07-13,Standard Class,CU-10613,Michael Martin,Corporate,South,Florida,Miami,Office Supplies,Labels,59.66,6,0.1,12.07
ORD-2023077,2023-08-31,2023-09-06,Standard Class,CU-10243,Elizabeth Garcia,Consumer,West,California,San Francisco,Office Supplies,Labels,12.51,1,0.0,3.86
ORD-2022866,2024-10-14,2024-10-18,Second Class,CU-10342,Nancy Garcia,Consumer,West,California,Los Angeles,Office Supplies,Labels,25.69,2,0.2,1.96
ORD-2025541,2023-10-28,2023-10-30,Second Class,CU-10204,Linda Williams,Consumer,West,California,San Francisco,Technology,Copiers,5386.75,7,0.3,-1036.12
ORD-2022751,2022-12-26,2022-12-28,First Class,CU-10638,Amy Jones,Home Office,West,Washington,Seattle,Furniture,Tables,1948.59,2,0.4,-1055.03
ORD-2026399,2024-06-27,2024-06-29,Second Class,CU-10823,Elizabeth Smith,Consumer,South,Georgia,Atlanta,Technology,Phones,2449.87,4,0.2,-241.54
ORD-2022122,2022-05-20,2022-05-25,Standard Class,CU-10451,Linda Thomas,Consumer,West,Washington,Seattle,Furniture,Tables,790.17,1,0.2,-215.33
ORD-2025352,2022-03-15,2022-03-20,Standard Class,CU-10762,David Brown,Corporate,East,New York,New York City,Office Supplies,Labels,28.22,3,0.0,8.17
ORD-2022783,2023-12-01,2023-12-01,Same Day,CU-10049,Barbara Garcia,Corporate,Central,Ohio,Columbus,Office Supplies,Art,233.57,6,0.1,46.91
ORD-2026168,2023-10-20,2023-10-26,Standard Class,CU-10437,Amy Thomas,Consumer,South,Georgia,Atlanta,Office Supplies,Labels,47.76,6,0.0,15.79
ORD-2023767,2022-05-05,2022-05-10,Standard Class,CU-10362,Linda Garcia,Corporate,West,California,San Francisco,Furniture,Tables,1149.19,2,0.5,-783.62
ORD-2023596,2022-10-07,2022-10-14,Standard Class,CU-10583,Elizabeth Johnson,Consumer,East,Pennsylvania,Philadelphia,Office Supplies,Supplies,43.81,4,0.1,9.78
ORD-2024921,2022-01-16,2022-01-21,Standard Class,CU-10024,David Thomas,Home Office,Central,Ohio,Columbus,Office Supplies,Supplies,15.78,1,0.0,5.27
ORD-2026201,2024-08-06,2024-08-10,Second Class,CU-10264,Patricia Rodriguez,Consumer,East,New York,Buffalo,Office Supplies,Supplies,133.33,2,0.0,37.6
ORD-2024274,2024-10-18,2024-10-19,First Class,CU-10148,Kevin Miller,Consumer,West,California,San Francisco,Office Supplies,Fasteners,32.44,2,0.15,8.36
ORD-2023607,2022-11-28,2022-12-04,Standard Class,CU-10715,Karen Rodriguez,Consumer,East,New York,Buffalo,Office Supplies,Supplies,473.58,4,0.2,54.52
ORD-2022047,2022-12-10,2022-12-17,Standard Class,CU-10238,Michael Williams,Corporate,East,Pennsylvania,Philadelphia,Furniture,Bookcases,259.44,1,0.0,55.28
ORD-2026359,2024-05-06,2024-05-13,Standard Class,CU-10607,Steven Garcia,Consumer,West,Washington,Seattle,Office Supplies,Paper,106.18,5,0.1,21.12
ORD-2025044,2024-05-17,2024-05-18,First Class,CU-10380,Karen Williams,Consumer,West,Arizona,Phoenix,Technology,Accessories,143.51,1,0.1,18.98
ORD-2025020,2023-04-15,2023-04-21,Standard Class,CU-10775,Laura Taylor,Consumer,East,New York,New York City,Office Supplies,Storage,331.59,2,0.15,64.47
ORD-2024528,2024-09-06,2024-09-06,Same Day,CU-10042,David Lee,Consumer,East,New York,Buffalo,Office Supplies,Binders,100.35,4,0.0,30.61
ORD-2026195,2023-09-30,2023-10-06,Standard Class,CU-10138,Patricia Brown,Home Office,West,California,Los Angeles,Technology,Phones,567.15,1,0.0,146.13
ORD-2025955,2023-11-26,2023-12-01,Standard Class,CU-10781,Michael Miller,Consumer,West,Arizona,Phoenix,Office Supplies,Supplies,158.7,3,0.3,-9.48
ORD-2024043,2024-11-27,2024-12-04,Standard Class,CU-10326,Steven Brown,Corporate,Central,Illinois,Chicago,Office Supplies,Fasteners,2.22,1,0.15,0.21
ORD-2025976,2022-04-07,2022-04-07,Same Day,CU-10023,Jason Jackson,Consumer,East,Massachusetts,Boston,Furniture,Bookcases,710.2,4,0.4,-417.41
ORD-2026038,2023-03-25,2023-03-30,Standard Class,CU-10763,Amy Jackson,Home Office,Central,Texas,Houston,Office Supplies,Paper,48.13,3,0.1,14.72
ORD-2024756,2024-10-19,2024-10-20,First Class,CU-10264,Patricia Rodriguez,Consumer,West,California,San Francisco,Furniture,Chairs,487.47,1,0.1,3.36
ORD-2023549,2022-12-03,2022-12-06,Standard Class,CU-10089,Patricia Jackson,Home Office,Central,Illinois,Chicago,Office Supplies,Storage,1075.57,5,0.2,197.61
ORD-2023506,2024-04-28,2024-05-04,Standard Class,CU-10833,David Brown,Corporate,East,New York,New York City,Furniture,Furnishings,35.19,3,0.2,-6.43
ORD-2022509,2022-07-04,2022-07-06,First Class,CU-10343,Sandra Rodriguez,Consumer,West,California,Los Angeles,Technology,Accessories,450.69,7,0.15,32.63
ORD-2025463,2022-12-10,2022-12-14,Standard Class,CU-10139,Laura Jones,Consumer,West,California,San Francisco,Technology,Phones,1185.27,1,0.0,298.19
ORD-2025210,2023-02-08,2023-02-11,Standard Class,CU-10650,Mary Anderson,Consumer,East,New York,Buffalo,Office Supplies,Paper,15.8,1,0.15,2.37
ORD-2024655,2024-11-26,2024-12-01,Standard Class,CU-10167,Jason Miller,Consumer,West,California,Los Angeles,Furniture,Chairs,193.24,1,0.5,-146.11
ORD-2024270,2023-12-14,2023-12-18,Second Class,CU-10351,Elizabeth Thomas,Consumer,West,California,San Francisco,Office Supplies,Binders,3.36,1,0.15,0.62
ORD-2024841,2023-06-11,2023-06-16,Standard Class,CU-10614,Mary Williams,Corporate,East,Massachusetts,Boston,Office Supplies,Supplies,145.07,2,0.2,24.97
ORD-2023193,2024-12-20,2024-12-23,Standard Class,CU-10674,Ashley Brown,Home Office,Central,Texas,Houston,Technology,Accessories,551.05,2,,69.28
ORD-2024606,2023-12-07,2023-12-14,Standard Class,CU-10531,Amy Jackson,Consumer,West,California,Los Angeles,Office Supplies,Fasteners,18.25,1,0.2,0.12
ORD-2024527,2024-11-12,2024-11-13,First Class,CU-10223,Laura Wilson,Corporate,Central,Michigan,Detroit,Office Supplies,Storage,60.84,1,0.0,23.04
ORD-2023132,2022-06-04,2022-06-10,Standard Class,CU-10581,David Lopez,Consumer,West,California,Los Angeles,Office Supplies,Fasteners,43.55,5,0.1,9.96
ORD-2023220,2022-01-03,2022-01-07,Standard Class,CU-10795,Laura Lopez,Home Office,West,Arizona,Phoenix,Technology,Machines,11704.08,7,0.15,1164.65
ORD-2025107,2023-12-22,2023-12-26,Second Class,CU-10526,Kevin Rodriguez,Consumer,Central,Illinois,Chicago,Furniture,Bookcases,1221.01,3,0.5,-918.12
ORD-2023961,2023-05-19,2023-05-22,Standard Class,CU-10697,Linda Miller,Corporate,Central,Ohio,Columbus,Office Supplies,Art,61.16,5,0.0,20.35
ORD-2023194,2024-10-23,2024-10-26,Standard Class,CU-10838,Linda Moore,Home Office,East,New York,New York City,Office Supplies,Binders,162.44,4,0.15,29.36
ORD-2022579,2023-01-16,2023-01-19,Standard Class,CU-10492,Linda Thomas,Corporate,South,Georgia,Atlanta,Technology,Copiers,4350.35,1,0.2,-17.15
ORD-2022316,2023-03-26,2023-03-30,Standard Class,CU-10125,Nancy Wilson,Corporate,West,Washington,Seattle,Furniture,Bookcases,321.87,1,0.2,-40.29
ORD-2023947,2024-11-27,2024-11-29,Second Class,CU-10018,Nancy Taylor,Consumer,East,New York,New York City,Technology,Machines,327.25,1,0.4,-99.66
ORD-2023899,2022-04-07,2022-04-08,First Class,CU-10319,Jason Lopez,Home Office,South,Tennessee,Nashville,Office Supplies,Labels,9.26,3,0.1,2.32
ORD-2025349,2023-04-14,2023-04-16,First Class,CU-10745,Amy Anderson,Home Office,Central,Texas,Houston,Technology,Copiers,4068.66,4,0.1,283.23
ORD-2023698,2024-12-13,2024-12-17,Second Class,CU-10475,David Rodriguez,Consumer,West,California,Los Angeles,Furniture,Chairs,1818.52,6,0.0,448.79
ORD-2025515,2024-05-25,2024-05-28,Standard Class,CU-10060,Nancy Lee,Corporate,South,Florida,Miami,Office Supplies,Labels,4.12,2,0.2,0.37
ORD-2022428,2022-04-10,2022-04-12,First Class,CU-10633,Michael Martinez,Consumer,South,Georgia,Atlanta,Technology,Phones,1154.51,1,0.0,255.03
ORD-2026328,2024-09-17,2024-09-20,Standard Class,CU-10555,Susan Garcia,Corporate,South,North Carolina,Charlotte,Office Supplies,Fasteners,51.34,4,0.0,15.31
ORD-2022034,2023-08-02,2023-08-06,Second Class,CU-10132,Nancy Miller,Home Office,West,Arizona,Phoenix,Technology,Copiers,6064.31,2,0.3,-769.82
ORD-2022707,2024-07-05,2024-07-08,Standard Class,CU-10626,Nancy Rodriguez,Consumer,South,Florida,Miami,Office Supplies,Supplies,104.44,4,0.0,32.25
ORD-2023103,2024-09-16,2024-09-21,Standard Class,CU-10180,Ashley Martin,Corporate,West,California,Los Angeles,Technology,Phones,1414.98,2,0.15,37.46
ORD-2025970,2024-12-09,2024-12-14,Standard Class,CU-10366,Karen Garcia,Consumer,East,Pennsylvania,Philadelphia,Office Supplies,Storage,656.87,5,0.0,205.04
ORD-2022370,2024-06-05,2024-06-10,,CU-10641,James Lopez,Corporate,East,Pennsylvania,Philadelphia,Office Supplies,Paper,42.36,2,0.0,10.54
ORD-2022485,2023-05-21,2023-05-23,Second Class,CU-10477,Susan Jones,Consumer,East,New York,Buffalo,Furniture,Tables,5073.48,6,0.3,-1910.09
ORD-2025275,2024-08-26,2024-08-27,First Class,CU-10691,John Anderson,Consumer,Central,Michigan,Detroit,Technology,Machines,8184.38,6,0.1,1072.28
ORD-2023426,2022-05-27,2022-06-02,Standard Class,CU-10012,Amy Jackson,Corporate,East,New York,Buffalo,Technology,Copiers,3322.82,1,0.3,-613.93
ORD-2024443,2023-10-23,2023-10-25,First Class,CU-10595,James Lopez,Corporate,South,Georgia,Atlanta,Furniture,Chairs,350.71,1,0.0,77.16
ORD-2022520,2024-10-05,2024-10-06,First Class,CU-10469,Nancy Wilson,Corporate,Central,Michigan,Detroit,Office Supplies,Fasteners,18.71,4,0.0,7.24
ORD-2022571,2024-09-22,2024-09-29,Standard Class,CU-10478,Kevin Moore,Home Office,East,Pennsylvania,Philadelphia,Office Supplies,Paper,15.57,1,0.1,4.44
ORD-2022599,2023-12-09,2023-12-11,Second Class,CU-10415,Mary Moore,Consumer,Central,Illinois,Chicago,Technology,Copiers,5183.16,8,0.2,-139.08
ORD-2025510,2024-12-12,2024-12-14,First Class,CU-10380,Karen Williams,Consumer,East,Massachusetts,Boston,Office Supplies,Supplies,44.54,1,0.2,3.27
ORD-2022233,2023-11-27,2023-12-01,Standard Class,CU-10588,Ashley Martin,Consumer,West,Washington,Seattle,Office Supplies,Labels,32.6,5,0.1,9.3
ORD-2023943,2022-09-21,2022-09-28,Standard Class,CU-10782,Laura Lee,Corporate,South,North Carolina,Charlotte,Technology,Machines,1448.56,1,0.2,58.07
ORD-2024785,2024-02-22,2024-02-24,Second Class,CU-10784,Jason Brown,Corporate,South,Georgia,Atlanta,Office Supplies,Labels,11.57,2,0.0,4.32
ORD-2023734,2024-10-16,2024-10-18,Second Class,CU-10391,Laura Garcia,Corporate,South,Florida,Miami,Office Supplies,Labels,55.89,5,0.15,9.26
ORD-2023815,2023-10-30,2023-11-04,Standard Class,CU-10296,Laura Brown,Consumer,South,Georgia,Atlanta,Furniture,Furnishings,18.09,1,0.5,-14.98
ORD-2026095,2022-12-27,2023-01-03,Standard Class,CU-10503,Nancy Brown,Consumer,Central,Michigan,Detroit,Office Supplies,Storage,104.6,3,0.1,24.52
ORD-2023071,2023-12-05,2023-12-06,First Class,CU-10496,Jason Brown,Corporate,East,Massachusetts,Boston,Furniture,Furnishings,64.07,3,0.15,1.22
ORD-2024881,2022-06-02,2022-06-06,Standard Class,CU-10539,Laura Taylor,Consumer,West,California,Los Angeles,Office Supplies,Storage,219.65,1,0.1,56.8
ORD-2025128,2024-02-16,2024-02-19,Second Class,CU-10032,Nancy Anderson,Consumer,West,Washington,Seattle,Furniture,Chairs,490.82,1,0.15,-52.36
ORD-2024769,2024-12-27,2024-12-29,First Class,CU-10364,Amy Anderson,Consumer,Central,Ohio,Columbus,Office Supplies,Storage,443.49,2,0.0,117.94
ORD-2023489,2023-08-11,2023-08-17,Standard Class,CU-10688,Barbara Jackson,Home Office,South,Tennessee,Nashville,Office Supplies,Supplies,371.96,6,0.0,123.33
ORD-2023082,2024-11-24,2024-11-27,Standard Class,CU-10048,Robert Thomas,Consumer,South,Georgia,Atlanta,Furniture,Chairs,873.5,3,0.0,124.97
ORD-2026272,2024-08-07,2024-08-08,First Class,CU-10160,Linda Anderson,Consumer,Central,Michigan,Detroit,Furniture,Chairs,142.83,1,0.0,10.22
ORD-2024179,2024-12-17,2024-12-20,Standard Class,CU-10598,Nancy Moore,Corporate,Central,Texas,Houston,Office Supplies,Storage,705.14,3,0.15,102.57
ORD-2023096,2022-11-03,2022-11-10,Standard Class,CU-10238,Michael Williams,Consumer,West,Arizona,Phoenix,Technology,Phones,609.47,1,0.1,78.3
ORD-2024500,2022-03-08,2022-03-14,Standard Class,CU-10588,Ashley Martin,Corporate,East,New York,New York City,Technology,Machines,8333.68,3,0.0,2860.2
ORD-2022985,2024-11-22,2024-11-27,Standard Class,CU-10001,Sandra Martinez,Corporate,West,Washington,Seattle,Office Supplies,Supplies,463.47,7,0.0,150.52
ORD-2025809,2024-07-26,2024-07-30,Standard Class,CU-10705,Nancy Smith,Home Office,West,Arizona,Phoenix,Office Supplies,Supplies,62.76,1,0.2,3.9
ORD-2022607,2022-07-01,2022-07-04,Second Class,CU-10458,Mary Davis,Corporate,West,Washington,Seattle,Office Supplies,Fasteners,11.61,5,,0.84
ORD-2022635,2022-06-24,2022-06-27,Standard Class,CU-10202,Kevin Miller,Consumer,Central,Ohio,Columbus,Furniture,Bookcases,1349.38,6,0.2,-332.96
ORD-2024161,2022-11-29,2022-12-05,Standard Class,CU-10202,Kevin Miller,Consumer,Central,Ohio,Columbus,Furniture,Bookcases,4483.53,7,0.15,-673.27
ORD-2023579,2024-10-23,2024-10-27,Standard Class,CU-10578,Robert Miller,Consumer,East,Massachusetts,Boston,Office Supplies,Paper,137.02,7,0.1,37.04
ORD-2024949,2024-10-25,2024-10-28,Standard Class,CU-10757,Elizabeth Rodriguez,Consumer,Central,Michigan,Detroit,Office Supplies,Paper,19.87,1,0.15,3.99
ORD-2025708,2023-06-19,2023-06-25,Standard Class,CU-10392,Barbara Rodriguez,Corporate,Central,Texas,Houston,Technology,Machines,1920.02,3,0.1,281.5
ORD-2022510,2022-05-02,2022-05-05,Standard Class,CU-10287,Ashley Thomas,Consumer,East,Massachusetts,Boston,Office Supplies,Paper,45.99,2,0.1,10.52
ORD-2024025,2023-04-16,2023-04-20,Second Class,CU-10529,Susan Smith,Home Office,East,Pennsylvania,Philadelphia,Technology,Phones,1999.32,2,0.4,-464.56
ORD-2025158,2024-11-20,2024-11-24,Standard Class,CU-10051,Barbara Anderson,Corporate,East,New York,Buffalo,Technology,Phones,1669.92,2,0.0,453.87
ORD-2024303,2023-08-26,2023-09-01,Standard Class,CU-10324,Laura Rodriguez,Consumer,Central,Ohio,Columbus,Furniture,Chairs,248.96,1,0.1,-25.6
ORD-2023359,2022-09-07,2022-09-08,First Class,CU-10515,Mary Garcia,Home Office,East,Pennsylvania,Philadelphia,Office Supplies,Binders,11.29,1,0.2,1.01
ORD-2023107,2023-04-10,2023-04-16,Standard Class,CU-10050,John Johnson,Consumer,West,California,Los Angeles,Furniture,Bookcases,1691.61,3,0.0,291.33
ORD-2022533,2023-12-19,2023-12-19,Same Day,CU-10701,Sandra Brown,Consumer,Central,Texas,Houston,Office Supplies,Paper,15.42,2,0.15,1.88
ORD-2022643,2022-11-12,2022-11-19,Standard Class,CU-10138,Patricia Brown,Consumer,Central,Texas,Houston,Office Supplies,Fasteners,4.04,3,0.0,1.14
ORD-2023660,2022-09-06,2022-09-10,Standard Class,CU-10216,Amy Miller,Consumer,South,North Carolina,Charlotte,Office Supplies,Art,120.86,5,0.0,49.28
ORD-2024506,2024-12-03,2024-12-10,,CU-10537,Kevin Brown,Consumer,South,Georgia,Atlanta,Office Supplies,Art,39.78,1,0.0,12.06
ORD-2026408,2024-10-25,2024-10-27,Second Class,CU-10826,Jason Wilson,Consumer,West,California,San Francisco,Office Supplies,Fasteners,30.46,3,0.0,6.63
ORD-2026368,2022-08-17,2022-08-21,Standard Class,CU-10578,Robert Miller,Consumer,Central,Illinois,Chicago,Office Supplies,Supplies,17.7,1,0.0,5.92
ORD-2022154,2022-06-23,2022-06-28,Standard Class,CU-10144,Michael Garcia,Consumer,South,Florida,Miami,Technology,Accessories,234.1,2,0.0,57.6
ORD-2022120,2023-11-21,2023-11-23,First Class,CU-10299,Karen Taylor,Corporate,South,Georgia,Atlanta,Furniture,Tables,1175.46,1,0.15,-99.12
ORD-2022620,2024-06-26,2024-06-30,Standard Class,CU-10115,Karen Garcia,Consumer,West,Arizona,Phoenix,Technology,Machines,6279.89,3,0.0,1476.74
ORD-2024707,2022-11-09,2022-11-11,Second Class,CU-10077,Jason Johnson,Consumer,East,New York,Buffalo,Furniture,Furnishings,542.22,7,0.3,-197.83
ORD-2024330,2023-11-19,2023-11-21,Second Class,CU-10847,Kevin Thomas,Corporate,Central,Texas,Houston,Furniture,Bookcases,935.78,3,0.0,217.38
ORD-2025729,2024-05-28,2024-05-31,Standard Class,CU-10298,Sandra Moore,Consumer,West,Washington,Seattle,Office Supplies,Art,9.6,1,0.0,3.15
ORD-2024702,2023-04-07,2023-04-09,Second Class,CU-10213,David Martin,Home Office,East,Massachusetts,Boston,Furniture,Bookcases,128.67,1,0.3,-37.2
ORD-2026129,2024-11-16,2024-11-22,Standard Class,CU-10141,Robert Smith,Home Office,West,Washington,Seattle,Technology,Copiers,6837.87,3,0.0,1894.45
ORD-2022128,2022-06-16,2022-06-23,Standard Class,CU-10830,Karen Taylor,Consumer,East,New York,Buffalo,Office Supplies,Labels,50.0,5,0.1,12.71
ORD-2025720,2023-12-18,2023-12-22,Standard Class,CU-10306,Mary Rodriguez,Consumer,Central,Michigan,Detroit,Office Supplies,Storage,164.51,2,0.1,43.97
ORD-2023300,2022-11-01,2022-11-04,Second Class,CU-10528,Ashley Lopez,Consumer,Central,Texas,Houston,Office Supplies,Labels,5.59,2,0.2,0.38
ORD-2026325,2023-11-03,2023-11-07,Standard Class,CU-10550,Steven Jones,Home Office,Central,Ohio,Columbus,Office Supplies,Fasteners,32.23,4,0.1,4.14
ORD-2024538,2022-01-26,2022-02-02,Standard Class,CU-10804,Patricia Smith,Home Office,South,Tennessee,Nashville,Office Supplies,Labels,25.14,2,0.15,2.98
ORD-2025167,2022-10-03,2022-10-05,First Class,CU-10061,Laura Jones,Corporate,Central,Ohio,Columbus,Office Supplies,Storage,178.25,1,0.0,59.19
ORD-2023807,2023-06-30,2023-07-01,First Class,CU-10661,Barbara Martin,Corporate,West,California,Los Angeles,Furniture,Bookcases,424.15,4,0.1,-18.82
ORD-2023730,2024-12-05,2024-12-05,,CU-10513,Laura Thomas,Consumer,Central,Ohio,Columbus,Technology,Phones,1572.11,2,0.2,-37.5
ORD-2023554,2022-11-13,2022-11-20,Standard Class,CU-10420,Laura Davis,Consumer,West,Arizona,Phoenix,Furniture,Chairs,461.28,1,0.0,81.16
ORD-2025982,2023-11-19,2023-11-23,Standard Class,CU-10840,Amy Miller,Consumer,Central,Michigan,Detroit,Technology,Phones,404.32,1,0.15,-11.72
ORD-2023002,2022-07-23,2022-07-29,Standard Class,CU-10761,Michael Lopez,Corporate,East,Massachusetts,Boston,Technology,Phones,4874.86,8,0.0,1085.09
ORD-2025436,2022-12-29,2023-01-01,Standard Class,CU-10431,Amy Wilson,Corporate,Central,Michigan,Detroit,Furniture,Tables,5045.19,7,,-1838.75
ORD-2025396,2022-05-06,2022-05-13,Standard Class,CU-10030,Sandra Taylor,Home Office,West,Arizona,Phoenix,Office Supplies,Supplies,414.64,6,0.0,129.37
ORD-2025588,2024-06-29,2024-07-03,Second Class,CU-10711,Amy Jones,Consumer,East,Pennsylvania,Philadelphia,Technology,Phones,4105.54,5,0.0,823.9
ORD-2025067,2022-09-26,2022-10-03,Standard Class,CU-10626,Nancy Rodriguez,Consumer,South,Tennessee,Nashville,Office Supplies,Labels,54.01,5,0.0,16.87
ORD-2022883,2023-07-30,2023-08-04,Standard Class,CU-10272,Nancy Smith,Corporate,West,Washington,Seattle,Office Supplies,Art,57.43,4,0.0,20.85
ORD-2024723,2023-05-09,2023-05-09,Same Day,CU-10222,Ashley Garcia,Consumer,West,Arizona,Phoenix,Office Supplies,Paper,19.32,1,0.0,6.79
ORD-2022688,2024-05-20,2024-05-23,Standard Class,CU-10379,Amy Davis,Corporate,East,New York,Buffalo,Office Supplies,Storage,1575.02,8,0.0,469.89
ORD-2026215,2022-09-30,2022-10-01,First Class,CU-10599,Laura Jackson,Corporate,East,Pennsylvania,Philadelphia,Office Supplies,Supplies,692.77,7,0.0,197.96
ORD-2023987,2024-02-24,2024-02-26,Second Class,CU-10354,Amy Johnson,Consumer,West,Washington,Seattle,Furniture,Bookcases,805.56,3,0.0,79.63
ORD-2024360,2024-09-08,2024-09-08,Same Day,CU-10533,Kevin Hernandez,Corporate,West,Arizona,Phoenix,Office Supplies,Binders,54.64,1,0.15,5.26
ORD-2023688,2023-11-20,2023-11-26,Standard Class,CU-10463,Karen Jones,Consumer,West,California,Los Angeles,Office Supplies,Art,39.25,4,0.0,15.02
ORD-2023347,2023-03-12,2023-03-16,Standard Class,CU-10599,Laura Jackson,Corporate,Central,Texas,Houston,Technology,Copiers,9237.07,4,0.1,400.17
ORD-2025143,2022-04-20,2022-04-25,Standard Class,CU-10783,Patricia Davis,Corporate,East,New York,Buffalo,Furniture,Tables,1835.63,4,0.3,-829.28
ORD-2023708,2024-10-26,2024-11-02,Standard Class,CU-10147,Patricia Jones,Consumer,East,Pennsylvania,Philadelphia,Technology,Copiers,3469.15,3,0.0,826.3
ORD-2024294,2022-12-15,2022-12-18,Second Class,CU-10577,Barbara Williams,Consumer,East,New York,New York City,Furniture,Bookcases,438.03,2,0.1,-1.03
ORD-2024809,2022-09-10,2022-09-14,Second Class,CU-10554,Susan Moore,Consumer,Central,Texas,Houston,Office Supplies,Art,79.4,2,0.1,22.47
ORD-2023892,2023-11-04,2023-11-06,First Class,CU-10715,Karen Rodriguez,Consumer,South,Tennessee,Nashville,Office Supplies,Labels,7.9,1,0.15,1.35
ORD-2022670,2022-08-03,2022-08-05,First Class,CU-10174,James Anderson,Corporate,East,Massachusetts,Boston,Office Supplies,Labels,95.43,8,0.0,24.19
ORD-2023266,2022-09-14,2022-09-16,First Class,CU-10833,David Brown,Home Office,Central,Illinois,Chicago,Furniture,Furnishings,140.49,3,0.15,-14.92
ORD-2025279,2022-06-18,2022-06-24,Standard Class,CU-10614,Mary Williams,Consumer,West,California,San Francisco,Office Supplies,Fasteners,10.21,5,,2.67
ORD-2026315,2023-12-09,2023-12-11,Second Class,CU-10136,Amy Miller,Consumer,Central,Texas,Houston,Office Supplies,Labels,13.5,4,0.0,4.6
ORD-2022447,2023-12-05,2023-12-09,Standard Class,CU-10756,Laura Wilson,Home Office,East,New York,Buffalo,Office Supplies,Binders,37.49,8,0.1,4.81
ORD-2024743,2024-06-08,2024-06-15,Standard Class,CU-10065,Karen Anderson,Home Office,Central,Michigan,Detroit,Furniture,Furnishings,546.21,5,0.4,-316.82
ORD-2025026,2022-11-30,2022-12-05,Standard Class,CU-10396,Mary Jones,Consumer,East,Pennsylvania,Philadelphia,Office Supplies,Supplies,40.78,1,0.0,13.99
ORD-2024645,2024-11-01,2024-11-03,Second Class,CU-10019,Laura Jones,Home Office,West,California,San Francisco,Office Supplies,Paper,9.35,1,0.0,2.59
ORD-2023551,2023-06-19,2023-06-26,Standard Class,CU-10748,Susan Williams,Consumer,West,Arizona,Phoenix,Technology,Accessories,418.12,2,0.0,138.42
ORD-2025600,2022-12-09,2022-12-15,Standard Class,CU-10838,Linda Moore,Home Office,South,Tennessee,Nashville,Office Supplies,Labels,35.13,6,0.1,9.21
ORD-2025758,2024-11-26,2024-11-26,Same Day,CU-10660,Laura Lee,Corporate,West,Arizona,Phoenix,Office Supplies,Storage,207.59,1,0.1,21.46
ORD-2026020,2022-11-05,2022-11-09,Second Class,CU-10643,Ashley Martin,Consumer,South,North Carolina,Charlotte,Office Supplies,Fasteners,10.06,3,0.0,3.46
ORD-2026292,2022-05-06,2022-05-06,Same Day,CU-10625,Karen Smith,Corporate,Central,Ohio,Columbus,Furniture,Chairs,994.54,2,,-396.32
ORD-2024909,2023-11-12,2023-11-16,Standard Class,CU-10103,Elizabeth Anderson,Consumer,East,Pennsylvania,Philadelphia,Furniture,Tables,1082.08,1,0.0,182.67
ORD-2026091,2024-06-08,2024-06-14,Standard Class,CU-10161,Steven Martin,Corporate,Central,Michigan,Detroit,Office Supplies,Supplies,67.93,1,0.1,14.45
ORD-2026230,2024-12-20,2024-12-24,Standard Class,CU-10403,Amy Jackson,Consumer,Central,Illinois,Chicago,Office Supplies,Supplies,124.15,2,0.1,23.56
ORD-2026050,2024-12-07,2024-12-09,First Class,CU-10450,Karen Jones,Consumer,West,Arizona,Phoenix,Office Supplies,Binders,59.84,8,0.0,19.29
ORD-2023365,2023-10-04,2023-10-05,First Class,CU-10529,Susan Smith,Corporate,East,New York,Buffalo,Technology,Accessories,1968.75,7,0.0,466.34
ORD-2024093,2022-10-31,2022-11-07,Standard Class,CU-10587,Laura Rodriguez,Corporate,West,Arizona,Phoenix,Technology,Machines,12569.85,4,0.15,352.67
ORD-2022363,2022-05-24,2022-05-26,Second Class,CU-10237,Patricia Smith,Corporate,South,North Carolina,Charlotte,Technology,Accessories,442.54,4,0.15,41.25
ORD-2025549,2024-09-30,2024-10-02,First Class,CU-10503,Nancy Brown,Corporate,East,New York,New York City,Technology,Machines,4557.86,4,0.15,-173.75
ORD-2022614,2022-12-10,2022-12-11,First Class,CU-10696,Sandra Rodriguez,Consumer,Central,Illinois,Chicago,Office Supplies,Binders,43.72,1,0.0,13.37
ORD-2023760,2022-12-31,2023-01-06,Standard Class,CU-10426,Steven Jones,Corporate,West,California,San Francisco,Office Supplies,Supplies,66.41,1,,8.93
ORD-2022091,2024-03-02,2024-03-05,Second Class,CU-10109,Robert Lee,Consumer,East,New York,Buffalo,Office Supplies,Supplies,124.97,2,0.2,13.35
ORD-2023644,2022-09-30,2022-10-03,Second Class,CU-10212,Linda Wilson,Home Office,East,Massachusetts,Boston,Office Supplies,Supplies,151.29,4,0.0,36.57
ORD-2025450,2024-02-22,2024-02-28,Standard Class,CU-10070,Susan Miller,Corporate,West,California,San Francisco,Furniture,Furnishings,85.11,1,0.15,-6.38
ORD-2023964,2024-05-03,2024-05-10,Standard Class,CU-10560,Karen Brown,Corporate,South,Georgia,Atlanta,Furniture,Furnishings,135.03,1,0.0,22.76
ORD-2024168,2022-12-29,2022-12-30,First Class,CU-10070,Susan Miller,Consumer,East,New York,New York City,Furniture,Tables,358.45,1,0.3,-135.71
ORD-2024842,2023-06-18,2023-06-23,Standard Class,CU-10628,Kevin Martin,Consumer,Central,Illinois,Chicago,Office Supplies,Labels,7.29,6,0.1,2.03
ORD-2024543,2022-11-20,2022-11-26,Standard Class,CU-10615,James Martin,Home Office,East,Pennsylvania,Philadelphia,Office Supplies,Art,74.9,2,0.0,27.18
ORD-2023661,2023-12-19,2023-12-25,Standard Class,CU-10347,Robert Anderson,Corporate,Central,Texas,Houston,Technology,Copiers,1406.93,1,0.1,127.48
ORD-2025992,2022-05-14,2022-05-17,Standard Class,CU-10100,Barbara Wilson,Consumer,South,North Carolina,Charlotte,Office Supplies,Art,51.27,2,0.0,15.76
ORD-2025031,2022-04-21,2022-04-24,Standard Class,CU-10708,Patricia Johnson,Corporate,Central,Ohio,Columbus,Office Supplies,Art,4.79,2,0.3,0.17
ORD-2026375,2022-09-14,2022-09-17,Standard Class,CU-10789,Susan Wilson,Corporate,East,New York,New York City,Technology,Copiers,21105.7,5,0.0,6134.27
ORD-2022258,2022-04-24,2022-05-01,Standard Class,CU-10255,John Hernandez,Home Office,West,Washington,Seattle,Technology,Phones,772.21,1,0.1,67.53
ORD-2023496,2024-10-04,2024-10-09,Standard Class,CU-10484,John Miller,Consumer,Central,Texas,Houston,Furniture,Chairs,841.76,2,0.0,135.89
ORD-2025919,2023-06-07,2023-06-11,Standard Class,CU-10046,Ashley Lee,Consumer,East,Massachusetts,Boston,Office Supplies,Storage,362.63,3,0.2,15.8
ORD-2025311,2024-12-01,2024-12-05,Second Class,CU-10721,Michael Lopez,Consumer,East,New York,New York City,Office Supplies,Fasteners,19.43,1,0.0,5.57
ORD-2025451,2023-11-07,2023-11-11,Standard Class,CU-10133,Susan Garcia,Consumer,West,Washington,Seattle,Office Supplies,Storage,216.26,1,0.1,46.26
ORD-2022970,2022-11-22,2022-11-25,Standard Class,CU-10765,Linda Smith,Corporate,Central,Texas,Houston,Office Supplies,Binders,115.5,2,0.0,34.74
ORD-2024139,2024-09-22,2024-09-29,Standard Class,CU-10365,Jason Williams,Corporate,South,Florida,Miami,Office Supplies,Supplies,14.8,1,0.0,3.63
ORD-2023305,2024-11-26,2024-12-01,Standard Class,CU-10813,Linda Wilson,Corporate,Central,Texas,Houston,Office Supplies,Storage,465.69,3,0.0,138.27
ORD-2024695,2022-09-10,2022-09-10,Same Day,CU-10629,Susan Lee,Consumer,West,California,San Francisco,Technology,Phones,1273.77,2,0.1,207.53
ORD-2023782,2022-11-26,2022-12-02,Standard Class,CU-10827,Linda Martin,Corporate,Central,Michigan,Detroit,Office Supplies,Supplies,231.26,3,,-3.77
ORD-2023363,2022-03-17,2022-03-21,Standard Class,CU-10108,Ashley Williams,Home Office,West,Arizona,Phoenix,Office Supplies,Art,18.06,2,0.15,2.04
ORD-2023468,2024-04-07,2024-04-11,Standard Class,CU-10649,Kevin Garcia,Corporate,Central,Ohio,Columbus,Office Supplies,Binders,375.95,7,0.1,43.73
ORD-2023945,2024-11-25,2024-12-02,Standard Class,CU-10616,Patricia Wilson,Consumer,West,California,San Francisco,Office Supplies,Binders,46.17,3,0.0,15.7
ORD-2024964,2022-11-24,2022-11-28,Standard Class,CU-10142,James Martinez,Consumer,South,Florida,Miami,Technology,Accessories,863.63,3,0.15,89.04
ORD-2024181,2024-12-16,2024-12-20,Standard Class,CU-10372,Susan Anderson,Consumer,Central,Michigan,Detroit,Office Supplies,Binders,111.14,2,0.1,20.72
ORD-2022270,2022-04-08,2022-04-12,Standard Class,CU-10703,Linda Martinez,Corporate,West,Washington,Seattle,Office Supplies,Binders,96.96,2,0.0,30.01
ORD-2026461,2023-05-15,2023-05-19,Standard Class,CU-10441,Elizabeth Johnson,Home Office,West,Arizona,Phoenix,Office Supplies,Labels,71.86,5,0.2,11.58
ORD-2023696,2022-10-03,2022-10-05,Second Class,CU-10831,Linda Thomas,Consumer,East,New York,New York City,Office Supplies,Storage,112.78,5,0.2,14.88
ORD-2025817,2022-12-06,2022-12-09,Second Class,CU-10671,Steven Wilson,Consumer,Central,Illinois,Chicago,Furniture,Furnishings,84.68,1,0.3,-38.33
ORD-2023911,2022-09-23,2022-09-27,Standard Class,CU-10585,Mary Rodriguez,Consumer,Central,Ohio,Columbus,Office Supplies,Art,105.92,3,0.1,32.02
ORD-2024374,2023-03-05,2023-03-06,First Class,CU-10233,Nancy Jones,Corporate,East,Massachusetts,Boston,Office Supplies,Binders,95.01,3,0.0,29.66
ORD-2023819,2023-12-09,2023-12-14,Standard Class,CU-10527,David Miller,Consumer,East,Pennsylvania,Philadelphia,Technology,Phones,4169.76,4,0.15,206.2
ORD-2022406,2022-12-08,2022-12-15,Standard Class,CU-10604,Ashley Moore,Corporate,East,New York,Buffalo,Office Supplies,Paper,18.41,6,0.1,5.29
ORD-2023805,2024-02-03,2024-02-05,Second Class,CU-10295,John Brown,Home Office,South,Florida,Miami,Office Supplies,Binders,189.48,4,0.0,54.74
ORD-2025152,2023-02-12,2023-02-17,Standard Class,CU-10241,James Jones,Corporate,East,Pennsylvania,Philadelphia,Office Supplies,Art,12.22,3,0.0,4.3
ORD-2026406,2024-11-22,2024-11-24,First Class,CU-10233,Nancy Jones,Consumer,South,North Carolina,Charlotte,Technology,Phones,1682.94,8,0.2,-13.49
ORD-2024097,2023-09-05,2023-09-06,First Class,CU-10418,Karen Martin,Consumer,South,Georgia,Atlanta,Office Supplies,Supplies,24.74,1,0.0,7.66
ORD-2025949,2022-12-13,2022-12-15,Second Class,CU-10720,Barbara Williams,Consumer,Central,Ohio,Columbus,Technology,Machines,9982.76,4,0.0,1520.52
ORD-2026340,2022-07-20,2022-07-22,First Class,CU-10729,Mary Jones,Consumer,East,New York,New York City,Technology,Phones,473.85,2,0.1,25.98
ORD-2024672,2023-04-22,2023-04-24,First Class,CU-10220,David Rodriguez,Corporate,West,Washington,Seattle,Office Supplies,Binders,117.09,3,0.0,44.69
ORD-2023544,2023-07-30,2023-08-04,Standard Class,CU-10586,Susan Taylor,Home Office,East,New York,Buffalo,Technology,Copiers,6242.28,2,0.15,487.17
ORD-2025625,2023-11-08,2023-11-12,Standard Class,CU-10610,Michael Brown,Corporate,East,New York,Buffalo,Office Supplies,Binders,110.84,4,0.0,43.37
ORD-2023223,2023-12-22,2023-12-28,Standard Class,CU-10672,Ashley Moore,Corporate,East,Massachusetts,Boston,Office Supplies,Binders,32.38,1,0.1,8.56
ORD-2025762,2022-05-25,2022-05-25,,CU-10374,Ashley Hernandez,Home Office,East,Massachusetts,Boston,Office Supplies,Binders,313.69,6,0.1,57.84
ORD-2025594,2022-03-23,2022-03-28,Standard Class,CU-10235,Elizabeth Thomas,Consumer,East,Pennsylvania,Philadelphia,Office Supplies,Supplies,57.84,3,0.0,10.83
ORD-2023091,2023-12-21,2023-12-25,Second Class,CU-10414,Amy Miller,Home Office,Central,Illinois,Chicago,Office Supplies,Storage,493.05,4,0.1,81.56
ORD-2022691,2024-11-09,2024-11-11,First Class,CU-10028,Steven Jones,Consumer,West,Washington,Seattle,Office Supplies,Labels,9.17,1,0.0,2.47
ORD-2023241,2022-12-25,2022-12-30,Standard Class,CU-10706,Laura Johnson,Consumer,East,Massachusetts,Boston,Office Supplies,Paper,50.74,4,0.1,7.94
ORD-2022103,2024-12-17,2024-12-21,Standard Class,CU-10401,Nancy Garcia,Home Office,West,California,Los Angeles,Office Supplies,Art,39.66,1,0.1,10.34
ORD-2024679,2023-01-17,2023-01-23,Standard Class,CU-10576,Elizabeth Martinez,Consumer,South,Florida,Miami,Technology,Phones,684.26,2,0.0,137.62
ORD-2023631,2024-10-10,2024-10-13,Standard Class,CU-10095,Robert Lee,Consumer,East,New York,New York City,Office Supplies,Paper,27.22,3,0.0,9.56
ORD-2025709,2024-04-25,2024-05-02,Standard Class,CU-10270,James Wilson,Consumer,West,California,San Francisco,Office Supplies,Fasteners,16.62,3,0.2,3.5
ORD-2022683,2023-07-10,2023-07-12,First Class,CU-10721,Michael Lopez,Consumer,Central,Ohio,Columbus,Office Supplies,Supplies,77.08,3,0.0,29.3
ORD-2024429,2024-05-28,2024-05-31,Standard Class,CU-10758,Steven Rodriguez,Consumer,South,Florida,Miami,Office Supplies,Binders,105.74,3,0.0,31.92
ORD-2026226,2023-12-01,2023-12-03,First Class,CU-10742,Robert Miller,Corporate,West,California,Los Angeles,Technology,Machines,12769.92,4,0.2,-132.05
ORD-2025332,2022-02-23,2022-02-25,First Class,CU-10103,Elizabeth Anderson,Home Office,West,California,Los Angeles,Furniture,Tables,2222.3,2,0.3,-871.7
ORD-2024241,2022-04-15,2022-04-20,,CU-10108,Ashley Williams,Consumer,West,California,San Francisco,Furniture,Furnishings,245.6,4,0.3,-96.39
ORD-2025084,2024-06-02,2024-06-06,Second Class,CU-10223,Laura Wilson,Consumer,East,New York,New York City,Office Supplies,Storage,840.15,4,0.0,331.58
ORD-2025535,2024-07-22,2024-07-27,Standard Class,CU-10760,Laura Anderson,Corporate,South,Georgia,Atlanta,Office Supplies,Supplies,319.96,7,0.2,34.42
ORD-2025759,2022-09-09,2022-09-09,Same Day,CU-10419,Robert Rodriguez,Consumer,South,Tennessee,Nashville,Office Supplies,Paper,45.35,3,,8.77
ORD-2022199,2022-12-21,2022-12-28,Standard Class,CU-10781,Michael Miller,Consumer,Central,Michigan,Detroit,Office Supplies,Art,4.08,1,0.0,1.32
ORD-2024290,2024-12-18,2024-12-22,Second Class,CU-10150,John Moore,Consumer,East,Pennsylvania,Philadelphia,Office Supplies,Paper,8.14,1,0.1,1.48
ORD-2025687,2024-12-09,2024-12-09,Same Day,CU-10502,Linda Taylor,Corporate,South,Tennessee,Nashville,Office Supplies,Fasteners,60.42,4,0.0,18.48
ORD-2025001,2023-11-26,2023-11-30,Standard Class,CU-10483,Kevin Brown,Corporate,West,Arizona,Phoenix,Technology,Phones,1693.96,2,0.0,583.71
ORD-2023813,2022-11-13,2022-11-17,Second Class,CU-10443,Nancy Lee,Consumer,Central,Michigan,Detroit,Technology,Copiers,2788.17,5,0.15,67.85
ORD-2022039,2024-01-08,2024-01-11,Standard Class,CU-10587,Laura Rodriguez,Corporate,Central,Illinois,Chicago,Technology,Phones,1047.31,1,0.15,49.44
ORD-2022068,2022-03-03,2022-03-09,Standard Class,CU-10072,Steven Brown,Consumer,South,Florida,Miami,Office Supplies,Supplies,510.72,5,0.0,127.61
ORD-2024389,2022-05-01,2022-05-07,Standard Class,CU-10546,Karen Jones,Consumer,East,New York,Buffalo,Office Supplies,Labels,53.72,4,0.2,2.35
ORD-2022679,2023-03-05,2023-03-05,Same Day,CU-10349,Ashley Taylor,Consumer,West,California,Los Angeles,Office Supplies,Binders,11.09,1,0.0,3.78
ORD-2025434,2022-05-07,2022-05-10,Second Class,CU-10571,David Miller,Consumer,Central,Ohio,Columbus,Furniture,Chairs,1448.41,4,0.0,198.1
ORD-2025309,2022-05-01,2022-05-07,Standard Class,CU-10430,Susan Taylor,Consumer,South,Florida,Miami,Office Supplies,Storage,432.47,2,0.0,166.26
ORD-2022365,2023-05-21,2023-05-28,Standard Class,CU-10417,Robert Anderson,Consumer,East,Massachusetts,Boston,Office Supplies,Paper,15.19,1,0.3,-0.37
ORD-2022733,2023-04-02,2023-04-03,First Class,CU-10281,Sandra Lee,Corporate,East,New York,Buffalo,Technology,Phones,1840.41,7,0.3,-225.09
ORD-2024603,2024-05-23,2024-05-26,Standard Class,CU-10822,Amy Jackson,Consumer,West,California,San Francisco,Office Supplies,Storage,849.96,7,0.0,225.46
ORD-2025871,2022-10-20,2022-10-25,Standard Class,CU-10259,Jason Martin,Consumer,East,New York,Buffalo,Office Supplies,Storage,1561.27,8,0.0,558.21
ORD-2022954,2024-12-03,2024-12-10,Standard Class,CU-10084,Sandra Anderson,Home Office,East,Massachusetts,Boston,Office Supplies,Fasteners,13.42,1,0.1,3.34
ORD-2022287,2023-03-17,2023-03-22,Standard Class,CU-10353,Michael Williams,Corporate,West,California,San Francisco,Technology,Machines,13206.78,7,0.0,3469.83
ORD-2026440,2022-03-18,2022-03-23,Standard Class,CU-10242,Barbara Taylor,Corporate,West,Washington,Seattle,Office Supplies,Binders,83.1,5,0.2,12.8
ORD-2024597,2023-05-04,2023-05-10,Standard Class,CU-10559,Susan Johnson,Consumer,South,Florida,Miami,Office Supplies,Storage,152.33,2,0.15,24.63
ORD-2023581,2022-12-22,2022-12-27,Standard Class,CU-10012,Amy Jackson,Consumer,Central,Illinois,Chicago,Office Supplies,Storage,886.11,5,0.3,44.27
ORD-2024028,2023-10-13,2023-10-15,First Class,CU-10238,Michael Williams,Home Office,East,New York,New York City,Technology,Phones,3586.13,3,0.3,-463.62
ORD-2024062,2023-09-15,2023-09-18,Standard Class,CU-10338,Steven Williams,Consumer,Central,Illinois,Chicago,Technology,Accessories,785.14,3,0.4,-259.21
ORD-2025092,2024-09-28,2024-10-02,Standard Class,CU-10739,Nancy Lopez,Home Office,Central,Ohio,Columbus,Furniture,Furnishings,122.44,1,0.3,-56.65
ORD-2025806,2023-12-31,2024-01-06,Standard Class,CU-10815,Robert Davis,Consumer,East,New York,New York City,Office Supplies,Fasteners,47.64,5,0.0,11.83
ORD-2025904,2023-03-18,2023-03-24,Standard Class,CU-10785,Kevin Williams,Corporate,East,New York,New York City,Technology,Machines,2147.56,2,0.0,496.46
ORD-2024383,2022-01-18,2022-01-25,Standard Class,CU-10358,Nancy Smith,Consumer,East,New York,Buffalo,Technology,Phones,507.34,4,0.0,147.04
ORD-2024066,2023-09-13,2023-09-15,Second Class,CU-10559,Susan Johnson,Consumer,West,California,Los Angeles,Office Supplies,Fasteners,8.43,1,0.1,1.82
ORD-2025331,2022-12-04,2022-12-07,Standard Class,CU-10387,Robert Anderson,Corporate,Central,Illinois,Chicago,Office Supplies,Binders,195.43,7,,-17.54
ORD-2022793,2022-05-10,2022-05-12,Second Class,CU-10786,Patricia Taylor,Consumer,West,California,Los Angeles,Office Supplies,Storage,408.55,3,0.2,49.85
ORD-2024341,2022-04-28,2022-05-03,Standard Class,CU-10681,Karen Davis,Consumer,West,Arizona,Phoenix,Furniture,Furnishings,118.99,3,0.0,12.26
ORD-2025602,2023-09-12,2023-09-19,Standard Class,CU-10796,Linda Lee,Home Office,West,Arizona,Phoenix,Office Supplies,Labels,11.74,1,0.15,2.29
ORD-2023732,2024-05-17,2024-05-19,Second Class,CU-10336,Amy Johnson,Consumer,East,New York,New York City,Office Supplies,Fasteners,8.57,1,0.0,2.85
ORD-2023097,2024-08-21,2024-08-25,Second Class,CU-10348,David Williams,Corporate,West,California,San Francisco,Technology,Accessories,134.02,1,0.2,1.97
ORD-2023597,2022-09-20,2022-09-23,Standard Class,CU-10718,Michael Garcia,Consumer,East,New York,New York City,Furniture,Furnishings,14.34,1,0.2,-2.32
ORD-2023293,2022-12-26,2023-01-01,Standard Class,CU-10836,Michael Anderson,Corporate,West,California,San Francisco,Technology,Copiers,4520.55,3,0.2,192.31
ORD-2025207,2022-04-18,2022-04-21,Standard Class,CU-10308,Barbara Rodriguez,Corporate,East,New York,New York City,Technology,Accessories,372.8,2,0.0,80.36
ORD-2024595,2024-11-18,2024-11-18,Same Day,CU-10128,Barbara Brown,Corporate,East,New York,Buffalo,Office Supplies,Fasteners,38.97,2,0.0,15.06
ORD-2024864,2023-05-16,2023-05-21,Standard Class,CU-10525,Michael Wilson,Consumer,Central,Texas,Houston,Office Supplies,Binders,53.56,1,0.0,14.57
ORD-2026264,2024-02-10,2024-02-13,Second Class,CU-10469,Nancy Wilson,Consumer,East,New York,Buffalo,Office Supplies,Paper,18.69,3,0.15,3.61
ORD-2024056,2024-12-21,2024-12-26,Standard Class,CU-10346,Karen Williams,Corporate,South,North Carolina,Charlotte,Office Supplies,Binders,211.26,4,,82.43
ORD-2024130,2022-10-18,2022-10-22,Standard Class,CU-10800,Ashley Lopez,Consumer,South,North Carolina,Charlotte,Furniture,Tables,1610.26,2,0.2,-350.31
ORD-2026403,2022-12-03,2022-12-07,Second Class,CU-10152,Barbara Williams,Consumer,South,Florida,Miami,Furniture,Furnishings,298.26,2,0.2,-43.26
ORD-2022828,2024-10-24,2024-10-28,Second Class,CU-10232,Robert Miller,Corporate,East,New York,Buffalo,Furniture,Chairs,913.38,2,0.3,-379.38
ORD-2026231,2022-03-06,2022-03-10,Second Class,CU-10424,Sandra Martinez,Corporate,East,Pennsylvania,Philadelphia,Office Supplies,Paper,24.91,3,0.1,6.71
ORD-2024839,2022-03-25,2022-03-29,Standard Class,CU-10025,James Lopez,Home Office,East,New York,New York City,Furniture,Bookcases,2189.5,5,0.4,-1377.48
ORD-2025198,2022-08-28,2022-09-01,Second Class,CU-10689,Michael Lopez,Home Office,Central,Illinois,Chicago,Office Supplies,Art,61.55,2,0.0,19.7
ORD-2026401,2024-05-13,2024-05-13,Same Day,CU-10845,Elizabeth Johnson,Consumer,South,Tennessee,Nashville,Office Supplies,Paper,102.18,6,0.0,33.78
ORD-2023595,2024-01-31,2024-02-05,Standard Class,CU-10604,Ashley Moore,Consumer,Central,Texas,Houston,Furniture,Furnishings,239.75,7,0.1,5.62
ORD-2025565,2024-08-15,2024-08-20,Standard Class,CU-10420,Laura Davis,Consumer,East,Massachusetts,Boston,Furniture,Furnishings,540.26,4,0.2,-108.14
ORD-2022764,2024-11-21,2024-11-26,Standard Class,CU-10716,John Davis,Home Office,East,New York,Buffalo,Office Supplies,Fasteners,53.75,7,0.0,18.36
ORD-2025355,2023-02-17,2023-02-18,First Class,CU-10242,Barbara Taylor,Corporate,East,Pennsylvania,Philadelphia,Office Supplies,Paper,147.9,7,0.0,54.68
ORD-2023592,2024-12-07,2024-12-13,Standard Class,CU-10382,Kevin Wilson,Consumer,East,Pennsylvania,Philadelphia,Furniture,Bookcases,203.81,1,,-91.01
ORD-2025391,2024-03-05,2024-03-08,Standard Class,CU-10226,Ashley Moore,Corporate,West,California,San Francisco,Office Supplies,Fasteners,61.24,5,0.0,17.1
ORD-2023421,2023-08-21,2023-08-22,First Class,CU-10641,James Lopez,Consumer,West,California,San Francisco,Office Supplies,Storage,778.14,4,0.15,173.45
ORD-2022654,2024-09-30,2024-10-03,Standard Class,CU-10357,Sandra Wilson,Home Office,Central,Illinois,Chicago,Furniture,Tables,846.78,1,0.1,48.27
ORD-2025137,2022-04-10,2022-04-11,First Class,CU-10466,James Davis,Home Office,East,New York,New York City,Office Supplies,Fasteners,13.5,2,0.2,1.45
ORD-2022283,2022-11-20,2022-11-27,Standard Class,CU-10689,Michael Lopez,Corporate,West,California,San Francisco,Office Supplies,Storage,422.92,2,0.0,145.05
ORD-2024423,2022-06-06,2022-06-13,Standard Class,CU-10380,Karen Williams,Consumer,East,New York,New York City,Technology,Phones,4973.15,5,0.3,-497.64
ORD-2025319,2022-12-21,2022-12-26,Standard Class,CU-10553,Kevin Williams,Consumer,Central,Illinois,Chicago,Office Supplies,Labels,63.63,7,0.15,3.82
ORD-2024026,2024-08-12,2024-08-13,First Class,CU-10146,Sandra Martin,Home Office,East,New York,Buffalo,Office Supplies,Labels,26.05,2,0.15,4.59
ORD-2026490,2023-10-07,2023-10-13,Standard Class,CU-10538,Karen Jackson,Consumer,East,New York,Buffalo,Office Supplies,Art,55.69,3,0.0,18.83
ORD-2026185,2024-08-07,2024-08-07,Same Day,CU-10277,Barbara Johnson,Corporate,East,New York,Buffalo,Office Supplies,Binders,275.63,5,0.3,3.08
ORD-2023445,2023-11-12,2023-11-16,Standard Class,CU-10715,Karen Rodriguez,Home Office,South,Tennessee,Nashville,Office Supplies,Fasteners,48.47,7,0.0,13.65
ORD-2022981,2024-08-24,2024-08-26,First Class,CU-10793,Elizabeth Anderson,Corporate,West,California,Los Angeles,Technology,Machines,2811.76,3,0.0,568.55
ORD-2023153,2022-08-27,2022-08-28,First Class,CU-10006,Kevin Rodriguez,Home Office,East,Massachusetts,Boston,Office Supplies,Paper,2.45,1,0.0,0.89
ORD-2024275,2022-03-12,2022-03-18,Standard Class,CU-10401,Nancy Garcia,Consumer,East,New York,Buffalo,Office Supplies,Supplies,11.53,1,,1.67
ORD-2022674,2023-11-27,2023-12-02,Standard Class,CU-10603,Amy Wilson,Consumer,East,New York,New York City,Office Supplies,Storage,519.72,4,0.0,133.59
ORD-2022468,2022-08-19,2022-08-23,Standard Class,CU-10505,Sandra Rodriguez,Consumer,South,Tennessee,Nashville,Furniture,Bookcases,2103.07,5,0.0,326.2
ORD-2025853,2023-04-11,2023-04-17,Standard Class,CU-10574,Karen Lee,Corporate,South,Tennessee,Nashville,Office Supplies,Binders,77.09,6,0.3,2.8
ORD-2024377,2023-12-01,2023-12-06,Standard Class,CU-10814,Sandra Miller,Corporate,West,California,Los Angeles,Office Supplies,Paper,56.08,7,0.0,18.55
ORD-2022429,2024-07-30,2024-08-03,Second Class,CU-10592,Steven Miller,Home Office,West,California,Los Angeles,Office Supplies,Art,117.15,4,0.1,18.61
ORD-2024424,2024-11-11,2024-11-14,Standard Class,CU-10496,Jason Brown,Consumer,West,California,Los Angeles,Technology,Machines,14531.14,8,0.0,2996.12
ORD-2023555,2024-06-06,2024-06-08,Second Class,CU-10103,Elizabeth Anderson,Home Office,Central,Illinois,Chicago,Office Supplies,Art,35.35,2,0.2,3.44
ORD-2023129,2024-12-28,2025-01-01,Standard Class,CU-10311,John Anderson,Corporate,West,Arizona,Phoenix,Furniture,Tables,1727.79,6,0.0,411.61
ORD-2023210,2024-05-29,2024-06-05,Standard Class,CU-10427,Sandra Martinez,Consumer,South,North Carolina,Charlotte,Technology,Copiers,16941.42,4,0.0,4221.95
ORD-2022916,2022-05-01,2022-05-02,First Class,CU-10178,Ashley Johnson,Corporate,East,New York,Buffalo,Technology,Copiers,4936.17,2,0.3,-704.94
ORD-2022166,2024-09-07,2024-09-13,Standard Class,CU-10470,Karen Wilson,Corporate,West,California,San Francisco,Office Supplies,Storage,62.97,2,0.0,15.57
ORD-2024539,2023-09-21,2023-09-23,First Class,CU-10562,Jason Miller,Corporate,South,Georgia,Atlanta,Furniture,Furnishings,156.35,2,0.0,28.27
ORD-2023000,2022-04-17,2022-04-21,Standard Class,CU-10043,Sandra Martinez,Corporate,Central,Illinois,Chicago,Office Supplies,Binders,70.23,3,0.2,8.29
ORD-2023178,2022-11-03,2022-11-06,Standard Class,CU-10259,Jason Martin,Home Office,East,Pennsylvania,Philadelphia,Office Supplies,Paper,16.78,2,0.0,5.01
ORD-2022056,2023-07-18,2023-07-21,Second Class,CU-10136,Amy Miller,Consumer,South,Tennessee,Nashville,Office Supplies,Labels,6.4,1,0.1,0.71
ORD-2022208,2022-07-12,2022-07-17,Standard Class,CU-10182,Michael Taylor,Consumer,Central,Illinois,Chicago,Office Supplies,Binders,11.4,2,0.0,3.19
ORD-2024111,2023-10-16,2023-10-23,Standard Class,CU-10802,Kevin Thomas,Corporate,West,Washington,Seattle,Office Supplies,Supplies,258.29,4,0.1,67.02
ORD-2024675,2023-09-12,2023-09-14,Second Class,CU-10485,Patricia Miller,Consumer,Central,Texas,Houston,Office Supplies,Art,21.75,1,0.15,3.24
ORD-2023307,2024-01-06,2024-01-08,First Class,CU-10545,Patricia Lee,Consumer,Central,Michigan,Detroit,Office Supplies,Art,16.13,1,0.15,2.9
ORD-2025386,2023-11-01,2023-11-05,Second Class,CU-10703,Linda Martinez,Consumer,East,Pennsylvania,Philadelphia,Office Supplies,Paper,15.17,1,0.1,2.87
ORD-2022425,2024-07-31,2024-08-04,Standard Class,CU-10530,Robert Smith,Corporate,East,New York,New York City,Office Supplies,Fasteners,139.93,7,0.2,3.72
ORD-2022697,2023-11-25,2023-11-29,Standard Class,CU-10829,Robert Miller,Corporate,South,Georgia,Atlanta,Furniture,Tables,287.05,1,0.0,43.32
ORD-2023265,2024-08-06,2024-08-07,First Class,CU-10038,Ashley Williams,Consumer,West,California,Los Angeles,Office Supplies,Binders,206.2,4,0.1,47.41
ORD-2024343,2022-12-10,2022-12-16,Standard Class,CU-10743,Jason Garcia,Home Office,West,California,Los Angeles,Office Supplies,Art,41.9,2,0.3,-2.18
ORD-2026316,2024-11-30,2024-12-04,Second Class,CU-10219,Michael Williams,Consumer,South,North Carolina,Charlotte,Office Supplies,Binders,38.54,2,0.2,4.08
ORD-2023593,2023-04-28,2023-04-29,First Class,CU-10469,Nancy Wilson,Consumer,West,California,San Francisco,Office Supplies,Paper,4.52,1,,0.93
ORD-2022492,2023-12-25,2023-12-30,Standard Class,CU-10220,David Rodriguez,Consumer,Central,Michigan,Detroit,Office Supplies,Fasteners,7.68,2,0.2,0.38
ORD-2022961,2023-06-13,2023-06-18,Standard Class,CU-10649,Kevin Garcia,Consumer,West,California,San Francisco,Furniture,Bookcases,479.94,1,0.3,-211.85
ORD-2023860,2023-11-20,2023-11-27,Standard Class,CU-10823,Elizabeth Smith,Consumer,South,Georgia,Atlanta,Office Supplies,Binders,155.1,4,0.15,35.61
ORD-2024349,2022-02-18,2022-02-24,Standard Class,CU-10424,Sandra Martinez,Home Office,South,Georgia,Atlanta,Office Supplies,Art,11.8,1,0.0,2.92
ORD-2025953,2024-03-28,2024-04-04,Standard Class,CU-10516,Amy Hernandez,Consumer,West,California,San Francisco,Office Supplies,Art,27.66,2,0.2,1.15
ORD-2025913,2023-04-05,2023-04-07,First Class,CU-10612,Kevin Taylor,Corporate,East,New York,Buffalo,Office Supplies,Binders,283.3,7,0.3,-5.72
ORD-2024586,2023-01-03,2023-01-09,Standard Class,CU-10121,Nancy Martin,Corporate,Central,Texas,Houston,Furniture,Furnishings,448.0,3,0.0,65.54
ORD-2025454,2024-12-27,2025-01-03,Standard Class,CU-10120,Linda Jones,Home Office,Central,Texas,Houston,Technology,Accessories,1181.97,6,0.0,319.2
ORD-2023826,2023-09-27,2023-09-30,Standard Class,CU-10801,Mary Wilson,Consumer,South,Georgia,Atlanta,Furniture,Chairs,2156.64,4,0.1,-59.88
ORD-2024694,2024-10-25,2024-10-26,First Class,CU-10309,David Lopez,Corporate,Central,Ohio,Columbus,Technology,Machines,943.9,1,0.0,243.64
ORD-2026262,2022-12-08,2022-12-11,,CU-10411,John Martinez,Consumer,East,New York,Buffalo,Technology,Phones,231.47,3,0.0,67.11
ORD-2023467,2022-11-09,2022-11-14,Standard Class,CU-10657,Susan Lopez,Corporate,West,Arizona,Phoenix,Office Supplies,Paper,155.63,7,0.1,33.39
ORD-2025552,2023-01-23,2023-01-23,Same Day,CU-10370,Michael Rodriguez,Corporate,West,California,Los Angeles,Office Supplies,Labels,17.68,3,0.1,4.93
ORD-2022621,2023-08-31,2023-09-01,First Class,CU-10533,Kevin Hernandez,Corporate,East,New York,Buffalo,Furniture,Bookcases,234.39,1,0.0,43.33
ORD-2024731,2022-12-15,2022-12-22,Standard Class,CU-10613,Michael Martin,Home Office,Central,Michigan,Detroit,Office Supplies,Storage,505.87,3,0.0,143.8
ORD-2024894,2024-12-25,2024-12-28,Second Class,CU-10114,Steven Miller,Consumer,West,Washington,Seattle,Technology,Phones,1341.69,4,0.3,-230.98
ORD-2023778,2023-01-27,2023-02-02,Standard Class,CU-10053,Barbara Anderson,Consumer,West,Arizona,Phoenix,Office Supplies,Supplies,178.97,2,0.15,30.55
ORD-2022336,2022-06-04,2022-06-06,First Class,CU-10406,Michael Jackson,Home Office,West,Arizona,Phoenix,Technology,Machines,18960.58,7,0.15,-1447.93
ORD-2023083,2024-09-21,2024-09-27,Standard Class,CU-10164,David Lopez,Consumer,Central,Ohio,Columbus,Technology,Phones,398.59,6,0.0,74.02
ORD-2022390,2023-12-17,2023-12-18,First Class,CU-10040,Jason Smith,Home Office,Central,Texas,Houston,Office Supplies,Paper,62.63,5,0.15,8.41
ORD-2022737,2022-12-17,2022-12-21,Second Class,CU-10297,David Martinez,Corporate,East,Pennsylvania,Philadelphia,Office Supplies,Supplies,10.92,1,0.0,3.86
ORD-2023730,2024-12-05,2024-12-05,,CU-10513,Laura Thomas,Consumer,Central,Ohio,Columbus,Technology,Phones,1572.11,2,0.2,-37.5
ORD-2023068,2022-02-17,2022-02-23,Standard Class,CU-10280,Karen Miller,Home Office,East,New York,New York City,Office Supplies,Paper,120.85,5,0.0,41.02
ORD-2022937,2022-07-11,2022-07-12,First Class,CU-10238,Michael Williams,Consumer,East,Massachusetts,Boston,Furniture,Bookcases,358.3,4,0.3,-142.89
ORD-2023873,2024-12-24,2024-12-29,Standard Class,CU-10539,Laura Taylor,Consumer,South,Tennessee,Nashville,Office Supplies,Labels,8.77,1,,0.85
ORD-2026165,2022-11-20,2022-11-24,Second Class,CU-10552,Barbara Lopez,Consumer,Central,Michigan,Detroit,Office Supplies,Paper,64.23,3,0.15,6.2
ORD-2023015,2022-09-21,2022-09-26,Standard Class,CU-10759,Susan Brown,Home Office,West,California,San Francisco,Technology,Phones,494.98,2,0.2,-20.83
ORD-2022257,2022-06-18,2022-06-19,First Class,CU-10785,Kevin Williams,Corporate,Central,Illinois,Chicago,Furniture,Bookcases,1311.47,2,0.15,-230.12
ORD-2024501,2024-02-04,2024-02-08,Standard Class,CU-10711,Amy Jones,Home Office,West,California,San Francisco,Office Supplies,Art,12.9,3,0.0,5.16
ORD-2023339,2023-03-19,2023-03-25,Standard Class,CU-10584,Amy Martin,Corporate,South,Florida,Miami,Office Supplies,Fasteners,7.73,1,0.3,0.24
ORD-2023152,2022-06-05,2022-06-08,Second Class,CU-10789,Susan Wilson,Corporate,West,Arizona,Phoenix,Furniture,Bookcases,430.52,1,0.4,-230.2
ORD-2022992,2024-07-19,2024-07-24,Standard Class,CU-10289,Robert Anderson,Consumer,East,Massachusetts,Boston,Technology,Accessories,199.32,2,0.15,-0.54
ORD-2024328,2023-11-15,2023-11-19,Second Class,CU-10474,Jason Lopez,Home Office,Central,Texas,Houston,Office Supplies,Fasteners,9.95,1,0.1,1.23
ORD-2023009,2023-07-21,2023-07-25,Second Class,CU-10406,Michael Jackson,Consumer,South,Georgia,Atlanta,Technology,Machines,2055.08,2,0.2,-226.83
ORD-2024453,2024-07-14,2024-07-17,Standard Class,CU-10832,Linda Jones,Consumer,West,California,Los Angeles,Furniture,Tables,2081.84,2,0.0,433.18
ORD-2024318,2023-09-07,2023-09-13,Standard Class,CU-10012,Amy Jackson,Corporate,Central,Michigan,Detroit,Furniture,Furnishings,542.96,6,0.0,99.66
ORD-2022526,2024-12-12,2024-12-19,Standard Class,CU-10769,Robert Martinez,Corporate,West,California,Los Angeles,Furniture,Bookcases,590.85,4,0.0,110.5
ORD-2022132,2023-11-19,2023-11-21,Second Class,CU-10104,Elizabeth Anderson,Consumer,East,Massachusetts,Boston,Office Supplies,Supplies,48.63,2,0.0,14.12
ORD-2022035,2022-10-04,2022-10-05,First Class,CU-10057,Susan Thomas,Corporate,Central,Michigan,Detroit,Technology,Copiers,18634.48,6,,3297.26
ORD-2022441,2022-08-29,2022-08-31,Second Class,CU-10050,John Johnson,Corporate,Central,Illinois,Chicago,Office Supplies,Binders,5.08,2,0.0,1.36
ORD-2022064,2023-12-16,2023-12-20,Standard Class,CU-10413,Jason Martin,Consumer,West,Washington,Seattle,Furniture,Bookcases,3486.45,6,0.2,-618.51
ORD-2024029,2023-11-26,2023-11-26,Same Day,CU-10721,Michael Lopez,Corporate,West,California,San Francisco,Office Supplies,Fasteners,21.28,3,0.15,3.18
ORD-2023668,2022-04-01,2022-04-04,Second Class,CU-10344,Linda Davis,Consumer,East,New York,New York City,Technology,Accessories,183.39,1,0.0,38.08
ORD-2025815,2023-04-10,2023-04-11,First Class,CU-10827,Linda Martin,Consumer,East,Massachusetts,Boston,Furniture,Tables,6355.39,5,0.1,-208.12
ORD-2023282,2023-06-08,2023-06-14,Standard Class,CU-10670,Nancy Thomas,Consumer,Central,Ohio,Columbus,Office Supplies,Paper,12.01,1,0.0,4.88
ORD-2024175,2023-11-11,2023-11-12,First Class,CU-10727,Mary Smith,Consumer,Central,Texas,Houston,Technology,Accessories,117.57,1,0.4,-26.74
ORD-2022638,2024-06-21,2024-06-25,Second Class,CU-10302,David Smith,Corporate,West,California,San Francisco,Technology,Phones,1888.19,2,0.1,216.09
ORD-2024408,2022-12-30,2023-01-01,Second Class,CU-10830,Karen Taylor,Corporate,Central,Texas,Houston,Furniture,Tables,10175.18,8,0.3,-3339.18
ORD-2023224,2022-09-16,2022-09-19,Second Class,CU-10354,Amy Johnson,Corporate,West,Washington,Seattle,Technology,Accessories,267.76,4,0.0,61.12
ORD-2024610,2024-11-04,2024-11-07,Standard Class,CU-10145,Karen Lee,Consumer,East,New York,New York City,Technology,Machines,8340.57,5,0.0,1369.36
ORD-2025429,2024-08-29,2024-09-01,Standard Class,CU-10751,Sandra Johnson,Corporate,East,Pennsylvania,Philadelphia,Furniture,Chairs,768.56,3,0.4,-451.29
ORD-2023218,2024-01-22,2024-01-29,Standard Class,CU-10123,Jason Jackson,Corporate,West,Arizona,Phoenix,Furniture,Chairs,2422.58,6,0.15,-161.16
ORD-2023598,2024-08-15,2024-08-18,Standard Class,CU-10444,Jason Hernandez,Consumer,Central,Ohio,Columbus,Technology,Phones,6134.14,6,0.1,383.85
ORD-2025059,2022-12-01,2022-12-08,Standard Class,CU-10026,James Thomas,Consumer,Central,Michigan,Detroit,Office Supplies,Supplies,80.06,2,0.15,5.19
ORD-2022767,2022-03-04,2022-03-08,Second Class,CU-10077,Jason Johnson,Consumer,West,Arizona,Phoenix,Office Supplies,Supplies,54.54,3,,10.92
ORD-2025508,2024-01-31,2024-02-03,Second Class,CU-10354,Amy Johnson,Home Office,East,Massachusetts,Boston,Technology,Accessories,585.38,7,0.15,-24.05
ORD-2023294,2023-01-26,2023-01-29,Standard Class,CU-10416,Elizabeth Thomas,Consumer,West,Washington,Seattle,Technology,Accessories,89.16,3,0.3,-14.54
ORD-2025658,2024-10-30,2024-11-04,Standard Class,CU-10158,Laura Lopez,Consumer,West,Arizona,Phoenix,Office Supplies,Art,39.43,3,0.1,5.26
ORD-2023108,2024-12-31,2025-01-03,Second Class,CU-10212,Linda Wilson,Corporate,South,Tennessee,Nashville,Technology,Accessories,32.24,3,0.0,6.94
ORD-2023659,2022-03-10,2022-03-17,Standard Class,CU-10653,Sandra Jones,Home Office,Central,Texas,Houston,Technology,Accessories,66.43,2,0.0,16.33
ORD-2023744,2024-03-21,2024-03-23,Second Class,CU-10807,Karen Garcia,Corporate,West,Arizona,Phoenix,Office Supplies,Supplies,80.54,1,0.1,15.17
ORD-2023278,2024-10-15,2024-10-16,First Class,CU-10546,Karen Jones,Consumer,East,Pennsylvania,Philadelphia,Technology,Machines,10732.41,8,0.0,2344.24
ORD-2024751,2024-04-10,2024-04-11,First Class,CU-10621,Karen Miller,Corporate,East,Pennsylvania,Philadelphia,Office Supplies,Fasteners,18.0,1,0.0,5.59
ORD-2025575,2023-04-06,2023-04-13,Standard Class,CU-10473,Sandra Jackson,Consumer,Central,Ohio,Columbus,Office Supplies,Paper,31.14,2,0.0,7.78
ORD-2022129,2023-11-23,2023-11-25,Second Class,CU-10557,Ashley Hernandez,Consumer,East,New York,Buffalo,Office Supplies,Art,51.02,3,0.0,13.57
ORD-2025598,2024-12-08,2024-12-12,Second Class,CU-10263,Steven Hernandez,Consumer,West,Washington,Seattle,Office Supplies,Paper,18.22,1,0.15,2.91
ORD-2025192,2023-11-04,2023-11-05,First Class,CU-10586,Susan Taylor,Corporate,Central,Michigan,Detroit,Office Supplies,Labels,25.65,2,0.15,2.69
ORD-2025418,2022-04-11,2022-04-13,First Class,CU-10176,James Williams,Home Office,West,Washington,Seattle,Office Supplies,Binders,276.05,6,0.1,50.54
ORD-2025531,2022-02-03,2022-02-07,Second Class,CU-10675,Amy Smith,Corporate,Central,Ohio,Columbus,Office Supplies,Fasteners,7.48,3,0.0,2.16
ORD-2024686,2022-11-14,2022-11-16,Second Class,CU-10083,Ashley Lee,Corporate,South,North Carolina,Charlotte,Office Supplies,Art,22.94,1,0.1,3.84
ORD-2022452,2024-03-21,2024-03-25,Second Class,CU-10829,Robert Miller,Consumer,South,North Carolina,Charlotte,Technology,Machines,222.84,1,0.3,0.51
ORD-2023234,2022-10-31,2022-11-01,First Class,CU-10785,Kevin Williams,Corporate,East,Pennsylvania,Philadelphia,Office Supplies,Storage,554.52,5,0.1,141.83
ORD-2026037,2024-09-24,2024-09-30,Standard Class,CU-10185,Michael Miller,Corporate,Central,Illinois,Chicago,Office Supplies,Labels,18.25,2,0.1,3.91
ORD-2023719,2024-09-07,2024-09-12,Standard Class,CU-10696,Sandra Rodriguez,Corporate,West,Arizona,Phoenix,Office Supplies,Binders,30.13,3,0.0,13.01
ORD-2026305,2022-07-18,2022-07-20,Second Class,CU-10083,Ashley Lee,Corporate,Central,Illinois,Chicago,Office Supplies,Fasteners,43.09,5,0.1,11.7
ORD-2024444,2023-08-19,2023-08-23,Standard Class,CU-10046,Ashley Lee,Consumer,Central,Illinois,Chicago,Office Supplies,Binders,271.62,6,0.15,73.2
ORD-2022459,2023-12-17,2023-12-24,Standard Class,CU-10015,John Miller,Home Office,West,California,San Francisco,Office Supplies,Art,21.26,1,0.0,6.74
ORD-2022680,2022-04-25,2022-04-29,Second Class,CU-10123,Jason Jackson,Corporate,West,California,Los Angeles,Technology,Machines,2215.51,3,0.1,168.14
ORD-2024009,2024-02-13,2024-02-19,Standard Class,CU-10686,Michael Smith,Corporate,Central,Michigan,Detroit,Technology,Phones,86.33,1,0.0,21.76
ORD-2023747,2023-10-14,2023-10-19,Standard Class,CU-10228,Mary Wilson,Corporate,West,Washington,Seattle,Office Supplies,Supplies,177.97,2,0.0,61.4
ORD-2024462,2022-05-28,2022-06-01,Second Class,CU-10181,Jason Smith,Consumer,East,Massachusetts,Boston,Technology,Phones,1010.8,1,0.0,327.3
ORD-2025573,2023-06-29,2023-07-01,First Class,CU-10824,Michael Williams,Consumer,West,Arizona,Phoenix,Furniture,Chairs,122.97,1,0.15,-14.75
ORD-2022361,2022-07-09,2022-07-12,Standard Class,CU-10491,Michael Jackson,Home Office,Central,Michigan,Detroit,Furniture,Furnishings,97.34,1,0.15,-14.22
ORD-2023804,2024-01-18,2024-01-19,First Class,CU-10473,Sandra Jackson,Consumer,South,Florida,Miami,Office Supplies,Binders,414.72,8,0.0,169.44
ORD-2024965,2023-10-27,2023-10-30,Standard Class,CU-10467,James Miller,Corporate,East,Pennsylvania,Philadelphia,Office Supplies,Art,196.09,6,0.0,52.4
ORD-2024487,2024-08-01,2024-08-04,Second Class,CU-10563,David Williams,Home Office,West,Arizona,Phoenix,Technology,Copiers,10212.96,5,0.1,1442.95
ORD-2022202,2023-09-12,2023-09-18,Standard Class,CU-10525,Michael Wilson,Consumer,East,New York,Buffalo,Furniture,Furnishings,230.98,5,0.0,52.06
ORD-2022934,2024-06-19,2024-06-23,Second Class,CU-10726,Jason Williams,Consumer,Central,Texas,Houston,Office Supplies,Storage,222.55,1,0.1,51.39
ORD-2024820,2022-12-10,2022-12-16,Standard Class,CU-10220,David Rodriguez,Home Office,West,Washington,Seattle,Office Supplies,Art,117.99,4,0.2,17.45
ORD-2026258,2024-12-11,2024-12-13,First Class,CU-10657,Susan Lopez,Corporate,West,California,Los Angeles,Technology,Phones,3823.75,4,0.0,881.07
ORD-2026092,2024-09-13,2024-09-17,Standard Class,CU-10205,Steven Garcia,Consumer,West,Arizona,Phoenix,Technology,Copiers,7636.99,2,0.2,-377.6
ORD-2022124,2022-03-19,2022-03-22,Standard Class,CU-10491,Michael Jackson,Consumer,East,New York,Buffalo,Office Supplies,Supplies,97.18,2,0.0,34.15
ORD-2023965,2022-05-06,2022-05-09,Standard Class,CU-10249,Jason Williams,Corporate,South,Florida,Miami,Technology,Phones,3265.72,3,0.15,238.23
ORD-2022446,2024-12-22,2024-12-26,Standard Class,CU-10114,Steven Miller,Corporate,South,Georgia,Atlanta,Office Supplies,Binders,94.53,5,0.0,26.71
ORD-2025252,2022-12-02,2022-12-07,Standard Class,CU-10789,Susan Wilson,Consumer,East,New York,New York City,Furniture,Tables,210.24,1,0.3,-73.15
ORD-2025695,2023-05-28,2023-06-01,Standard Class,CU-10060,Nancy Lee,Consumer,West,California,San Francisco,Furniture,Chairs,3188.26,6,0.3,-1152.71
ORD-2025200,2024-06-03,2024-06-06,Standard Class,CU-10695,Robert Lee,Corporate,South,Tennessee,Nashville,Office Supplies,Art,120.09,5,0.0,30.93
ORD-2026494,2022-12-02,2022-12-07,Standard Class,CU-10780,Kevin Lee,Consumer,West,California,San Francisco,Office Supplies,Fasteners,21.8,2,0.3,-1.74
ORD-2026101,2023-12-28,2023-12-31,Standard Class,CU-10496,Jason Brown,Corporate,Central,Texas,Houston,Furniture,Tables,1179.08,1,0.15,-129.87
ORD-2023588,2022-12-14,2022-12-16,First Class,CU-10298,Sandra Moore,Corporate,Central,Ohio,Columbus,Office Supplies,Labels,41.74,4,0.1,10.19
ORD-2022935,2022-10-23,2022-10-27,Standard Class,CU-10545,Patricia Lee,Home Office,Central,Texas,Houston,Office Supplies,Fasteners,12.55,1,0.15,2.32
ORD-2023450,2024-07-29,2024-08-05,Standard Class,CU-10631,Jason Brown,Corporate,Central,Illinois,Chicago,Technology,Accessories,197.17,1,0.1,27.81
ORD-2024660,2024-09-18,2024-09-23,Standard Class,CU-10416,Elizabeth Thomas,Corporate,West,California,Los Angeles,Furniture,Furnishings,82.73,1,0.15,-10.74
ORD-2023353,2022-12-17,2022-12-18,First Class,CU-10097,John Brown,Consumer,East,New York,Buffalo,Technology,Phones,252.28,1,0.0,60.74
ORD-2026060,2024-12-16,2024-12-19,Standard Class,CU-10794,Jason Taylor,Consumer,South,Georgia,Atlanta,Furniture,Furnishings,173.14,2,,-114.9
ORD-2023188,2022-08-03,2022-08-04,First Class,CU-10416,Elizabeth Thomas,Corporate,West,Arizona,Phoenix,Furniture,Furnishings,40.23,1,0.5,-33.9
ORD-2022217,2022-07-15,2022-07-20,Standard Class,CU-10721,Michael Lopez,Home Office,Central,Ohio,Columbus,Technology,Phones,2173.11,3,0.15,142.76
ORD-2023415,2024-07-22,2024-07-28,Standard Class,CU-10654,Robert Johnson,Corporate,West,California,San Francisco,Technology,Machines,2156.97,1,0.4,-493.92
ORD-2024346,2024-10-11,2024-10-18,Standard Class,CU-10103,Elizabeth Anderson,Consumer,East,New York,Buffalo,Office Supplies,Fasteners,38.76,2,0.15,4.24
ORD-2025798,2023-05-16,2023-05-22,Standard Class,CU-10190,James Martinez,Corporate,Central,Illinois,Chicago,Technology,Accessories,73.47,3,0.15,0.28
ORD-2022877,2022-12-25,2022-12-29,Second Class,CU-10693,Patricia Anderson,Home Office,South,Tennessee,Nashville,Office Supplies,Fasteners,49.35,6,0.0,10.55
ORD-2024642,2023-11-16,2023-11-17,First Class,CU-10587,Laura Rodriguez,Home Office,Central,Texas,Houston,Furniture,Chairs,266.93,1,0.0,42.2
ORD-2024022,2022-01-29,2022-01-29,Same Day,CU-10800,Ashley Lopez,Corporate,East,New York,New York City,Technology,Phones,2910.71,3,0.0,522.61
ORD-2025971,2022-08-14,2022-08-21,Standard Class,CU-10787,Nancy Lopez,Consumer,West,Washington,Seattle,Office Supplies,Supplies,46.02,1,0.1,10.59
ORD-2024692,2024-10-26,2024-10-30,Standard Class,CU-10608,Karen Hernandez,Consumer,West,Arizona,Phoenix,Office Supplies,Art,38.07,1,0.15,4.77
ORD-2023481,2022-04-24,2022-04-27,Standard Class,CU-10372,Susan Anderson,Consumer,Central,Michigan,Detroit,Technology,Phones,749.03,1,0.0,208.53
ORD-2026402,2022-02-09,2022-02-14,Standard Class,CU-10632,Sandra Jones,Consumer,West,Arizona,Phoenix,Technology,Copiers,1128.02,1,0.1,75.39
ORD-2022736,2022-10-24,2022-10-26,Second Class,CU-10208,David Brown,Consumer,West,California,Los Angeles,Office Supplies,Paper,40.48,3,0.0,11.06
ORD-2023846,2022-12-28,2022-12-31,Standard Class,CU-10227,Linda Garcia,Consumer,East,New York,Buffalo,Office Supplies,Fasteners,94.39,5,0.0,24.15
ORD-2022272,2022-04-05,2022-04-07,Second Class,CU-10761,Michael Lopez,Corporate,East,New York,New York City,Furniture,Chairs,3034.82,6,0.3,-1017.09
ORD-2023490,2022-04-15,2022-04-15,Same Day,CU-10843,Ashley Lopez,Consumer,East,Massachusetts,Boston,Office Supplies,Binders,16.54,1,0.15,2.88
ORD-2025855,2022-11-04,2022-11-06,First Class,CU-10144,Michael Garcia,Consumer,West,California,San Francisco,Furniture,Chairs,3190.05,8,0.2,-528.73
ORD-2025419,2024-09-28,2024-10-05,Standard Class,CU-10332,James Anderson,Consumer,Central,Ohio,Columbus,Office Supplies,Binders,43.87,1,0.3,-1.28
ORD-2023944,2024-09-01,2024-09-08,Standard Class,CU-10216,Amy Miller,Home Office,West,Washington,Seattle,Technology,Phones,1024.13,4,0.15,133.17
ORD-2022660,2022-12-04,2022-12-10,Standard Class,CU-10809,Laura Garcia,Corporate,West,Washington,Seattle,Technology,Accessories,847.54,3,0.1,85.43
ORD-2023446,2024-11-18,2024-11-20,Second Class,CU-10622,Robert Rodriguez,Consumer,South,Georgia,Atlanta,Furniture,Furnishings,422.09,5,0.2,-98.48
ORD-2022288,2023-10-05,2023-10-08,Standard Class,CU-10628,Kevin Martin,Consumer,Central,Ohio,Columbus,Furniture,Chairs,1870.39,4,0.3,-751.55
ORD-2023776,2024-03-25,2024-03-28,Standard Class,CU-10738,Ashley Rodriguez,Consumer,West,Washington,Seattle,Office Supplies,Fasteners,13.5,1,0.0,4.92
ORD-2023357,2023-07-25,2023-07-25,Same Day,CU-10504,Jason Smith,Consumer,Central,Illinois,Chicago,Office Supplies,Art,297.97,8,0.0,86.02
ORD-2025019,2022-11-12,2022-11-14,,CU-10778,Ashley Brown,Consumer,Central,Texas,Houston,Technology,Phones,969.5,2,0.2,50.62
ORD-2025721,2023-09-26,2023-09-29,Standard Class,CU-10003,Kevin Martinez,Consumer,West,California,San Francisco,Office Supplies,Paper,30.94,4,0.0,12.09
ORD-2025483,2023-11-09,2023-11-15,,CU-10756,Laura Wilson,Consumer,South,North Carolina,Charlotte,Office Supplies,Supplies,302.79,3,,54.06
ORD-2025180,2024-12-01,2024-12-05,Standard Class,CU-10379,Amy Davis,Consumer,East,New York,Buffalo,Furniture,Chairs,1044.46,4,0.0,228.05
ORD-2026207,2022-04-17,2022-04-21,Standard Class,CU-10845,Elizabeth Johnson,Consumer,South,Georgia,Atlanta,Office Supplies,Storage,48.15,1,0.0,15.35
ORD-2022226,2022-02-21,2022-02-24,Standard Class,CU-10494,Sandra Lopez,Corporate,West,Washington,Seattle,Furniture,Tables,273.13,1,0.2,-51.47
ORD-2022760,2024-03-23,2024-03-29,Standard Class,CU-10644,Linda Miller,Corporate,South,Tennessee,Nashville,Office Supplies,Binders,119.12,2,0.1,23.69
ORD-2022514,2023-01-02,2023-01-02,Same Day,CU-10206,Steven Johnson,Home Office,East,Pennsylvania,Philadelphia,Technology,Phones,1298.2,2,,335.01
ORD-2025154,2022-10-01,2022-10-06,Standard Class,CU-10432,Sandra Taylor,Consumer,West,California,San Francisco,Office Supplies,Fasteners,29.54,5,0.15,5.16
ORD-2023605,2022-12-04,2022-12-07,Standard Class,CU-10542,Patricia Miller,Corporate,West,Washington,Seattle,Office Supplies,Fasteners,44.37,7,0.15,6.91
ORD-2026396,2022-09-25,2022-09-29,Second Class,CU-10074,David Moore,Consumer,West,California,San Francisco,Furniture,Bookcases,967.66,5,0.0,244.01
ORD-2026299,2024-02-14,2024-02-17,Second Class,CU-10604,Ashley Moore,Consumer,Central,Ohio,Columbus,Office Supplies,Fasteners,9.78,1,0.0,2.82
ORD-2026390,2022-10-17,2022-10-19,Second Class,CU-10696,Sandra Rodriguez,Consumer,West,California,Los Angeles,Office Supplies,Art,25.26,2,0.15,5.1
ORD-2022800,2024-05-01,2024-05-05,Standard Class,CU-10416,Elizabeth Thomas,Corporate,West,Washington,Seattle,Office Supplies,Fasteners,46.02,3,0.15,11.34
ORD-2022768,2022-06-26,2022-06-27,,CU-10773,Amy Jackson,Consumer,South,North Carolina,Charlotte,Office Supplies,Fasteners,41.16,3,0.3,-0.46
ORD-2025930,2023-10-14,2023-10-17,Standard Class,CU-10437,Amy Thomas,Corporate,South,North Carolina,Charlotte,Office Supplies,Labels,26.48,2,0.15,4.06
ORD-2024850,2023-03-27,2023-04-03,Standard Class,CU-10022,Laura Taylor,Corporate,Central,Texas,Houston,Furniture,Chairs,768.13,2,0.2,-129.24
ORD-2025405,2024-08-15,2024-08-15,Same Day,CU-10043,Sandra Martinez,Consumer,Central,Texas,Houston,Technology,Accessories,182.98,3,0.2,-8.01
ORD-2024387,2022-03-24,2022-03-26,First Class,CU-10058,Elizabeth Smith,Consumer,Central,Michigan,Detroit,Furniture,Tables,867.55,2,0.3,-391.45
ORD-2023454,2023-01-31,2023-02-02,First Class,CU-10344,Linda Davis,Corporate,East,Massachusetts,Boston,Office Supplies,Storage,193.39,2,0.0,66.59
ORD-2022612,2024-12-17,2024-12-22,,CU-10510,John Jones,Consumer,Central,Illinois,Chicago,Office Supplies,Storage,221.23,2,0.0,87.7
ORD-2023870,2022-12-17,2022-12-21,Second Class,CU-10046,Ashley Lee,Home Office,West,California,Los Angeles,Furniture,Chairs,1771.18,6,0.3,-623.66
ORD-2025680,2024-04-30,2024-04-30,Same Day,CU-10762,David Brown,Consumer,Central,Ohio,Columbus,Office Supplies,Paper,78.67,5,0.0,31.24
ORD-2022401,2024-11-21,2024-11-28,Standard Class,CU-10589,Steven Garcia,Consumer,Central,Texas,Houston,Office Supplies,Storage,426.45,4,0.15,56.21
ORD-2026369,2023-06-09,2023-06-16,Standard Class,CU-10487,Karen Brown,Consumer,East,New York,New York City,Technology,Machines,1414.62,1,0.3,-242.64
ORD-2022849,2024-12-13,2024-12-15,First Class,CU-10560,Karen Brown,Corporate,West,California,Los Angeles,Furniture,Bookcases,573.31,2,0.2,-85.77
ORD-2025090,2024-10-25,2024-10-27,First Class,CU-10747,David Jones,Home Office,Central,Texas,Houston,Office Supplies,Fasteners,4.98,2,0.0,1.78
ORD-2023728,2022-03-04,2022-03-09,Standard Class,CU-10216,Amy Miller,Home Office,West,Washington,Seattle,Office Supplies,Fasteners,1.68,1,0.0,0.82
ORD-2025747,2024-10-26,2024-10-30,Standard Class,CU-10166,Nancy Moore,Consumer,Central,Ohio,Columbus,Technology,Machines,1436.65,2,0.2,-24.42
ORD-2022537,2022-09-08,2022-09-13,,CU-10107,Amy Jones,Consumer,West,California,Los Angeles,Office Supplies,Paper,12.54,2,0.0,4.63
ORD-2025213,2023-11-24,2023-11-29,Standard Class,CU-10257,Nancy Lee,Consumer,West,Arizona,Phoenix,Office Supplies,Storage,567.21,4,0.1,146.28
ORD-2026007,2022-08-25,2022-08-30,Standard Class,CU-10312,Amy Hernandez,Consumer,East,New York,Buffalo,Office Supplies,Art,46.06,2,0.0,15.22
ORD-2025836,2024-02-09,2024-02-12,Standard Class,CU-10021,Susan Rodriguez,Corporate,East,Pennsylvania,Philadelphia,Furniture,Bookcases,1282.77,4,0.2,-222.81
ORD-2026320,2024-09-01,2024-09-05,Second Class,CU-10638,Amy Jones,Consumer,East,New York,Buffalo,Furniture,Tables,2796.69,3,0.0,644.97
ORD-2025120,2022-09-06,2022-09-08,First Class,CU-10689,Michael Lopez,Corporate,South,North Carolina,Charlotte,Furniture,Furnishings,208.04,2,0.3,-73.49
ORD-2024761,2024-11-22,2024-11-24,Second Class,CU-10825,Susan Williams,Corporate,East,New York,Buffalo,Furniture,Tables,629.19,2,0.0,90.1
ORD-2022578,2024-09-28,2024-10-02,Second Class,CU-10153,Sandra Williams,Consumer,West,California,Los Angeles,Technology,Phones,2053.75,3,0.0,467.96
ORD-2022692,2022-11-12,2022-11-15,Second Class,CU-10588,Ashley Martin,Corporate,West,Washington,Seattle,Furniture,Furnishings,80.0,1,0.3,-27.1
ORD-2023611,2024-06-24,2024-06-26,Second Class,CU-10435,Nancy Brown,Corporate,Central,Ohio,Columbus,Technology,Copiers,4522.11,3,0.0,1151.89
ORD-2026413,2022-08-23,2022-08-24,First Class,CU-10535,John Brown,Corporate,Central,Texas,Houston,Office Supplies,Art,153.19,4,0.0,51.29
ORD-2026013,2022-03-21,2022-03-23,Second Class,CU-10666,Susan Davis,Consumer,Central,Illinois,Chicago,Technology,Machines,14810.13,5,0.2,1026.44
ORD-2022655,2023-01-31,2023-02-03,Standard Class,CU-10832,Linda Jones,Corporate,West,Arizona,Phoenix,Office Supplies,Storage,514.59,4,0.2,52.93
ORD-2022444,2022-12-02,2022-12-02,Same Day,CU-10268,Ashley Jones,Corporate,South,Georgia,Atlanta,Office Supplies,Paper,20.07,1,0.0,6.82
ORD-2023829,2023-09-04,2023-09-07,Standard Class,CU-10778,Ashley Brown,Consumer,South,North Carolina,Charlotte,Technology,Phones,7770.24,8,0.2,-307.62
ORD-2024513,2022-06-06,2022-06-08,Second Class,CU-10691,John Anderson,Consumer,East,Massachusetts,Boston,Office Supplies,Fasteners,10.63,2,0.0,3.48
ORD-2023228,2024-12-01,2024-12-06,Standard Class,CU-10492,Linda Thomas,Corporate,East,New York,New York City,Furniture,Chairs,626.63,2,0.1,60.2
ORD-2024814,2022-02-28,2022-03-03,Standard Class,CU-10636,Susan Johnson,Consumer,West,Arizona,Phoenix,Technology,Accessories,430.6,2,0.1,32.83
ORD-2024860,2023-05-15,2023-05-15,Same Day,CU-10190,James Martinez,Consumer,East,Massachusetts,Boston,Office Supplies,Binders,19.35,4,0.0,6.6
ORD-2025253,2023-08-30,2023-09-03,Second Class,CU-10156,David Jackson,Consumer,West,California,Los Angeles,Office Supplies,Binders,39.8,2,0.0,10.64
ORD-2022590,2024-11-26,2024-12-03,Standard Class,CU-10846,Sandra Thomas,Corporate,East,New York,Buffalo,Office Supplies,Paper,22.53,1,0.0,8.1
ORD-2023575,2022-11-07,2022-11-09,First Class,CU-10234,Amy Martin,Corporate,Central,Texas,Houston,Furniture,Tables,2395.32,2,0.15,-105.95
ORD-2022478,2023-12-16,2023-12-20,Standard Class,CU-10726,Jason Williams,Corporate,East,Massachusetts,Boston,Technology,Phones,1228.45,2,0.3,-244.24
ORD-2025869,2023-07-30,2023-07-30,Same Day,CU-10218,Mary Hernandez,Consumer,West,Washington,Seattle,Office Supplies,Supplies,419.0,4,0.0,173.65
ORD-2025624,2024-01-05,2024-01-06,,CU-10617,Steven Taylor,Consumer,South,Georgia,Atlanta,Office Supplies,Labels,3.58,1,0.0,1.22
ORD-2026206,2022-10-05,2022-10-10,Standard Class,CU-10552,Barbara Lopez,Consumer,South,North Carolina,Charlotte,Office Supplies,Labels,2.76,1,0.15,0.47
ORD-2023871,2023-06-20,2023-06-24,Standard Class,CU-10812,Laura Miller,Home Office,South,Georgia,Atlanta,Furniture,Bookcases,3612.28,6,0.0,438.12
ORD-2022465,2024-03-07,2024-03-09,Second Class,CU-10539,Laura Taylor,Corporate,West,California,San Francisco,Furniture,Tables,648.85,1,0.4,-337.17
ORD-2022743,2022-01-03,2022-01-06,Standard Class,CU-10836,Michael Anderson,Consumer,West,Arizona,Phoenix,Office Supplies,Binders,103.53,6,0.0,40.75
ORD-2024902,2022-08-21,2022-08-27,Standard Class,CU-10397,Laura Hernandez,Consumer,South,Tennessee,Nashville,Office Supplies,Fasteners,17.61,1,0.1,2.04
ORD-2022182,2023-09-30,2023-10-05,Standard Class,CU-10776,Jason Lopez,Consumer,West,Washington,Seattle,Office Supplies,Storage,529.48,4,0.2,68.91
ORD-2022242,2022-11-11,2022-11-15,Standard Class,CU-10817,Mary Martin,Consumer,West,Washington,Seattle,Office Supplies,Labels,3.73,1,0.2,0.29
ORD-2023394,2024-09-12,2024-09-14,First Class,CU-10403,Amy Jackson,Corporate,South,North Carolina,Charlotte,Office Supplies,Fasteners,67.35,5,0.1,8.97
ORD-2023053,2022-08-05,2022-08-11,Standard Class,CU-10581,David Lopez,Corporate,East,Massachusetts,Boston,Technology,Copiers,11587.98,3,0.0,3007.39
ORD-2025057,2022-08-24,2022-08-28,Standard Class,CU-10710,Amy Martinez,Home Office,East,Massachusetts,Boston,Furniture,Furnishings,284.67,2,0.0,57.39
ORD-2022653,2022-11-13,2022-11-20,Standard Class,CU-10347,Robert Anderson,Corporate,East,Massachusetts,Boston,Technology,Accessories,67.89,1,0.0,18.11
ORD-2022148,2023-06-19,2023-06-20,First Class,CU-10677,Nancy Smith,Consumer,West,Washington,Seattle,Office Supplies,Fasteners,12.36,1,0.0,3.62
ORD-2022708,2023-06-18,2023-06-24,Standard Class,CU-10174,James Anderson,Home Office,East,New York,Buffalo,Technology,Accessories,1205.7,6,0.2,-41.8
ORD-2025298,2023-08-16,2023-08-22,Standard Class,CU-10422,Ashley Garcia,Corporate,Central,Texas,Houston,Office Supplies,Paper,10.48,1,0.0,3.06
ORD-2022023,2024-11-07,2024-11-09,Second Class,CU-10553,Kevin Williams,Consumer,Central,Michigan,Detroit,Technology,Machines,1869.67,1,0.1,123.25
ORD-2023285,2024-11-29,2024-12-03,Standard Class,CU-10724,David Martinez,Consumer,Central,Ohio,Columbus,Technology,Phones,2635.11,4,0.15,281.91
ORD-2023957,2022-05-10,2022-05-16,Standard Class,CU-10376,Kevin Jones,Home Office,South,Tennessee,Nashville,Office Supplies,Supplies,122.48,7,0.15,28.37
ORD-2024260,2024-03-04,2024-03-06,Second Class,CU-10799,Steven Johnson,Consumer,East,New York,Buffalo,Furniture,Bookcases,782.14,2,0.2,-134.82
ORD-2023532,2023-11-02,2023-11-05,Second Class,CU-10730,Laura Moore,Home Office,West,California,Los Angeles,Furniture,Tables,480.94,1,0.0,107.71
ORD-2023436,2022-11-03,2022-11-07,Standard Class,CU-10117,Barbara Hernandez,Home Office,West,Arizona,Phoenix,Office Supplies,Paper,57.86,3,0.0,15.24
ORD-2022919,2023-11-04,2023-11-05,First Class,CU-10516,Amy Hernandez,Consumer,West,California,Los Angeles,Technology,Accessories,97.32,1,0.0,15.57
ORD-2025612,2023-12-07,2023-12-11,Second Class,CU-10101,Michael Martin,Corporate,West,Arizona,Phoenix,Office Supplies,Fasteners,13.4,1,0.0,4.52
ORD-2024216,2022-07-01,2022-07-08,Standard Class,CU-10075,Steven Brown,Consumer,Central,Michigan,Detroit,Furniture,Tables,747.77,3,0.3,-264.7
ORD-2026090,2022-06-12,2022-06-17,Standard Class,CU-10706,Laura Johnson,Consumer,Central,Illinois,Chicago,Office Supplies,Paper,67.18,5,0.1,12.76
ORD-2022469,2023-09-19,2023-09-21,Second Class,CU-10432,Sandra Taylor,Home Office,East,Massachusetts,Boston,Technology,Accessories,227.33,1,0.1,21.12
ORD-2026347,2024-10-27,2024-10-31,Standard Class,CU-10414,Amy Miller,Consumer,Central,Texas,Houston,Office Supplies,Supplies,157.66,3,0.15,31.2
ORD-2024735,2023-07-19,2023-07-24,Standard Class,CU-10833,David Brown,Corporate,Central,Michigan,Detroit,Office Supplies,Paper,34.27,7,0.3,4.24
ORD-2025525,2023-06-10,2023-06-13,Standard Class,CU-10719,Mary Williams,Consumer,West,Arizona,Phoenix,Office Supplies,Storage,64.51,1,0.0,21.36
ORD-2023484,2023-12-18,2023-12-25,Standard Class,CU-10160,Linda Anderson,Corporate,West,Washington,Seattle,Office Supplies,Art,11.38,1,0.1,2.79
ORD-2025659,2022-04-10,2022-04-14,Standard Class,CU-10598,Nancy Moore,Corporate,West,Washington,Seattle,Office Supplies,Storage,1096.3,5,0.0,376.23
ORD-2022350,2023-12-07,2023-12-11,Second Class,CU-10843,Ashley Lopez,Consumer,West,California,Los Angeles,Office Supplies,Paper,133.97,7,0.0,43.56
ORD-2023509,2024-05-11,2024-05-15,Standard Class,CU-10192,David Thomas,Consumer,Central,Illinois,Chicago,Furniture,Furnishings,58.23,2,0.0,9.28
ORD-2023260,2022-03-23,2022-03-25,Second Class,CU-10346,Karen Williams,Consumer,South,Florida,Miami,Office Supplies,Labels,44.03,4,0.1,9.57
ORD-2022048,2024-02-03,2024-02-05,First Class,CU-10821,Kevin Wilson,Consumer,West,California,Los Angeles,Office Supplies,Paper,140.42,7,0.1,24.32
ORD-2025761,2022-12-29,2023-01-02,Second Class,CU-10842,Nancy Jackson,Consumer,Central,Texas,Houston,Office Supplies,Labels,18.76,2,0.2,2.69
ORD-2022712,2024-08-19,2024-08-23,Standard Class,CU-10357,Sandra Wilson,Corporate,West,Arizona,Phoenix,Office Supplies,Fasteners,16.86,1,0.0,4.89
ORD-2023443,2022-04-19,2022-04-22,Standard Class,CU-10343,Sandra Rodriguez,Consumer,Central,Michigan,Detroit,Office Supplies,Supplies,739.02,8,0.1,147.66
ORD-2026454,2023-10-10,2023-10-17,Standard Class,CU-10796,Linda Lee,Home Office,West,California,San Francisco,Office Supplies,Labels,10.81,1,0.0,3.73
ORD-2026339,2024-08-14,2024-08-15,First Class,CU-10428,Michael Thomas,Corporate,Central,Ohio,Columbus,Technology,Accessories,1005.18,6,0.2,-59.35
ORD-2025766,2023-09-24,2023-09-28,Standard Class,CU-10757,Elizabeth Rodriguez,Corporate,Central,Texas,Houston,Office Supplies,Art,7.36,2,0.1,0.69
ORD-2025458,2022-02-11,2022-02-17,Standard Class,CU-10633,Michael Martinez,Corporate,West,Arizona,Phoenix,Furniture,Tables,1203.15,2,0.0,171.53
ORD-2022900,2023-07-31,2023-08-01,First Class,CU-10675,Amy Smith,Corporate,Central,Texas,Houston,Furniture,Furnishings,48.83,2,0.3,-16.77
ORD-2024748,2023-09-08,2023-09-12,Second Class,CU-10776,Jason Lopez,Consumer,Central,Ohio,Columbus,Office Supplies,Art,195.31,6,0.0,72.19
ORD-2023931,2023-12-05,2023-12-12,Standard Class,CU-10755,Karen Jackson,Consumer,West,California,San Francisco,Office Supplies,Labels,88.99,6,0.15,20.78
ORD-2026239,2023-12-26,2023-12-29,Second Class,CU-10477,Susan Jones,Home Office,East,New York,New York City,Office Supplies,Labels,19.54,2,0.0,5.17
ORD-2025288,2022-05-28,2022-06-04,Standard Class,CU-10485,Patricia Miller,Home Office,Central,Illinois,Chicago,Office Supplies,Supplies,72.79,2,0.0,22.91
ORD-2024801,2023-09-03,2023-09-06,Standard Class,CU-10104,Elizabeth Anderson,Consumer,South,Tennessee,Nashville,Furniture,Furnishings,76.17,2,0.3,-35.32
ORD-2026331,2024-12-03,2024-12-06,Standard Class,CU-10221,Patricia Hernandez,Consumer,West,Washington,Seattle,Technology,Accessories,583.49,2,0.1,9.59
ORD-2024618,2024-08-31,2024-09-02,Second Class,CU-10142,James Martinez,Consumer,West,Arizona,Phoenix,Office Supplies,Labels,43.95,6,0.0,11.25
ORD-2024544,2023-10-10,2023-10-13,Standard Class,CU-10268,Ashley Jones,Consumer,West,Washington,Seattle,Office Supplies,Fasteners,7.78,2,0.0,2.52
ORD-2024254,2024-12-15,2024-12-19,Standard Class,CU-10818,James Rodriguez,Consumer,East,New York,Buffalo,Furniture,Furnishings,199.32,3,0.5,-150.76
ORD-2025730,2024-12-01,2024-12-05,Standard Class,CU-10555,Susan Garcia,Corporate,East,Massachusetts,Boston,Technology,Accessories,857.47,3,0.4,-308.33
ORD-2022030,2024-05-10,2024-05-14,Second Class,CU-10463,Karen Jones,Consumer,West,California,San Francisco,Technology,Machines,2159.78,3,0.1,220.51
ORD-2024306,2023-10-03,2023-10-04,First Class,CU-10655,Elizabeth Smith,Corporate,East,New York,Buffalo,Office Supplies,Labels,7.52,1,0.0,2.45
ORD-2023226,2023-08-03,2023-08-05,First Class,CU-10662,Susan Williams,Consumer,Central,Illinois,Chicago,Technology,Phones,4861.54,7,0.0,1380.51
ORD-2025558,2023-12-11,2023-12-12,First Class,CU-10409,Barbara Jones,Consumer,South,Georgia,Atlanta,Technology,Copiers,4597.82,4,0.0,1402.19
ORD-2024329,2023-09-09,2023-09-13,Standard Class,CU-10474,Jason Lopez,Consumer,South,Tennessee,Nashville,Office Supplies,Labels,50.19,4,0.2,6.56
ORD-2022173,2024-12-01,2024-12-05,Second Class,CU-10304,Barbara Moore,Consumer,West,Arizona,Phoenix,Furniture,Furnishings,377.2,3,0.0,54.82
ORD-2026153,2023-08-08,2023-08-13,Standard Class,CU-10154,Sandra Rodriguez,Consumer,West,California,San Francisco,Office Supplies,Art,58.12,4,0.0,18.31
ORD-2022859,2023-09-28,2023-10-02,Standard Class,CU-10408,John Anderson,Corporate,West,California,San Francisco,Furniture,Tables,7156.79,7,0.2,-2010.88
ORD-2026032,2023-12-19,2023-12-24,Standard Class,CU-10304,Barbara Moore,Corporate,West,California,Los Angeles,Office Supplies,Art,179.29,5,0.15,12.67
ORD-2023917,2024-04-11,2024-04-16,Standard Class,CU-10427,Sandra Martinez,Consumer,South,Tennessee,Nashville,Technology,Phones,633.34,1,0.15,-22.5
ORD-2025132,2022-06-08,2022-06-15,Standard Class,CU-10235,Elizabeth Thomas,Consumer,East,New York,Buffalo,Technology,Machines,7960.06,3,0.1,11.03
ORD-2026310,2023-10-02,2023-10-06,Standard Class,CU-10419,Robert Rodriguez,Consumer,East,Massachusetts,Boston,Office Supplies,Art,114.19,5,0.0,43.92
ORD-2026407,2023-03-20,2023-03-22,Second Class,CU-10012,Amy Jackson,Consumer,West,California,Los Angeles,Technology,Copiers,12897.96,3,0.1,249.1
ORD-2022807,2022-09-17,2022-09-19,Second Class,CU-10602,Sandra Smith,Consumer,West,California,Los Angeles,Technology,Copiers,5043.36,3,0.1,596.67
ORD-2023469,2022-09-13,2022-09-17,Standard Class,CU-10033,Amy Martinez,Consumer,East,Massachusetts,Boston,Office Supplies,Binders,49.41,3,0.0,16.48
ORD-2024006,2023-08-30,2023-08-31,First Class,CU-10715,Karen Rodriguez,Corporate,West,California,Los Angeles,Office Supplies,Storage,745.43,4,0.1,172.74
ORD-2024856,2023-12-29,2024-01-03,,CU-10459,Sandra Thomas,Consumer,Central,Texas,Houston,Technology,Copiers,1507.76,1,0.3,-220.15
ORD-2025838,2024-07-21,2024-07-21,Same Day,CU-10633,Michael Martinez,Corporate,West,California,Los Angeles,Office Supplies,Fasteners,2.92,2,0.2,0.22
ORD-2022493,2022-12-23,2022-12-25,First Class,CU-10823,Elizabeth Smith,Home Office,West,Arizona,Phoenix,Office Supplies,Fasteners,70.04,4,0.0,21.0
ORD-2023623,2022-05-26,2022-05-30,Second Class,CU-10541,John Brown,Home Office,West,California,Los Angeles,Furniture,Chairs,2857.19,7,0.15,-257.79
ORD-2025865,2022-12-27,2022-12-30,Second Class,CU-10184,Kevin Lee,Consumer,West,California,Los Angeles,Technology,Accessories,1075.25,4,0.1,67.67
ORD-2023001,2023-07-17,2023-07-23,Standard Class,CU-10416,Elizabeth Thomas,Consumer,East,Massachusetts,Boston,Office Supplies,Storage,478.41,5,0.0,181.65
ORD-2024317,2024-06-07,2024-06-11,Standard Class,CU-10102,Nancy Lee,Consumer,East,New York,Buffalo,Office Supplies,Art,85.94,3,0.15,14.35
ORD-2023951,2022-01-25,2022-01-25,Same Day,CU-10291,Steven Smith,Consumer,East,New York,Buffalo,Office Supplies,Fasteners,45.05,5,0.15,6.29
ORD-2024720,2023-09-23,2023-09-26,Standard Class,CU-10753,James Moore,Consumer,South,Georgia,Atlanta,Furniture,Bookcases,397.38,1,0.2,-62.54
ORD-2022972,2022-07-08,2022-07-13,Standard Class,CU-10034,Susan Hernandez,Home Office,West,California,Los Angeles,Office Supplies,Supplies,146.94,2,0.0,52.5
ORD-2023308,2022-04-04,2022-04-09,Standard Class,CU-10316,John Jones,Home Office,East,New York,Buffalo,Furniture,Tables,2867.1,3,0.3,-1025.1
ORD-2025144,2024-09-04,2024-09-11,Standard Class,CU-10815,Robert Davis,Home Office,East,New York,New York City,Office Supplies,Binders,52.13,4,0.2,2.7
ORD-2024600,2023-05-10,2023-05-17,Standard Class,CU-10201,Laura Rodriguez,Consumer,South,North Carolina,Charlotte,Office Supplies,Art,17.7,2,0.1,4.37
ORD-2026188,2022-04-28,2022-05-01,Second Class,CU-10241,James Jones,Consumer,West,California,Los Angeles,Office Supplies,Art,65.6,6,0.15,9.49
ORD-2025040,2023-03-26,2023-03-26,Same Day,CU-10643,Ashley Martin,Corporate,South,Tennessee,Nashville,Office Supplies,Labels,11.71,3,0.0,4.59
ORD-2024536,2024-07-02,2024-07-08,Standard Class,CU-10549,Nancy Lee,Corporate,Central,Texas,Houston,Office Supplies,Fasteners,44.49,4,0.0,15.27
ORD-2026163,2023-04-19,2023-04-26,Standard Class,CU-10320,Elizabeth Thomas,Corporate,South,Georgia,Atlanta,Office Supplies,Labels,32.94,5,0.0,10.7
ORD-2026049,2024-04-01,2024-04-03,First Class,CU-10065,Karen Anderson,Consumer,South,Tennessee,Nashville,Office Supplies,Storage,15.1,1,0.0,5.17
ORD-2023663,2022-10-28,2022-11-01,Standard Class,CU-10176,James Williams,Corporate,Central,Texas,Houston,Office Supplies,Labels,9.05,4,0.3,-0.28
ORD-2023701,2024-12-24,2024-12-27,Standard Class,CU-10776,Jason Lopez,Home Office,South,Florida,Miami,Furniture,Furnishings,530.61,4,0.2,-92.74
ORD-2022016,2023-11-05,2023-11-06,First Class,CU-10253,Patricia Martinez,Consumer,East,New York,New York City,Office Supplies,Binders,286.82,5,0.0,108.82
ORD-2026076,2023-12-23,2023-12-25,First Class,CU-10214,David Lopez,Home Office,West,Arizona,Phoenix,Technology,Accessories,762.72,8,0.0,193.27
ORD-2023058,2023-10-26,2023-10-28,First Class,CU-10650,Mary Anderson,Corporate,South,Georgia,Atlanta,Technology,Copiers,5962.66,2,0.0,1356.48
ORD-2022640,2024-05-02,2024-05-06,Second Class,CU-10777,Jason Thomas,Corporate,Central,Illinois,Chicago,Office Supplies,Storage,976.23,4,0.1,240.28
ORD-2024169,2023-09-13,2023-09-17,Second Class,CU-10207,Susan Rodriguez,Consumer,East,New York,New York City,Technology,Copiers,7264.21,2,0.2,-407.43
ORD-2025479,2023-11-10,2023-11-15,Standard Class,CU-10020,Ashley Johnson,Consumer,West,California,San Francisco,Office Supplies,Paper,87.36,4,0.0,22.48
ORD-2026248,2022-10-11,2022-10-12,First Class,CU-10163,Patricia Johnson,Home Office,East,New York,Buffalo,Technology,Machines,7832.67,3,0.1,1756.67
ORD-2023186,2023-04-22,2023-04-25,Second Class,CU-10567,James Davis,Consumer,South,North Carolina,Charlotte,Furniture,Chairs,850.19,4,0.3,-390.14
ORD-2025456,2024-12-02,2024-12-06,Standard Class,CU-10284,Elizabeth Lee,Consumer,West,Washington,Seattle,Technology,Accessories,87.01,1,0.0,19.89
ORD-2025503,2023-12-21,2023-12-26,Standard Class,CU-10122,Kevin Wilson,Consumer,West,Washington,Seattle,Technology,Phones,1111.49,1,0.2,-84.9
ORD-2023716,2023-01-08,2023-01-11,Second Class,CU-10828,Kevin Rodriguez,Home Office,Central,Michigan,Detroit,Office Supplies,Labels,26.74,5,0.0,8.91
ORD-2024469,2023-01-12,2023-01-15,Standard Class,CU-10170,Sandra Brown,Consumer,East,New York,New York City,Office Supplies,Fasteners,7.67,1,0.0,2.34
ORD-2023966,2024-04-19,2024-04-22,Standard Class,CU-10631,Jason Brown,Consumer,East,New York,New York City,Furniture,Bookcases,487.87,2,0.2,-69.94
ORD-2023920,2023-09-05,2023-09-08,Second Class,CU-10524,Michael Wilson,Home Office,Central,Michigan,Detroit,Office Supplies,Paper,61.89,3,0.0,20.4
ORD-2025969,2022-08-12,2022-08-15,Standard Class,CU-10551,Amy Rodriguez,Home Office,East,New York,New York City,Office Supplies,Labels,2.29,1,0.2,0.12
ORD-2025299,2022-02-24,2022-03-03,Standard Class,CU-10445,Karen Moore,Corporate,South,Tennessee,Nashville,Technology,Accessories,1421.76,5,0.15,150.37
ORD-2022585,2023-12-14,2023-12-18,Second Class,CU-10519,Laura Rodriguez,Corporate,Central,Illinois,Chicago,Office Supplies,Binders,23.32,2,0.15,4.06
ORD-2022036,2022-07-24,2022-07-28,Standard Class,CU-10121,Nancy Martin,Corporate,Central,Ohio,Columbus,Furniture,Furnishings,1019.28,7,0.0,178.01
ORD-2023072,2023-06-26,2023-06-28,Second Class,CU-10587,Laura Rodriguez,Consumer,West,Washington,Seattle,Technology,Phones,547.24,1,0.15,42.68
ORD-2022076,2022-12-13,2022-12-15,Second Class,CU-10390,Michael Jones,Consumer,West,Washington,Seattle,Office Supplies,Supplies,101.58,1,0.0,29.8
ORD-2024238,2023-03-10,2023-03-13,Standard Class,CU-10085,Susan Taylor,Corporate,South,Florida,Miami,Furniture,Tables,650.68,1,0.2,-155.83
ORD-2022997,2022-01-05,2022-01-09,Standard Class,CU-10034,Susan Hernandez,Consumer,Central,Texas,Houston,Office Supplies,Supplies,322.72,3,0.0,100.11
ORD-2024764,2022-05-02,2022-05-06,Standard Class,CU-10135,Laura Johnson,Consumer,South,Tennessee,Nashville,Technology,Machines,3499.32,5,0.0,839.37
ORD-2024368,2023-03-07,2023-03-13,,CU-10074,David Moore,Home Office,East,Pennsylvania,Philadelphia,Office Supplies,Labels,11.52,2,0.15,2.23
ORD-2024947,2024-07-26,2024-07-29,Standard Class,CU-10676,John Brown,Consumer,South,Georgia,Atlanta,Technology,Machines,612.48,1,0.1,70.9
ORD-2026400,2024-07-26,2024-07-28,Second Class,CU-10600,John Lopez,Corporate,East,New York,Buffalo,Office Supplies,Fasteners,56.05,3,0.0,20.48
ORD-2024049,2023-01-07,2023-01-09,Second Class,CU-10160,Linda Anderson,Corporate,East,Massachusetts,Boston,Technology,Copiers,2392.6,1,0.0,819.16
ORD-2023407,2022-06-03,2022-06-07,Second Class,CU-10427,Sandra Martinez,Corporate,South,North Carolina,Charlotte,Office Supplies,Labels,9.48,1,0.0,3.01
ORD-2023905,2023-06-27,2023-06-28,First Class,CU-10545,Patricia Lee,Corporate,East,Massachusetts,Boston,Technology,Phones,1919.31,4,0.1,251.99
ORD-2022639,2024-10-14,2024-10-17,Standard Class,CU-10673,Jason Smith,Consumer,East,Massachusetts,Boston,Office Supplies,Storage,28.35,1,0.0,11.03
ORD-2022375,2022-08-18,2022-08-21,Standard Class,CU-10752,Elizabeth Garcia,Home Office,South,North Carolina,Charlotte,Technology,Phones,913.39,1,0.15,32.16
ORD-2025384,2022-10-19,2022-10-21,First Class,CU-10121,Nancy Martin,Home Office,East,Massachusetts,Boston,Technology,Phones,169.24,1,0.15,9.42
ORD-2024170,2023-05-20,2023-05-23,Second Class,CU-10653,Sandra Jones,Home Office,Central,Texas,Houston,Office Supplies,Binders,336.84,7,0.0,137.82
ORD-2025291,2024-04-05,2024-04-10,Standard Class,CU-10308,Barbara Rodriguez,Home Office,East,New York,New York City,Technology,Machines,5423.38,2,0.0,1564.33
ORD-2023327,2023-11-10,2023-11-12,Second Class,CU-10306,Mary Rodriguez,Home Office,South,North Carolina,Charlotte,Office Supplies,Supplies,21.85,4,0.0,6.15
ORD-2023384,2024-12-12,2024-12-16,Second Class,CU-10000,David Smith,Corporate,Central,Ohio,Columbus,Office Supplies,Storage,364.51,3,0.2,79.55
ORD-2022189,2022-11-27,2022-12-03,Standard Class,CU-10555,Susan Garcia,Corporate,Central,Texas,Houston,Office Supplies,Fasteners,7.8,1,0.2,0.81
ORD-2023515,2022-12-02,2022-12-07,Standard Class,CU-10067,John Smith,Consumer,East,Pennsylvania,Philadelphia,Office Supplies,Supplies,215.65,2,0.2,18.63
ORD-2026333,2023-08-09,2023-08-11,First Class,CU-10128,Barbara Brown,Consumer,West,Arizona,Phoenix,Technology,Phones,505.8,1,0.0,100.42
ORD-2025053,2024-07-04,2024-07-08,Standard Class,CU-10506,Sandra Taylor,Consumer,West,California,Los Angeles,Technology,Accessories,1116.5,7,0.3,-227.88
ORD-2024059,2022-04-02,2022-04-09,Standard Class,CU-10545,Patricia Lee,Corporate,South,Tennessee,Nashville,Office Supplies,Labels,2.62,1,0.1,0.66
ORD-2022353,2023-11-14,2023-11-18,Second Class,CU-10205,Steven Garcia,Consumer,East,New York,Buffalo,Office Supplies,Fasteners,1.55,1,0.0,0.61
ORD-2025295,2024-12-15,2024-12-19,Standard Class,CU-10225,Kevin Miller,Consumer,West,Washington,Seattle,Office Supplies,Storage,319.63,6,0.15,65.26
ORD-2024998,2024-12-22,2024-12-29,Standard Class,CU-10099,James Davis,Corporate,East,Massachusetts,Boston,Technology,Machines,1673.54,1,0.1,208.72
ORD-2024248,2023-04-07,2023-04-09,First Class,CU-10706,Laura Johnson,Home Office,South,Georgia,Atlanta,Office Supplies,Supplies,5.3,1,0.0,1.84
ORD-2025785,2024-11-26,2024-11-29,Standard Class,CU-10781,Michael Miller,Consumer,Central,Texas,Houston,Furniture,Furnishings,139.03,2,0.1,-3.95
ORD-2023383,2024-12-28,2025-01-01,Standard Class,CU-10310,Patricia Hernandez,Consumer,East,New York,New York City,Office Supplies,Binders,33.3,4,0.0,11.55
ORD-2023628,2022-10-11,2022-10-14,Second Class,CU-10071,Mary Jackson,Corporate,East,New York,New York City,Furniture,Chairs,110.06,1,0.1,-6.8
ORD-2025077,2023-12-05,2023-12-12,Standard Class,CU-10846,Sandra Thomas,Consumer,South,Tennessee,Nashville,Office Supplies,Binders,136.17,3,0.15,31.88
ORD-2025681,2022-09-15,2022-09-15,Same Day,CU-10214,David Lopez,Home Office,Central,Illinois,Chicago,Furniture,Chairs,1956.19,8,0.0,135.53
ORD-2024495,2023-10-04,2023-10-10,Standard Class,CU-10276,Barbara Rodriguez,Consumer,Central,Illinois,Chicago,Office Supplies,Labels,31.64,4,0.15,7.19
ORD-2025359,2024-01-02,2024-01-05,Standard Class,CU-10801,Mary Wilson,Consumer,East,New York,Buffalo,Furniture,Furnishings,256.22,2,0.0,57.3
ORD-2024326,2022-10-26,2022-11-02,Standard Class,CU-10613,Michael Martin,Consumer,West,Arizona,Phoenix,Office Supplies,Binders,62.49,2,0.1,17.71
ORD-2025554,2022-12-12,2022-12-18,,CU-10177,David Williams,Consumer,South,Georgia,Atlanta,Technology,Accessories,84.32,1,0.1,9.34
ORD-2025336,2023-10-06,2023-10-10,Standard Class,CU-10538,Karen Jackson,Consumer,Central,Texas,Houston,Office Supplies,Storage,290.61,2,0.2,30.7
ORD-2023470,2024-12-01,2024-12-06,Standard Class,CU-10095,Robert Lee,Corporate,South,Georgia,Atlanta,Office Supplies,Binders,3.23,1,0.0,0.91
ORD-2025784,2023-10-07,2023-10-10,,CU-10290,Barbara Martinez,Consumer,West,Arizona,Phoenix,Furniture,Bookcases,666.67,2,0.2,-123.27
ORD-2025469,2024-12-16,2024-12-19,Standard Class,CU-10085,Susan Taylor,Consumer,East,Massachusetts,Boston,Furniture,Bookcases,1172.13,4,0.1,22.62
ORD-2026055,2024-09-27,2024-09-30,Standard Class,CU-10630,Patricia Garcia,Home Office,East,Pennsylvania,Philadelphia,Technology,Phones,2349.28,4,0.1,552.61
ORD-2023517,2024-12-10,2024-12-16,Standard Class,CU-10746,James Hernandez,Corporate,West,Washington,Seattle,Technology,Copiers,7101.55,2,0.0,1761.79
ORD-2024163,2023-05-30,2023-06-04,Standard Class,CU-10241,James Jones,Consumer,Central,Michigan,Detroit,Technology,Accessories,84.33,4,0.0,22.57
ORD-2026048,2023-03-07,2023-03-10,Standard Class,CU-10406,Michael Jackson,Home Office,West,California,Los Angeles,Office Supplies,Fasteners,17.6,8,0.0,5.26
ORD-2025283,2022-06-03,2022-06-08,Standard Class,CU-10308,Barbara Rodriguez,Home Office,West,Arizona,Phoenix,Furniture,Bookcases,1365.21,2,0.0,79.34
ORD-2024888,2022-06-23,2022-06-25,First Class,CU-10759,Susan Brown,Consumer,Central,Illinois,Chicago,Furniture,Tables,4109.5,5,0.1,71.63
ORD-2026200,2022-10-21,2022-10-25,Second Class,CU-10020,Ashley Johnson,Home Office,West,California,Los Angeles,Office Supplies,Storage,692.34,4,0.1,110.62
ORD-2025232,2023-09-30,2023-10-04,Standard Class,CU-10802,Kevin Thomas,Consumer,East,Pennsylvania,Philadelphia,Technology,Copiers,1795.61,1,0.2,19.65
ORD-2023382,2023-10-17,2023-10-22,Standard Class,CU-10113,Ashley Martinez,Corporate,West,California,Los Angeles,Office Supplies,Supplies,300.62,5,0.0,105.11
ORD-2023205,2022-03-30,2022-04-03,Second Class,CU-10028,Steven Jones,Consumer,Central,Illinois,Chicago,Office Supplies,Labels,11.28,2,0.0,3.23
ORD-2024454,2023-12-12,2023-12-17,Standard Class,CU-10464,John Jones,Home Office,East,New York,Buffalo,Office Supplies,Storage,377.42,2,0.0,121.06
ORD-2024781,2022-06-16,2022-06-20,Standard Class,CU-10210,Barbara Taylor,Consumer,West,Arizona,Phoenix,Office Supplies,Labels,12.31,2,0.0,4.86
ORD-2023027,2023-03-07,2023-03-11,Standard Class,CU-10781,Michael Miller,Consumer,South,North Carolina,Charlotte,Furniture,Tables,1791.06,2,0.2,-459.34
ORD-2023019,2023-07-04,2023-07-07,Standard Class,CU-10849,Kevin Jones,Home Office,Central,Illinois,Chicago,Furniture,Chairs,433.57,4,0.4,-254.86
ORD-2023816,2024-06-02,2024-06-08,Standard Class,CU-10391,Laura Garcia,Consumer,Central,Ohio,Columbus,Office Supplies,Supplies,82.8,2,0.1,22.5
ORD-2025296,2024-05-27,2024-05-31,Standard Class,CU-10568,Elizabeth Garcia,Consumer,South,Georgia,Atlanta,Technology,Accessories,987.76,7,0.1,107.02
ORD-2026341,2022-07-16,2022-07-19,Standard Class,CU-10559,Susan Johnson,Consumer,South,Florida,Miami,Office Supplies,Supplies,180.45,3,0.2,19.74
ORD-2025852,2023-03-07,2023-03-14,Standard Class,CU-10651,Robert Johnson,Consumer,East,New York,New York City,Office Supplies,Storage,844.15,7,0.0,258.23
ORD-2024657,2023-11-11,2023-11-13,,CU-10203,Amy Davis,Home Office,East,Pennsylvania,Philadelphia,Furniture,Bookcases,842.01,2,0.15,-82.97
ORD-2024392,2023-02-23,2023-02-26,Standard Class,CU-10066,Laura Taylor,Consumer,East,New York,New York City,Office Supplies,Binders,52.56,3,0.0,18.73
ORD-2023483,2022-11-08,2022-11-12,Standard Class,CU-10730,Laura Moore,Consumer,East,New York,New York City,Technology,Machines,12440.92,4,0.15,1040.61
ORD-2024594,2022-12-13,2022-12-19,Standard Class,CU-10623,Linda Lopez,Consumer,Central,Michigan,Detroit,Office Supplies,Fasteners,8.29,1,,1.54
ORD-2024373,2022-11-21,2022-11-23,Second Class,CU-10600,John Lopez,Consumer,Central,Michigan,Detroit,Technology,Machines,19405.97,7,0.0,5377.81
ORD-2024367,2023-05-21,2023-05-25,Standard Class,CU-10031,Nancy Miller,Consumer,Central,Ohio,Columbus,Office Supplies,Paper,42.23,7,0.1,12.33
ORD-2025101,2022-10-11,2022-10-14,Second Class,CU-10456,David Jackson,Consumer,Central,Ohio,Columbus,Office Supplies,Storage,115.96,1,0.1,19.55
ORD-2023292,2023-11-04,2023-11-08,Standard Class,CU-10032,Nancy Anderson,Consumer,West,California,San Francisco,Furniture,Tables,378.11,1,0.1,-32.51
ORD-2022852,2024-10-07,2024-10-09,First Class,CU-10395,John Martinez,Home Office,East,New York,Buffalo,Office Supplies,Supplies,286.48,3,0.1,55.31
ORD-2024614,2022-12-02,2022-12-03,First Class,CU-10746,James Hernandez,Consumer,South,Tennessee,Nashville,Office Supplies,Labels,11.48,4,0.0,3.38
ORD-2023617,2023-11-14,2023-11-17,Second Class,CU-10489,Linda Williams,Consumer,Central,Illinois,Chicago,Office Supplies,Labels,19.75,2,0.0,4.81
ORD-2026189,2023-09-04,2023-09-11,Standard Class,CU-10729,Mary Jones,Consumer,West,Arizona,Phoenix,Technology,Phones,4817.04,6,0.0,1326.46
ORD-2026124,2024-12-30,2025-01-03,Standard Class,CU-10246,Susan Rodriguez,Corporate,East,New York,New York City,Furniture,Bookcases,2614.56,4,0.15,-142.36
ORD-2026113,2023-09-11,2023-09-17,Standard Class,CU-10440,Elizabeth Jackson,Home Office,West,Arizona,Phoenix,Technology,Copiers,2087.15,2,0.2,-77.51
ORD-2024635,2023-06-04,2023-06-05,First Class,CU-10183,Michael Thomas,Corporate,West,California,Los Angeles,Furniture,Tables,377.86,1,0.4,-215.75
ORD-2026471,2022-12-05,2022-12-10,Standard Class,CU-10133,Susan Garcia,Home Office,Central,Ohio,Columbus,Furniture,Tables,1161.91,1,0.1,-126.89
ORD-2022140,2023-08-27,2023-08-31,Standard Class,CU-10633,Michael Martinez,Consumer,Central,Texas,Houston,Technology,Machines,14039.01,7,0.0,3298.81
ORD-2023589,2022-09-14,2022-09-17,Standard Class,CU-10806,James Lee,Corporate,South,Georgia,Atlanta,Office Supplies,Binders,42.57,2,0.0,12.74
ORD-2024893,2023-12-05,2023-12-09,Standard Class,CU-10699,John Hernandez,Consumer,West,California,San Francisco,Office Supplies,Art,64.09,4,0.1,12.58
ORD-2025130,2023-06-02,2023-06-05,Standard Class,CU-10754,David Taylor,Consumer,Central,Michigan,Detroit,Office Supplies,Labels,111.93,8,,41.76
ORD-2024437,2023-12-31,2024-01-07,Standard Class,CU-10172,Laura Smith,Corporate,West,California,San Francisco,Office Supplies,Labels,30.84,4,0.2,4.49
ORD-2026449,2022-02-11,2022-02-14,Standard Class,CU-10341,David Rodriguez,Consumer,West,California,Los Angeles,Technology,Accessories,1709.09,6,0.0,300.38
ORD-2022820,2022-04-01,2022-04-03,First Class,CU-10186,James Garcia,Consumer,East,Pennsylvania,Philadelphia,Office Supplies,Supplies,103.69,2,0.0,29.0
ORD-2025607,2022-11-18,2022-11-22,Standard Class,CU-10489,Linda Williams,Corporate,West,Arizona,Phoenix,Technology,Phones,5332.74,6,0.0,1156.53
ORD-2025631,2024-12-15,2024-12-16,First Class,CU-10014,Karen Williams,Corporate,East,Massachusetts,Boston,Office Supplies,Art,61.28,5,0.0,23.61
ORD-2026034,2022-07-15,2022-07-22,Standard Class,CU-10627,Robert Jones,Consumer,Central,Illinois,Chicago,Office Supplies,Labels,53.81,4,0.2,0.63
ORD-2024532,2024-02-19,2024-02-22,Standard Class,CU-10372,Susan Anderson,Consumer,East,Massachusetts,Boston,Office Supplies,Supplies,470.34,7,0.0,180.24
ORD-2023136,2023-07-21,2023-07-24,Standard Class,CU-10086,Mary Hernandez,Home Office,South,North Carolina,Charlotte,Technology,Copiers,1519.37,1,0.15,56.97
ORD-2023817,2023-08-06,2023-08-09,Standard Class,CU-10412,James Davis,Consumer,West,Arizona,Phoenix,Office Supplies,Storage,404.88,2,0.3,-14.47
ORD-2022229,2022-06-19,2022-06-21,Second Class,CU-10305,Laura Thomas,Consumer,West,Washington,Seattle,Furniture,Chairs,3580.19,8,0.4,-2032.32
ORD-2022999,2022-12-06,2022-12-12,Standard Class,CU-10425,Patricia Miller,Consumer,East,Pennsylvania,Philadelphia,Office Supplies,Storage,241.08,1,0.0,81.14
ORD-2024890,2022-08-17,2022-08-21,Second Class,CU-10060,Nancy Lee,Consumer,West,Washington,Seattle,Office Supplies,Storage,788.03,4,0.2,57.16
ORD-2024580,2022-02-23,2022-03-02,Standard Class,CU-10037,David Jackson,Corporate,Central,Michigan,Detroit,Technology,Copiers,3543.13,1,0.0,1222.91
ORD-2025350,2022-03-06,2022-03-11,Standard Class,CU-10650,Mary Anderson,Corporate,Central,Illinois,Chicago,Office Supplies,Labels,18.46,8,0.0,6.43
ORD-2022024,2024-06-27,2024-06-30,Second Class,CU-10008,Elizabeth Taylor,Consumer,East,New York,New York City,Office Supplies,Fasteners,46.84,5,0.1,8.19
ORD-2023118,2022-12-02,2022-12-04,Second Class,CU-10722,Amy Johnson,Consumer,East,New York,Buffalo,Office Supplies,Fasteners,43.04,4,0.1,11.35
ORD-2024149,2022-06-01,2022-06-04,Second Class,CU-10516,Amy Hernandez,Consumer,East,New York,Buffalo,Furniture,Bookcases,1263.82,2,0.15,-26.94
ORD-2022628,2023-11-05,2023-11-12,Standard Class,CU-10034,Susan Hernandez,Corporate,South,Florida,Miami,Technology,Accessories,90.73,1,0.15,7.67
ORD-2023471,2022-10-03,2022-10-05,Second Class,CU-10699,John Hernandez,Corporate,West,Arizona,Phoenix,Office Supplies,Paper,5.01,1,0.1,1.14
ORD-2022261,2024-09-02,2024-09-06,Standard Class,CU-10442,John Lopez,Home Office,Central,Ohio,Columbus,Furniture,Chairs,391.56,1,0.1,-6.49
ORD-2023388,2024-11-13,2024-11-15,Second Class,CU-10687,Ashley Hernandez,Corporate,Central,Texas,Houston,Furniture,Chairs,484.78,3,0.3,-220.57
ORD-2024553,2024-12-08,2024-12-10,First Class,CU-10272,Nancy Smith,Consumer,South,Georgia,Atlanta,Office Supplies,Paper,11.7,2,0.15,2.01
ORD-2024422,2024-06-09,2024-06-14,Standard Class,CU-10578,Robert Miller,Consumer,Central,Illinois,Chicago,Office Supplies,Paper,10.07,3,0.0,3.14
ORD-2023695,2023-10-05,2023-10-09,Standard Class,CU-10427,Sandra Martinez,Consumer,East,New York,Buffalo,Office Supplies,Binders,51.35,2,0.1,12.36
ORD-2022008,2022-07-21,2022-07-22,First Class,CU-10456,David Jackson,Consumer,South,Florida,Miami,Technology,Copiers,4212.45,5,0.2,195.85
ORD-2023606,2024-12-15,2024-12-20,Standard Class,CU-10684,Michael Johnson,Home Office,Central,Illinois,Chicago,Furniture,Chairs,384.21,2,0.1,-22.13
ORD-2023066,2023-04-24,2023-04-26,First Class,CU-10060,Nancy Lee,Corporate,West,Washington,Seattle,Technology,Phones,1250.89,3,,50.68
ORD-2023902,2024-09-26,2024-10-03,Standard Class,CU-10311,John Anderson,Corporate,East,New York,New York City,Office Supplies,Art,6.49,3,0.0,2.24
ORD-2024411,2024-12-19,2024-12-26,Standard Class,CU-10820,Barbara Johnson,Home Office,Central,Illinois,Chicago,Technology,Phones,456.24,1,0.1,69.69
ORD-2026422,2023-12-06,2023-12-08,Second Class,CU-10619,David Hernandez,Consumer,Central,Ohio,Columbus,Furniture,Chairs,971.64,2,0.1,28.1
ORD-2023713,2024-11-02,2024-11-04,Second Class,CU-10351,Elizabeth Thomas,Consumer,East,Massachusetts,Boston,Office Supplies,Art,135.5,4,0.1,21.52
ORD-2022400,2022-12-17,2022-12-24,Standard Class,CU-10554,Susan Moore,Consumer,West,California,Los Angeles,Office Supplies,Fasteners,33.89,6,0.0,14.83
ORD-2025646,2023-02-04,2023-02-07,Standard Class,CU-10259,Jason Martin,Consumer,West,Arizona,Phoenix,Office Supplies,Binders,26.58,3,0.0,9.04
ORD-2023994,2023-08-10,2023-08-14,Second Class,CU-10847,Kevin Thomas,Corporate,South,Florida,Miami,Technology,Copiers,14277.55,6,0.15,13.43
ORD-2023539,2023-07-02,2023-07-02,Same Day,CU-10554,Susan Moore,Consumer,East,Massachusetts,Boston,Office Supplies,Labels,2.25,1,0.1,0.44
ORD-2026093,2022-10-01,2022-10-05,Standard Class,CU-10183,Michael Thomas,Home Office,East,Pennsylvania,Philadelphia,Office Supplies,Art,9.46,1,0.1,2.06
ORD-2024968,2023-11-15,2023-11-15,Same Day,CU-10345,James Miller,Corporate,East,New York,Buffalo,Office Supplies,Fasteners,10.91,1,0.0,2.75
ORD-2025886,2024-12-25,2024-12-28,Standard Class,CU-10444,Jason Hernandez,Corporate,East,New York,New York City,Office Supplies,Supplies,37.09,2,0.0,11.03
ORD-2022038,2022-11-08,2022-11-10,Second Class,CU-10846,Sandra Thomas,Corporate,Central,Ohio,Columbus,Technology,Phones,1010.38,3,0.0,260.87
ORD-2024292,2023-12-05,2023-12-08,Second Class,CU-10570,Elizabeth Garcia,Home Office,West,Washington,Seattle,Furniture,Chairs,517.3,1,,-222.17
ORD-2024651,2023-05-23,2023-05-27,Second Class,CU-10043,Sandra Martinez,Corporate,South,Georgia,Atlanta,Furniture,Furnishings,96.08,6,0.0,20.36
ORD-2022864,2022-06-17,2022-06-23,Standard Class,CU-10651,Robert Johnson,Home Office,Central,Michigan,Detroit,Office Supplies,Labels,84.58,6,0.1,13.82
ORD-2026338,2023-09-22,2023-09-24,Second Class,CU-10365,Jason Williams,Consumer,East,Massachusetts,Boston,Office Supplies,Binders,160.27,3,0.1,31.68
ORD-2025604,2024-12-01,2024-12-06,Standard Class,CU-10117,Barbara Hernandez,Home Office,East,New York,New York City,Office Supplies,Labels,11.41,2,0.1,2.55
ORD-2025472,2023-11-03,2023-11-07,Second Class,CU-10618,Jason Johnson,Corporate,South,Florida,Miami,Office Supplies,Art,250.59,7,0.0,72.72
ORD-2023434,2022-10-22,2022-10-23,First Class,CU-10448,Steven Anderson,Home Office,East,New York,New York City,Technology,Accessories,67.99,2,0.15,3.59
ORD-2024440,2024-12-30,2025-01-03,Standard Class,CU-10118,Karen Rodriguez,Home Office,Central,Texas,Houston,Furniture,Bookcases,366.07,1,0.2,-46.72
ORD-2024433,2022-12-26,2023-01-01,Standard Class,CU-10151,Karen Moore,Consumer,Central,Michigan,Detroit,Technology,Phones,2150.36,3,0.0,609.5
ORD-2024375,2022-08-22,2022-08-25,Standard Class,CU-10312,Amy Hernandez,Corporate,East,Pennsylvania,Philadelphia,Office Supplies,Fasteners,13.07,2,0.0,3.79
ORD-2025568,2024-09-14,2024-09-16,Second Class,CU-10434,Barbara Wilson,Consumer,South,Florida,Miami,Office Supplies,Binders,31.72,2,0.15,6.77
ORD-2022207,2024-01-24,2024-01-25,First Class,CU-10599,Laura Jackson,Consumer,East,New York,New York City,Office Supplies,Storage,31.26,2,0.2,4.32
ORD-2025385,2024-02-08,2024-02-10,First Class,CU-10844,Steven Garcia,Consumer,West,Arizona,Phoenix,Furniture,Bookcases,2980.12,7,0.3,-806.27
ORD-2023069,2023-04-24,2023-04-25,First Class,CU-10161,Steven Martin,Consumer,West,California,San Francisco,Office Supplies,Art,36.62,7,0.0,9.27
ORD-2024753,2022-05-14,2022-05-19,Standard Class,CU-10455,Jason Jones,Consumer,West,California,San Francisco,Office Supplies,Storage,710.45,4,0.0,225.52
ORD-2024096,2022-03-15,2022-03-18,Standard Class,CU-10512,Mary Jones,Consumer,Central,Michigan,Detroit,Office Supplies,Binders,133.33,5,0.2,10.1
ORD-2025315,2022-04-20,2022-04-22,First Class,CU-10626,Nancy Rodriguez,Consumer,Central,Ohio,Columbus,Technology,Accessories,413.19,2,0.0,118.33
ORD-2022669,2023-05-06,2023-05-10,Second Class,CU-10084,Sandra Anderson,Consumer,Central,Texas,Houston,Furniture,Bookcases,683.34,1,0.0,184.83
ORD-2022851,2022-10-15,2022-10-17,Second Class,CU-10634,Elizabeth Jackson,Corporate,West,California,Los Angeles,Office Supplies,Storage,495.19,2,0.15,30.97
ORD-2023654,2024-12-05,2024-12-08,Standard Class,CU-10011,Kevin Hernandez,Consumer,East,Massachusetts,Boston,Technology,Machines,9968.45,4,0.0,1372.11
ORD-2022698,2023-12-25,2023-12-29,Standard Class,CU-10706,Laura Johnson,Home Office,Central,Texas,Houston,Office Supplies,Storage,1341.07,7,0.15,102.85
ORD-2025581,2024-07-17,2024-07-21,Standard Class,CU-10735,Karen Wilson,Corporate,Central,Texas,Houston,Office Supplies,Art,154.9,4,0.1,28.73
ORD-2022293,2022-06-10,2022-06-17,Standard Class,CU-10541,John Brown,Consumer,East,Pennsylvania,Philadelphia,Furniture,Tables,1697.51,3,0.0,468.8
ORD-2026295,2023-04-28,2023-04-30,First Class,CU-10321,David Garcia,Home Office,Central,Michigan,Detroit,Office Supplies,Fasteners,13.97,1,0.0,3.44
ORD-2022894,2024-05-23,2024-05-27,Second Class,CU-10203,Amy Davis,Consumer,South,North Carolina,Charlotte,Office Supplies,Supplies,94.76,1,0.1,18.03
ORD-2023325,2024-10-29,2024-11-01,Standard Class,CU-10843,Ashley Lopez,Home Office,South,Florida,Miami,Office Supplies,Binders,159.51,4,0.0,59.35
ORD-2024297,2022-03-21,2022-03-23,Second Class,CU-10790,Ashley Miller,Consumer,East,New York,Buffalo,Office Supplies,Storage,870.27,5,0.15,133.11
ORD-2022983,2023-08-01,2023-08-07,Standard Class,CU-10045,Susan Garcia,Home Office,Central,Illinois,Chicago,Office Supplies,Art,3.79,1,0.0,1.41
ORD-2023112,2023-12-09,2023-12-12,Second Class,CU-10029,Laura Lopez,Consumer,South,Florida,Miami,Office Supplies,Labels,3.48,1,0.0,1.13
ORD-2022631,2024-08-30,2024-09-02,Standard Class,CU-10410,Kevin Williams,Home Office,East,Pennsylvania,Philadelphia,Office Supplies,Supplies,96.59,2,0.15,17.19
ORD-2023967,2024-09-26,2024-09-27,First Class,CU-10779,Karen Thomas,Home Office,South,Tennessee,Nashville,Office Supplies,Fasteners,80.56,5,0.1,18.79
ORD-2022212,2022-10-16,2022-10-20,Standard Class,CU-10094,David Jones,Corporate,West,California,San Francisco,Office Supplies,Storage,45.54,2,0.0,12.92
ORD-2026257,2023-07-27,2023-08-02,Standard Class,CU-10574,Karen Lee,Consumer,East,New York,New York City,Office Supplies,Paper,27.62,2,0.2,1.48
ORD-2023609,2023-06-10,2023-06-14,Standard Class,CU-10070,Susan Miller,Corporate,West,California,Los Angeles,Office Supplies,Supplies,591.15,5,0.3,48.24
ORD-2026410,2023-03-14,2023-03-21,Standard Class,CU-10659,Mary Miller,Consumer,West,Arizona,Phoenix,Technology,Accessories,240.57,1,0.15,22.96
ORD-2023287,2022-12-30,2023-01-03,Second Class,CU-10727,Mary Smith,Corporate,Central,Texas,Houston,Technology,Phones,2600.64,3,0.15,103.05
ORD-2024376,2024-10-22,2024-10-28,Standard Class,CU-10358,Nancy Smith,Home Office,West,Washington,Seattle,Technology,Copiers,11384.66,3,0.0,2225.78
ORD-2022198,2022-10-12,2022-10-16,Second Class,CU-10468,Karen Smith,Consumer,South,Tennessee,Nashville,Office Supplies,Supplies,316.82,5,0.0,104.56
ORD-2025153,2022-07-15,2022-07-19,Standard Class,CU-10715,Karen Rodriguez,Home Office,West,Arizona,Phoenix,Furniture,Chairs,408.41,1,0.15,-30.14
ORD-2026228,2023-11-06,2023-11-13,Standard Class,CU-10137,Mary Anderson,Corporate,East,New York,Buffalo,Office Supplies,Paper,40.93,3,0.0,13.08
ORD-2026436,2024-09-06,2024-09-10,Standard Class,CU-10448,Steven Anderson,Consumer,East,New York,New York City,Office Supplies,Binders,63.12,2,0.0,28.61
ORD-2023442,2022-08-27,2022-08-30,Standard Class,CU-10164,David Lopez,Home Office,East,New York,Buffalo,Office Supplies,Binders,87.51,3,0.0,16.82
ORD-2024271,2023-12-06,2023-12-09,Standard Class,CU-10576,Elizabeth Martinez,Home Office,East,Pennsylvania,Philadelphia,Office Supplies,Paper,67.36,3,0.1,7.97
ORD-2024704,2024-03-21,2024-03-28,Standard Class,CU-10001,Sandra Martinez,Consumer,South,Florida,Miami,Office Supplies,Art,138.18,4,0.0,35.68
ORD-2022523,2023-11-30,2023-12-07,Standard Class,CU-10065,Karen Anderson,Home Office,Central,Michigan,Detroit,Office Supplies,Storage,137.06,1,0.0,46.27
ORD-2026335,2022-04-29,2022-04-30,First Class,CU-10527,David Miller,Corporate,Central,Texas,Houston,Office Supplies,Paper,40.31,2,0.0,14.98
ORD-2023934,2024-03-24,2024-03-30,Standard Class,CU-10271,Linda Davis,Home Office,South,Florida,Miami,Technology,Accessories,751.59,3,0.2,42.28
ORD-2025307,2022-02-22,2022-02-25,Second Class,CU-10612,Kevin Taylor,Home Office,West,Washington,Seattle,Technology,Machines,6805.72,5,0.1,703.02
ORD-2026319,2023-04-20,2023-04-25,Standard Class,CU-10836,Michael Anderson,Consumer,Central,Ohio,Columbus,Technology,Copiers,11900.99,3,0.0,1907.63
ORD-2025514,2024-11-21,2024-11-22,First Class,CU-10432,Sandra Taylor,Consumer,East,Pennsylvania,Philadelphia,Technology,Accessories,1542.37,6,0.1,208.99
ORD-2025071,2024-12-14,2024-12-20,Standard Class,CU-10809,Laura Garcia,Consumer,East,Massachusetts,Boston,Technology,Copiers,1815.9,1,0.15,-74.92
ORD-2024631,2023-09-07,2023-09-13,Standard Class,CU-10608,Karen Hernandez,Consumer,West,California,San Francisco,Office Supplies,Paper,131.32,6,0.0,45.23
ORD-2025187,2024-10-13,2024-10-14,First Class,CU-10524,Michael Wilson,Consumer,East,Pennsylvania,Philadelphia,Office Supplies,Art,54.65,2,,13.34
ORD-2025740,2022-10-28,2022-10-30,Second Class,CU-10354,Amy Johnson,Consumer,East,Massachusetts,Boston,Office Supplies,Supplies,56.16,1,0.1,12.71
ORD-2024819,2024-11-24,2024-11-26,First Class,CU-10221,Patricia Hernandez,Consumer,Central,Illinois,Chicago,Office Supplies,Paper,8.16,4,0.0,3.05
ORD-2024022,2022-01-29,2022-01-29,Same Day,CU-10800,Ashley Lopez,Corporate,East,New York,New York City,Technology,Phones,2910.71,3,0.0,522.61
ORD-2025475,2023-06-10,2023-06-13,,CU-10847,Kevin Thomas,Corporate,South,Florida,Miami,Office Supplies,Art,24.99,1,0.0,4.5
ORD-2022821,2023-11-27,2023-11-28,First Class,CU-10265,Sandra Garcia,Corporate,South,Florida,Miami,Office Supplies,Labels,14.87,4,0.0,5.12
ORD-2023204,2022-02-24,2022-02-28,Standard Class,CU-10012,Amy Jackson,Corporate,East,Massachusetts,Boston,Office Supplies,Labels,17.48,2,0.0,4.27
ORD-2025113,2023-12-27,2023-12-31,Standard Class,CU-10192,David Thomas,Corporate,South,Florida,Miami,Technology,Machines,9539.52,3,0.3,-2061.4
ORD-2024446,2022-03-30,2022-04-03,Second Class,CU-10180,Ashley Martin,Consumer,Central,Michigan,Detroit,Office Supplies,Storage,51.33,1,0.0,14.03
ORD-2023664,2024-11-21,2024-11-23,First Class,CU-10352,Mary Moore,Consumer,South,Florida,Miami,Technology,Machines,3647.01,2,0.15,107.23
ORD-2025927,2024-09-06,2024-09-12,Standard Class,CU-10288,Elizabeth Williams,Corporate,Central,Illinois,Chicago,Office Supplies,Paper,27.35,8,0.15,3.72
ORD-2026157,2022-04-30,2022-05-05,Standard Class,CU-10721,Michael Lopez,Consumer,East,New York,New York City,Technology,Copiers,10248.21,3,0.1,1729.11
ORD-2025257,2022-12-20,2022-12-20,Same Day,CU-10727,Mary Smith,Consumer,East,New York,Buffalo,Office Supplies,Paper,17.65,1,0.0,4.37
ORD-2024085,2022-11-28,2022-11-28,Same Day,CU-10819,Kevin Miller,Consumer,Central,Illinois,Chicago,Office Supplies,Storage,361.32,2,0.0,119.92
ORD-2024509,2023-12-20,2023-12-27,,CU-10035,Robert Johnson,Consumer,East,New York,New York City,Furniture,Tables,6130.77,6,0.15,-1402.17
ORD-2024307,2023-06-08,2023-06-11,Standard Class,CU-10066,Laura Taylor,Consumer,West,California,Los Angeles,Office Supplies,Storage,174.22,1,0.2,11.72
ORD-2024978,2024-03-30,2024-04-01,First Class,CU-10481,Kevin Jones,Consumer,South,North Carolina,Charlotte,Office Supplies,Supplies,107.14,3,0.0,36.15
ORD-2023645,2023-07-25,2023-07-26,First Class,CU-10749,Sandra Moore,Consumer,West,Arizona,Phoenix,Office Supplies,Labels,13.96,1,0.0,5.13
ORD-2025218,2022-12-06,2022-12-12,Standard Class,CU-10458,Mary Davis,Consumer,Central,Michigan,Detroit,Office Supplies,Art,22.49,2,0.1,3.85
ORD-2025420,2024-10-09,2024-10-16,Standard Class,CU-10622,Robert Rodriguez,Home Office,Central,Michigan,Detroit,Technology,Accessories,1199.11,4,0.0,215.56
ORD-2025889,2022-11-23,2022-11-30,,CU-10477,Susan Jones,Corporate,West,Washington,Seattle,Office Supplies,Supplies,275.52,3,0.0,99.64
ORD-2022750,2022-11-26,2022-11-30,Standard Class,CU-10843,Ashley Lopez,Corporate,Central,Ohio,Columbus,Office Supplies,Fasteners,3.47,1,0.3,-0.06
ORD-2024420,2022-07-15,2022-07-21,Standard Class,CU-10232,Robert Miller,Consumer,West,Washington,Seattle,Technology,Accessories,245.28,5,0.1,21.84
ORD-2023161,2023-12-25,2023-12-26,First Class,CU-10736,Ashley Brown,Corporate,West,Washington,Seattle,Office Supplies,Storage,956.16,7,0.0,272.03
ORD-2024596,2022-05-26,2022-05-29,Standard Class,CU-10486,Nancy Wilson,Corporate,West,Arizona,Phoenix,Furniture,Furnishings,50.15,3,0.4,-29.9
ORD-2024570,2022-02-02,2022-02-09,Standard Class,CU-10064,Mary Brown,Corporate,Central,Texas,Houston,Office Supplies,Storage,74.19,4,0.0,20.7
ORD-2026174,2024-07-13,2024-07-14,First Class,CU-10052,John Smith,Consumer,Central,Ohio,Columbus,Furniture,Furnishings,322.08,7,0.1,-12.24
ORD-2024074,2023-04-10,2023-04-17,,CU-10823,Elizabeth Smith,Consumer,West,Arizona,Phoenix,Technology,Copiers,4864.01,2,0.0,1083.38
ORD-2025952,2024-12-05,2024-12-08,Standard Class,CU-10074,David Moore,Home Office,Central,Texas,Houston,Furniture,Chairs,384.1,2,0.2,-60.08
ORD-2022158,2024-04-15,2024-04-21,Standard Class,CU-10229,Kevin Rodriguez,Consumer,East,New York,Buffalo,Office Supplies,Binders,59.55,2,0.0,18.46
ORD-2023146,2024-05-16,2024-05-17,First Class,CU-10550,Steven Jones,Corporate,South,Tennessee,Nashville,Technology,Machines,16036.43,8,0.2,728.86
ORD-2022294,2024-09-21,2024-09-28,Standard Class,CU-10455,Jason Jones,Corporate,Central,Texas,Houston,Office Supplies,Labels,26.4,2,0.0,7.97
ORD-2022977,2023-04-25,2023-05-01,Standard Class,CU-10674,Ashley Brown,Consumer,South,Florida,Miami,Office Supplies,Binders,418.69,7,0.15,67.1
ORD-2022259,2023-11-27,2023-11-29,Second Class,CU-10053,Barbara Anderson,Corporate,South,Georgia,Atlanta,Office Supplies,Supplies,130.59,3,0.3,-6.85
ORD-2024206,2024-04-02,2024-04-03,First Class,CU-10459,Sandra Thomas,Consumer,East,Massachusetts,Boston,Technology,Copiers,8872.75,7,0.15,1571.39
ORD-2023761,2022-09-13,2022-09-17,Standard Class,CU-10581,David Lopez,Home Office,West,California,Los Angeles,Furniture,Chairs,501.94,4,0.3,-175.97
ORD-2024639,2022-10-14,2022-10-19,Standard Class,CU-10575,Nancy Jones,Corporate,East,New York,Buffalo,Furniture,Furnishings,124.39,1,0.2,-26.13
ORD-2023168,2024-08-25,2024-09-01,Standard Class,CU-10043,Sandra Martinez,Home Office,West,California,Los Angeles,Office Supplies,Paper,10.77,1,0.1,1.91
ORD-2024314,2023-02-08,2023-02-11,Standard Class,CU-10553,Kevin Williams,Consumer,West,Arizona,Phoenix,Technology,Phones,398.42,4,0.0,80.41
ORD-2022413,2024-11-09,2024-11-13,Standard Class,CU-10091,Amy Martinez,Corporate,East,New York,New York City,Office Supplies,Storage,568.72,3,0.1,155.44
ORD-2024938,2022-11-17,2022-11-23,Standard Class,CU-10679,Laura Hernandez,Consumer,Central,Illinois,Chicago,Furniture,Tables,3863.24,4,0.3,-1398.22
ORD-2023369,2023-01-23,2023-01-26,Standard Class,CU-10647,Kevin Martinez,Consumer,South,North Carolina,Charlotte,Technology,Phones,203.76,2,0.2,-3.68
ORD-2025178,2022-01-09,2022-01-11,First Class,CU-10773,Amy Jackson,Home Office,Central,Ohio,Columbus,Office Supplies,Binders,11.48,1,0.0,4.14
ORD-2022904,2024-12-12,2024-12-15,Second Class,CU-10277,Barbara Johnson,Consumer,East,New York,Buffalo,Technology,Machines,4818.82,2,0.1,575.17
ORD-2024530,2023-12-09,2023-12-13,Standard Class,CU-10834,David Davis,Consumer,Central,Ohio,Columbus,Furniture,Chairs,801.4,2,0.4,-517.58
ORD-2022513,2022-12-06,2022-12-08,First Class,CU-10245,John Smith,Corporate,South,North Carolina,Charlotte,Technology,Copiers,4018.18,5,0.15,-195.11
ORD-2022067,2022-12-18,2022-12-22,Standard Class,CU-10118,Karen Rodriguez,Consumer,East,New York,New York City,Office Supplies,Labels,7.89,3,,1.93
ORD-2024585,2023-06-28,2023-07-02,Standard Class,CU-10136,Amy Miller,Consumer,West,Washington,Seattle,Office Supplies,Fasteners,15.29,7,0.0,6.01
ORD-2025220,2022-12-03,2022-12-07,Standard Class,CU-10674,Ashley Brown,Corporate,West,California,Los Angeles,Technology,Phones,3409.96,3,0.2,-219.44
ORD-2025278,2022-12-27,2022-12-31,Standard Class,CU-10198,John Hernandez,Consumer,West,California,San Francisco,Technology,Copiers,9895.78,4,0.0,1968.09
ORD-2025935,2022-11-28,2022-12-02,Standard Class,CU-10529,Susan Smith,Consumer,West,California,San Francisco,Technology,Copiers,494.63,1,0.0,124.47
ORD-2023726,2023-01-31,2023-02-06,Standard Class,CU-10720,Barbara Williams,Consumer,West,California,Los Angeles,Office Supplies,Fasteners,15.61,4,0.3,-0.07
ORD-2024357,2023-09-11,2023-09-15,Second Class,CU-10348,David Williams,Consumer,East,Pennsylvania,Philadelphia,Office Supplies,Storage,138.04,1,,27.78
ORD-2023790,2024-06-08,2024-06-12,Standard Class,CU-10741,Laura Garcia,Corporate,East,New York,New York City,Technology,Copiers,2828.1,2,0.0,649.51
ORD-2025770,2024-12-03,2024-12-07,Second Class,CU-10680,David Anderson,Home Office,West,California,San Francisco,Furniture,Furnishings,32.1,1,0.2,-7.41
ORD-2025075,2024-11-15,2024-11-19,Standard Class,CU-10009,Robert Miller,Consumer,South,Georgia,Atlanta,Office Supplies,Labels,11.76,2,0.1,2.74
ORD-2026150,2022-11-20,2022-11-23,Standard Class,CU-10005,Barbara Davis,Home Office,Central,Illinois,Chicago,Office Supplies,Supplies,164.25,6,0.1,27.73
ORD-2024173,2022-08-24,2022-08-26,Second Class,CU-10769,Robert Martinez,Consumer,South,North Carolina,Charlotte,Office Supplies,Art,19.73,1,0.2,3.39
ORD-2026061,2024-03-12,2024-03-17,Standard Class,CU-10575,Nancy Jones,Consumer,Central,Michigan,Detroit,Office Supplies,Paper,7.5,2,0.1,1.37
ORD-2025946,2022-10-27,2022-11-01,Standard Class,CU-10124,Susan Williams,Corporate,Central,Texas,Houston,Furniture,Tables,4259.67,7,0.5,-3950.48
ORD-2024934,2024-01-02,2024-01-09,Standard Class,CU-10717,Nancy Smith,Consumer,Central,Illinois,Chicago,Office Supplies,Paper,20.32,1,0.15,3.07
ORD-2023397,2024-11-20,2024-11-24,Standard Class,CU-10848,Robert Anderson,Consumer,South,North Carolina,Charlotte,Office Supplies,Paper,48.72,4,0.0,18.83
ORD-2023244,2023-02-19,2023-02-22,Standard Class,CU-10398,Nancy Jackson,Consumer,East,Pennsylvania,Philadelphia,Office Supplies,Binders,6.02,3,0.1,1.66
ORD-2025138,2024-06-25,2024-06-28,Standard Class,CU-10331,Mary Garcia,Corporate,Central,Ohio,Columbus,Technology,Copiers,12543.3,3,0.15,826.48
ORD-2022149,2022-02-14,2022-02-20,Standard Class,CU-10386,Steven Williams,Corporate,South,North Carolina,Charlotte,Technology,Copiers,11662.91,6,0.15,-966.67
ORD-2023172,2022-11-24,2022-11-28,Standard Class,CU-10065,Karen Anderson,Consumer,East,Massachusetts,Boston,Office Supplies,Labels,18.97,2,0.0,7.14
ORD-2024348,2022-05-26,2022-05-27,First Class,CU-10219,Michael Williams,Consumer,South,North Carolina,Charlotte,Office Supplies,Storage,230.84,1,0.1,47.33
ORD-2023192,2024-10-25,2024-11-01,Standard Class,CU-10245,John Smith,Consumer,South,Georgia,Atlanta,Office Supplies,Storage,501.06,4,0.15,125.08
ORD-2022184,2024-06-18,2024-06-25,Standard Class,CU-10221,Patricia Hernandez,Consumer,East,New York,Buffalo,Office Supplies,Labels,14.23,1,0.0,5.1
ORD-2022887,2022-07-26,2022-07-29,Second Class,CU-10477,Susan Jones,Consumer,Central,Michigan,Detroit,Office Supplies,Labels,12.77,1,0.0,4.68
ORD-2022920,2022-06-07,2022-06-09,Second Class,CU-10298,Sandra Moore,Corporate,West,Arizona,Phoenix,Office Supplies,Paper,18.27,1,0.2,2.18
ORD-2023818,2023-09-10,2023-09-13,Second Class,CU-10530,Robert Smith,Consumer,West,Arizona,Phoenix,Office Supplies,Paper,12.87,1,0.3,-0.08
ORD-2023487,2023-08-01,2023-08-03,Second Class,CU-10092,Laura Thomas,Home Office,West,Washington,Seattle,Technology,Copiers,6036.39,3,0.2,-160.94
ORD-2025518,2023-10-27,2023-10-31,Standard Class,CU-10316,John Jones,Consumer,South,Florida,Miami,Furniture,Furnishings,114.43,1,0.0,16.49
ORD-2023790,2024-06-08,2024-06-12,Standard Class,CU-10741,Laura Garcia,Corporate,East,New York,New York City,Technology,Copiers,2828.1,2,0.0,649.51
ORD-2023872,2024-12-25,2024-12-25,Same Day,CU-10673,Jason Smith,Consumer,South,Georgia,Atlanta,Office Supplies,Paper,20.19,3,0.0,4.9
ORD-2025447,2024-05-27,2024-05-30,Standard Class,CU-10446,James Lopez,Consumer,West,Arizona,Phoenix,Office Supplies,Paper,145.96,7,0.0,51.98
ORD-2025683,2023-08-27,2023-09-01,Standard Class,CU-10402,Amy Brown,Home Office,East,Pennsylvania,Philadelphia,Technology,Accessories,180.24,3,0.2,-28.15
ORD-2022667,2024-12-31,2025-01-04,Standard Class,CU-10215,Mary Brown,Consumer,South,North Carolina,Charlotte,Office Supplies,Binders,174.78,4,0.1,36.16
ORD-2022672,2024-12-30,2025-01-06,Standard Class,CU-10389,Nancy Lee,Corporate,Central,Ohio,Columbus,Technology,Phones,653.11,2,0.0,135.03
ORD-2023908,2024-08-01,2024-08-03,Second Class,CU-10382,Kevin Wilson,Home Office,Central,Illinois,Chicago,Office Supplies,Paper,2.56,1,0.1,0.54
ORD-2024108,2023-01-18,2023-01-22,Standard Class,CU-10351,Elizabeth Thomas,Consumer,East,New York,Buffalo,Furniture,Bookcases,1261.23,2,0.2,-216.43
ORD-2023646,2022-12-11,2022-12-13,First Class,CU-10132,Nancy Miller,Consumer,East,New York,Buffalo,Technology,Copiers,6648.55,3,0.0,975.25
ORD-2024035,2024-07-04,2024-07-06,First Class,CU-10196,David Rodriguez,Home Office,East,New York,New York City,Furniture,Bookcases,401.32,1,0.1,-9.09
ORD-2023681,2024-08-27,2024-08-28,First Class,CU-10694,Robert Jackson,Consumer,West,California,San Francisco,Furniture,Tables,2464.14,3,0.3,-684.27
ORD-2024231,2023-12-26,2023-12-29,Standard Class,CU-10447,Barbara Taylor,Corporate,Central,Ohio,Columbus,Furniture,Tables,3907.0,5,0.2,-785.8
ORD-2022264,2024-11-23,2024-11-26,Second Class,CU-10414,Amy Miller,Consumer,South,Florida,Miami,Office Supplies,Binders,349.97,7,0.1,54.5
ORD-2023323,2024-07-09,2024-07-09,Same Day,CU-10442,John Lopez,Corporate,East,Massachusetts,Boston,Technology,Copiers,2796.58,1,0.15,-65.02
ORD-2024504,2022-12-05,2022-12-08,Standard Class,CU-10112,Mary Anderson,Consumer,South,Florida,Miami,Technology,Accessories,431.55,3,0.2,-17.95
ORD-2022596,2024-03-11,2024-03-16,Standard Class,CU-10635,Laura Hernandez,Consumer,Central,Ohio,Columbus,Office Supplies,Supplies,223.12,4,0.1,52.28
ORD-2026001,2023-02-19,2023-02-19,Same Day,CU-10287,Ashley Thomas,Consumer,East,New York,Buffalo,Furniture,Tables,712.62,2,0.4,-411.09
ORD-2025923,2024-11-24,2024-11-26,First Class,CU-10361,Robert Jackson,Corporate,West,Arizona,Phoenix,Office Supplies,Fasteners,135.94,8,0.1,40.1
ORD-2026221,2022-01-29,2022-01-31,Second Class,CU-10735,Karen Wilson,Consumer,South,Tennessee,Nashville,Furniture,Furnishings,74.05,1,0.2,-15.66
ORD-2025241,2023-11-09,2023-11-11,First Class,CU-10030,Sandra Taylor,Corporate,West,California,San Francisco,Furniture,Tables,2281.05,3,0.2,-306.26
ORD-2023691,2024-11-18,2024-11-22,Standard Class,CU-10191,Ashley Jones,Corporate,South,Florida,Miami,Furniture,Tables,1141.59,1,0.2,-151.32
ORD-2022209,2023-09-17,2023-09-18,First Class,CU-10383,Elizabeth Miller,Corporate,South,Tennessee,Nashville,Technology,Phones,945.1,1,0.1,74.15
ORD-2025247,2024-07-31,2024-08-04,Second Class,CU-10380,Karen Williams,Consumer,Central,Texas,Houston,Technology,Copiers,936.33,1,0.2,-5.35
ORD-2024696,2024-08-26,2024-08-28,Second Class,CU-10407,Susan Williams,Consumer,West,California,Los Angeles,Technology,Accessories,33.6,1,0.0,3.58
ORD-2024250,2023-10-17,2023-10-17,Same Day,CU-10757,Elizabeth Rodriguez,Consumer,South,North Carolina,Charlotte,Office Supplies,Art,35.92,2,0.1,5.27
ORD-2024395,2024-12-27,2024-12-29,Second Class,CU-10847,Kevin Thomas,Home Office,East,New York,New York City,Technology,Copiers,2823.65,1,0.15,159.86
ORD-2025087,2023-07-10,2023-07-12,Second Class,CU-10103,Elizabeth Anderson,Home Office,East,New York,New York City,Technology,Copiers,4490.04,1,0.0,1339.79
ORD-2023500,2024-01-12,2024-01-16,Second Class,CU-10630,Patricia Garcia,Consumer,Central,Ohio,Columbus,Technology,Phones,2307.31,5,0.0,528.86
ORD-2026252,2022-10-01,2022-10-04,Standard Class,CU-10743,Jason Garcia,Home Office,West,California,San Francisco,Office Supplies,Storage,208.5,2,0.3,-8.99
ORD-2023084,2024-12-21,2024-12-24,Standard Class,CU-10442,John Lopez,Consumer,West,California,Los Angeles,Technology,Phones,502.5,7,0.1,66.65
ORD-2025848,2022-11-13,2022-11-14,First Class,CU-10842,Nancy Jackson,Consumer,West,California,San Francisco,Office Supplies,Storage,223.87,2,0.0,76.51
ORD-2023109,2022-10-08,2022-10-15,Standard Class,CU-10009,Robert Miller,Corporate,Central,Texas,Houston,Office Supplies,Supplies,164.61,2,0.0,60.32
ORD-2024749,2022-03-07,2022-03-13,Standard Class,CU-10826,Jason Wilson,Consumer,East,New York,New York City,Technology,Machines,19925.62,7,0.15,214.37
ORD-2022634,2022-03-29,2022-03-31,First Class,CU-10129,Patricia Garcia,Home Office,West,Washington,Seattle,Furniture,Furnishings,335.01,3,0.15,-30.55
ORD-2026152,2023-06-18,2023-06-24,Standard Class,CU-10091,Amy Martinez,Consumer,East,Pennsylvania,Philadelphia,Office Supplies,Art,34.22,1,0.15,0.9
ORD-2025692,2022-05-31,2022-06-02,First Class,CU-10667,Linda Thomas,Corporate,Central,Ohio,Columbus,Technology,Accessories,475.46,3,0.1,74.56
ORD-2024315,2022-12-10,2022-12-13,Standard Class,CU-10030,Sandra Taylor,Corporate,East,New York,Buffalo,Office Supplies,Paper,44.46,2,0.0,13.52
ORD-2026052,2023-10-31,2023-11-02,Second Class,CU-10447,Barbara Taylor,Consumer,South,Tennessee,Nashville,Office Supplies,Art,157.03,8,0.1,41.4
ORD-2024162,2023-04-14,2023-04-17,Standard Class,CU-10434,Barbara Wilson,Home Office,West,Washington,Seattle,Technology,Copiers,13286.19,3,0.0,3902.55
ORD-2022809,2024-12-28,2024-12-29,First Class,CU-10342,Nancy Garcia,Corporate,South,North Carolina,Charlotte,Office Supplies,Fasteners,84.07,5,0.1,19.8
ORD-2026178,2023-12-26,2023-12-30,Standard Class,CU-10152,Barbara Williams,Consumer,Central,Texas,Houston,Office Supplies,Art,88.08,4,0.0,33.49
ORD-2025150,2022-01-02,2022-01-08,Standard Class,CU-10523,Barbara Wilson,Consumer,Central,Ohio,Columbus,Office Supplies,Labels,14.68,2,0.1,2.73
ORD-2022051,2022-01-16,2022-01-23,Standard Class,CU-10256,Barbara Rodriguez,Consumer,West,California,San Francisco,Office Supplies,Labels,46.62,5,0.15,3.64
ORD-2024353,2023-11-01,2023-11-05,Standard Class,CU-10675,Amy Smith,Corporate,East,New York,Buffalo,Furniture,Tables,2525.81,3,0.4,-1581.29
ORD-2026281,2023-02-15,2023-02-20,Standard Class,CU-10486,Nancy Wilson,Home Office,Central,Illinois,Chicago,Office Supplies,Labels,25.13,4,0.0,7.99
ORD-2024128,2022-05-27,2022-05-27,Same Day,CU-10183,Michael Thomas,Consumer,West,California,San Francisco,Technology,Accessories,506.56,2,0.0,127.99
ORD-2025306,2022-04-17,2022-04-21,Standard Class,CU-10474,Jason Lopez,Consumer,East,Massachusetts,Boston,Office Supplies,Art,109.61,4,0.15,19.36
ORD-2023037,2023-05-06,2023-05-11,Standard Class,CU-10476,Mary Martinez,Consumer,South,North Carolina,Charlotte,Technology,Phones,1666.34,3,0.0,512.03
ORD-2026246,2024-10-02,2024-10-06,Standard Class,CU-10330,Patricia Lopez,Consumer,West,Arizona,Phoenix,Technology,Machines,4990.55,2,0.0,1431.49
ORD-2024774,2024-05-24,2024-05-29,Standard Class,CU-10145,Karen Lee,Consumer,East,Massachusetts,Boston,Office Supplies,Fasteners,74.68,4,0.0,14.04
ORD-2022369,2024-11-10,2024-11-14,Second Class,CU-10117,Barbara Hernandez,Consumer,East,Pennsylvania,Philadelphia,Office Supplies,Art,176.43,8,0.0,53.93
ORD-2025703,2024-02-06,2024-02-10,Standard Class,CU-10234,Amy Martin,Home Office,South,Tennessee,Nashville,Technology,Copiers,6878.05,4,0.3,-817.07
ORD-2024713,2022-08-07,2022-08-14,Standard Class,CU-10277,Barbara Johnson,Consumer,East,New York,Buffalo,Furniture,Furnishings,1010.79,8,0.3,-424.68
ORD-2023482,2023-11-26,2023-11-30,Standard Class,CU-10413,Jason Martin,Consumer,West,California,Los Angeles,Office Supplies,Supplies,251.15,6,0.15,52.28
ORD-2023362,2023-12-09,2023-12-16,Standard Class,CU-10016,Nancy Rodriguez,Home Office,West,California,San Francisco,Technology,Copiers,1755.11,1,0.0,371.38
ORD-2023514,2024-11-08,2024-11-09,First Class,CU-10354,Amy Johnson,Consumer,Central,Texas,Houston,Office Supplies,Supplies,94.66,2,0.15,11.01
ORD-2024152,2024-06-16,2024-06-20,Standard Class,CU-10684,Michael Johnson,Consumer,West,California,Los Angeles,Furniture,Furnishings,173.65,6,,40.5
ORD-2022112,2022-12-18,2022-12-25,Standard Class,CU-10227,Linda Garcia,Home Office,Central,Ohio,Columbus,Technology,Copiers,2457.53,1,0.15,229.13
ORD-2026063,2023-11-22,2023-11-24,First Class,CU-10596,James Anderson,Consumer,West,California,Los Angeles,Technology,Accessories,685.19,6,0.0,168.43
ORD-2024322,2023-04-29,2023-05-03,Standard Class,CU-10244,Karen Johnson,Home Office,Central,Illinois,Chicago,Office Supplies,Fasteners,30.17,2,0.0,8.96
ORD-2025164,2023-11-30,2023-12-03,Second Class,CU-10848,Robert Anderson,Home Office,West,California,San Francisco,Office Supplies,Binders,31.17,2,0.0,13.04
ORD-2023599,2022-11-28,2022-12-02,Standard Class,CU-10344,Linda Davis,Consumer,East,New York,Buffalo,Furniture,Tables,669.82,2,0.2,-134.96
ORD-2022575,2023-09-16,2023-09-23,Standard Class,CU-10622,Robert Rodriguez,Consumer,West,California,San Francisco,Furniture,Tables,2506.37,3,0.1,166.59
ORD-2024897,2022-10-20,2022-10-27,Standard Class,CU-10683,John Anderson,Consumer,West,California,San Francisco,Furniture,Furnishings,102.5,1,0.1,-7.52
ORD-2025779,2024-12-13,2024-12-19,Standard Class,CU-10084,Sandra Anderson,Home Office,West,California,San Francisco,Furniture,Bookcases,781.83,3,0.1,-16.63
ORD-2025685,2022-06-03,2022-06-10,Standard Class,CU-10296,Laura Brown,Consumer,East,New York,New York City,Office Supplies,Storage,49.17,1,0.15,6.78
ORD-2025660,2022-10-30,2022-11-06,Standard Class,CU-10510,John Jones,Corporate,East,New York,Buffalo,Office Supplies,Storage,121.81,1,0.15,13.34
ORD-2022160,2022-06-22,2022-06-29,,CU-10269,Susan Thomas,Home Office,South,North Carolina,Charlotte,Office Supplies,Art,32.21,3,0.0,10.53
ORD-2023245,2022-11-28,2022-11-29,First Class,CU-10847,Kevin Thomas,Consumer,East,New York,Buffalo,Technology,Phones,2571.48,3,0.2,-26.7
ORD-2023354,2024-10-24,2024-10-28,Second Class,CU-10001,Sandra Martinez,Consumer,West,Arizona,Phoenix,Office Supplies,Storage,1292.52,7,0.0,392.45
ORD-2023289,2023-11-12,2023-11-19,Standard Class,CU-10758,Steven Rodriguez,Consumer,West,Washington,Seattle,Office Supplies,Labels,8.64,4,,2.48
ORD-2022139,2022-05-17,2022-05-20,Standard Class,CU-10105,Ashley Miller,Consumer,East,New York,Buffalo,Technology,Copiers,4230.52,3,0.15,511.05
ORD-2023157,2022-01-02,2022-01-09,Standard Class,CU-10553,Kevin Williams,Consumer,Central,Texas,Houston,Furniture,Bookcases,2066.34,5,,-208.13
ORD-2026475,2023-12-26,2023-12-28,First Class,CU-10051,Barbara Anderson,Corporate,South,North Carolina,Charlotte,Office Supplies,Art,43.78,2,0.0,16.68
ORD-2023115,2022-04-28,2022-04-29,First Class,CU-10754,David Taylor,Corporate,South,Tennessee,Nashville,Technology,Phones,818.26,1,0.0,237.87
ORD-2024483,2023-01-11,2023-01-18,Standard Class,CU-10605,John Martinez,Corporate,West,Washington,Seattle,Office Supplies,Labels,6.22,2,0.2,0.9
ORD-2022853,2024-11-18,2024-11-23,Standard Class,CU-10027,Laura Anderson,Corporate,South,Tennessee,Nashville,Technology,Copiers,1102.98,1,0.0,261.42
ORD-2024899,2023-05-23,2023-05-27,Second Class,CU-10636,Susan Johnson,Corporate,Central,Texas,Houston,Technology,Copiers,20961.43,5,0.2,467.44
ORD-2025903,2023-10-13,2023-10-20,Standard Class,CU-10418,Karen Martin,Home Office,West,California,San Francisco,Furniture,Furnishings,81.24,1,0.2,-20.15
ORD-2024435,2024-12-11,2024-12-16,Standard Class,CU-10765,Linda Smith,Corporate,East,Massachusetts,Boston,Technology,Accessories,18.41,1,0.3,-2.99
ORD-2026116,2023-11-24,2023-12-01,Standard Class,CU-10605,John Martinez,Consumer,South,Georgia,Atlanta,Furniture,Chairs,443.79,1,0.3,-154.38
ORD-2024258,2022-04-13,2022-04-20,Standard Class,CU-10445,Karen Moore,Home Office,East,Pennsylvania,Philadelphia,Office Supplies,Binders,76.09,2,0.1,14.77
ORD-2022053,2023-12-31,2024-01-02,First Class,CU-10224,Kevin Johnson,Consumer,East,New York,New York City,Office Supplies,Binders,74.52,3,0.15,14.16
ORD-2023493,2024-07-02,2024-07-06,Second Class,CU-10132,Nancy Miller,Corporate,East,New York,Buffalo,Technology,Phones,1241.07,5,0.15,77.78
ORD-2024705,2023-07-31,2023-08-03,Second Class,CU-10029,Laura Lopez,Consumer,East,New York,New York City,Office Supplies,Paper,35.94,2,0.0,13.91
ORD-2024434,2024-03-03,2024-03-10,Standard Class,CU-10190,James Martinez,Consumer,East,New York,Buffalo,Technology,Accessories,374.63,3,0.15,15.09
ORD-2026015,2023-11-01,2023-11-03,Second Class,CU-10583,Elizabeth Johnson,Corporate,East,New York,New York City,Office Supplies,Labels,74.02,6,0.0,22.96
ORD-2024177,2024-09-01,2024-09-04,Standard Class,CU-10323,Elizabeth Thomas,Consumer,West,Washington,Seattle,Office Supplies,Paper,73.11,5,0.0,18.79
ORD-2024194,2023-11-28,2023-12-04,Standard Class,CU-10516,Amy Hernandez,Home Office,Central,Michigan,Detroit,Technology,Phones,5616.85,6,0.0,1220.38
ORD-2025431,2023-11-06,2023-11-09,Standard Class,CU-10438,Laura Wilson,Corporate,West,California,Los Angeles,Technology,Copiers,7016.21,3,0.0,1054.02
ORD-2026065,2024-07-13,2024-07-15,First Class,CU-10779,Karen Thomas,Corporate,South,North Carolina,Charlotte,Office Supplies,Storage,239.58,2,0.1,54.47
ORD-2022619,2022-03-18,2022-03-22,Standard Class,CU-10258,David Johnson,Home Office,East,Massachusetts,Boston,Office Supplies,Supplies,114.56,3,0.3,5.58
ORD-2022995,2023-06-18,2023-06-20,Second Class,CU-10518,Barbara Wilson,Corporate,East,New York,New York City,Technology,Accessories,1196.91,4,0.1,85.43
ORD-2024908,2024-11-24,2024-11-26,Second Class,CU-10394,Sandra Anderson,Consumer,Central,Ohio,Columbus,Office Supplies,Paper,12.43,1,0.1,2.49
ORD-2025228,2023-12-23,2023-12-27,Standard Class,CU-10560,Karen Brown,Consumer,East,New York,Buffalo,Furniture,Furnishings,37.29,1,0.5,-28.07
ORD-2023601,2022-08-07,2022-08-13,Standard Class,CU-10006,Kevin Rodriguez,Corporate,East,Massachusetts,Boston,Office Supplies,Paper,22.61,1,0.0,6.93
ORD-2025522,2022-06-25,2022-07-02,Standard Class,CU-10282,Jason Martin,Consumer,East,Massachusetts,Boston,Technology,Accessories,587.18,2,0.0,138.93
ORD-2023212,2023-11-08,2023-11-10,First Class,CU-10419,Robert Rodriguez,Consumer,East,Pennsylvania,Philadelphia,Office Supplies,Paper,23.74,1,0.0,6.92
ORD-2026111,2024-09-05,2024-09-09,Standard Class,CU-10088,Mary Wilson,Home Office,Central,Texas,Houston,Technology,Accessories,31.6,3,0.15,3.96
ORD-2022167,2024-08-09,2024-08-14,Standard Class,CU-10834,David Davis,Consumer,Central,Ohio,Columbus,Office Supplies,Storage,249.22,1,0.2,40.06
ORD-2024001,2023-06-30,2023-07-05,Standard Class,CU-10587,Laura Rodriguez,Home Office,East,Massachusetts,Boston,Furniture,Chairs,229.63,1,0.4,-120.79
ORD-2025000,2024-09-06,2024-09-07,First Class,CU-10338,Steven Williams,Corporate,East,Massachusetts,Boston,Office Supplies,Binders,33.33,2,0.0,11.81
ORD-2025100,2024-12-09,2024-12-11,First Class,CU-10824,Michael Williams,Consumer,Central,Illinois,Chicago,Office Supplies,Fasteners,12.8,1,0.15,0.96
ORD-2026278,2022-12-10,2022-12-16,Standard Class,CU-10264,Patricia Rodriguez,Home Office,East,New York,Buffalo,Furniture,Furnishings,103.51,2,0.0,10.85
ORD-2026416,2023-10-18,2023-10-18,Same Day,CU-10495,Michael Jones,Corporate,South,Georgia,Atlanta,Office Supplies,Binders,4.37,1,0.15,0.79
ORD-2026260,2024-12-12,2024-12-19,Standard Class,CU-10029,Laura Lopez,Corporate,Central,Texas,Houston,Furniture,Furnishings,269.79,3,0.0,43.53
ORD-2024765,2024-12-05,2024-12-09,Standard Class,CU-10844,Steven Garcia,Corporate,East,New York,Buffalo,Office Supplies,Fasteners,1.13,1,0.15,0.17
ORD-2024828,2024-08-15,2024-08-18,Standard Class,CU-10454,Nancy Jones,Home Office,East,New York,Buffalo,Furniture,Bookcases,2861.46,8,0.0,629.62
ORD-2026133,2023-09-21,2023-09-25,Second Class,CU-10845,Elizabeth Johnson,Consumer,West,Washington,Seattle,Technology,Accessories,259.91,4,0.15,-0.24
ORD-2022515,2022-09-17,2022-09-21,Standard Class,CU-10774,David Davis,Home Office,West,California,Los Angeles,Office Supplies,Art,66.81,2,0.2,6.57
ORD-2026120,2024-12-08,2024-12-10,Second Class,CU-10007,Amy Brown,Consumer,East,New York,Buffalo,Office Supplies,Art,28.88,2,0.0,10.14
ORD-2024709,2023-12-20,2023-12-23,Second Class,CU-10621,Karen Miller,Home Office,Central,Illinois,Chicago,Office Supplies,Storage,273.66,3,0.15,42.6
ORD-2022356,2024-06-07,2024-06-07,Same Day,CU-10150,John Moore,Home Office,South,North Carolina,Charlotte,Office Supplies,Labels,8.15,5,0.0,2.98
ORD-2026372,2023-09-23,2023-09-24,First Class,CU-10599,Laura Jackson,Consumer,West,Washington,Seattle,Office Supplies,Art,69.34,3,0.2,10.74
ORD-2025745,2024-03-31,2024-04-03,Standard Class,CU-10489,Linda Williams,Corporate,East,Massachusetts,Boston,Office Supplies,Paper,117.66,5,0.2,4.92
ORD-2024710,2024-12-18,2024-12-21,Second Class,CU-10445,Karen Moore,Consumer,Central,Ohio,Columbus,Technology,Accessories,13.7,1,0.0,2.92
ORD-2025609,2022-11-07,2022-11-09,First Class,CU-10187,Linda Martinez,Corporate,East,New York,Buffalo,Technology,Machines,6563.16,4,0.0,1099.09
ORD-2022529,2022-12-21,2022-12-26,,CU-10300,Karen Rodriguez,Home Office,East,New York,New York City,Office Supplies,Paper,7.21,3,0.2,0.95
ORD-2025297,2023-09-08,2023-09-10,First Class,CU-10097,John Brown,Consumer,West,Washington,Seattle,Technology,Phones,2402.4,7,0.1,347.56
ORD-2022059,2022-07-02,2022-07-03,First Class,CU-10597,Jason Wilson,Corporate,South,North Carolina,Charlotte,Furniture,Bookcases,176.99,1,0.15,-21.13
ORD-2022948,2024-10-24,2024-10-28,Second Class,CU-10701,Sandra Brown,Home Office,East,Pennsylvania,Philadelphia,Furniture,Chairs,553.48,6,,-245.51
ORD-2025039,2023-12-17,2023-12-22,Standard Class,CU-10311,John Anderson,Home Office,East,Massachusetts,Boston,Office Supplies,Paper,140.09,7,0.0,50.45
ORD-2024972,2022-07-21,2022-07-22,First Class,CU-10319,Jason Lopez,Consumer,West,California,Los Angeles,Office Supplies,Art,38.79,2,0.0,8.86
ORD-2022281,2022-09-26,2022-09-30,Standard Class,CU-10758,Steven Rodriguez,Consumer,South,Florida,Miami,Office Supplies,Storage,1463.71,7,0.0,482.04
ORD-2023183,2022-09-20,2022-09-21,First Class,CU-10197,Patricia Martinez,Corporate,West,California,San Francisco,Furniture,Chairs,1109.22,3,0.1,-54.08
ORD-2023629,2023-05-09,2023-05-16,Standard Class,CU-10657,Susan Lopez,Consumer,South,Georgia,Atlanta,Technology,Accessories,165.83,2,0.3,-11.14
ORD-2024782,2023-12-18,2023-12-23,Standard Class,CU-10350,James Jones,Consumer,Central,Illinois,Chicago,Furniture,Bookcases,171.67,1,0.5,-145.21
ORD-2025719,2023-08-10,2023-08-12,,CU-10610,Michael Brown,Home Office,East,New York,New York City,Office Supplies,Binders,20.29,2,0.1,4.61
ORD-2025688,2023-12-07,2023-12-09,First Class,CU-10340,James Jackson,Home Office,West,Washington,Seattle,Technology,Machines,6400.45,5,0.0,1625.63
ORD-2025229,2023-08-22,2023-08-24,First Class,CU-10692,Ashley Williams,Home Office,West,Washington,Seattle,Office Supplies,Art,14.02,2,0.2,1.84
ORD-2025603,2022-11-04,2022-11-08,Standard Class,CU-10452,Nancy Jones,Corporate,South,Tennessee,Nashville,Furniture,Tables,1644.21,2,0.15,-228.28
ORD-2025244,2022-07-02,2022-07-05,Standard Class,CU-10059,Elizabeth Thomas,Consumer,Central,Michigan,Detroit,Technology,Machines,2639.78,2,0.1,370.87
ORD-2022451,2024-11-02,2024-11-08,Standard Class,CU-10329,Kevin Martin,Consumer,West,Washington,Seattle,Technology,Copiers,3721.92,3,0.0,880.22
ORD-2023326,2023-03-17,2023-03-17,Same Day,CU-10190,James Martinez,Consumer,Central,Ohio,Columbus,Office Supplies,Binders,6.15,1,0.0,2.22
ORD-2024732,2023-11-05,2023-11-08,Standard Class,CU-10248,Elizabeth Jackson,Corporate,Central,Texas,Houston,Office Supplies,Paper,39.12,5,,10.93
ORD-2023276,2022-10-08,2022-10-13,Standard Class,CU-10219,Michael Williams,Consumer,Central,Ohio,Columbus,Office Supplies,Paper,20.94,1,0.1,5.41
ORD-2023283,2023-12-16,2023-12-18,First Class,CU-10682,Karen Smith,Consumer,Central,Ohio,Columbus,Furniture,Bookcases,1226.11,2,0.4,-681.28
ORD-2026234,2022-04-25,2022-05-02,,CU-10766,Ashley Miller,Corporate,Central,Michigan,Detroit,Office Supplies,Storage,367.48,5,0.0,128.05
ORD-2026427,2022-08-05,2022-08-10,Standard Class,CU-10009,Robert Miller,Home Office,East,New York,Buffalo,Technology,Copiers,58089.71,28,0.2,-2044.93
ORD-2022805,2022-08-13,2022-08-16,Second Class,CU-10782,Laura Lee,Consumer,West,California,San Francisco,Office Supplies,Art,240.61,7,0.0,59.8
ORD-2026273,2024-10-11,2024-10-17,Standard Class,CU-10730,Laura Moore,Home Office,East,Pennsylvania,Philadelphia,Office Supplies,Binders,62.66,2,0.0,17.68
ORD-2023529,2022-12-03,2022-12-07,Standard Class,CU-10694,Robert Jackson,Corporate,South,North Carolina,Charlotte,Office Supplies,Storage,66.91,1,0.0,21.43
ORD-2024554,2022-12-09,2022-12-14,Standard Class,CU-10053,Barbara Anderson,Corporate,West,California,Los Angeles,Furniture,Tables,992.03,3,0.1,46.63
ORD-2025872,2022-06-27,2022-07-01,Standard Class,CU-10295,John Brown,Consumer,South,Georgia,Atlanta,Technology,Copiers,25707.61,7,0.1,3861.86
ORD-2025108,2022-10-01,2022-10-01,Same Day,CU-10435,Nancy Brown,Consumer,East,Pennsylvania,Philadelphia,Office Supplies,Fasteners,15.2,1,0.0,4.02
ORD-2022049,2022-08-07,2022-08-12,Standard Class,CU-10023,Jason Jackson,Corporate,South,North Carolina,Charlotte,Office Supplies,Storage,222.6,1,0.15,-3.44
ORD-2023570,2023-05-05,2023-05-07,First Class,CU-10574,Karen Lee,Consumer,West,Arizona,Phoenix,Office Supplies,Supplies,502.84,8,0.15,74.74
ORD-2024691,2023-03-28,2023-04-04,Standard Class,CU-10651,Robert Johnson,Consumer,West,California,San Francisco,Office Supplies,Art,131.92,5,0.1,29.49
ORD-2023558,2023-12-20,2023-12-27,Standard Class,CU-10325,Linda Rodriguez,Corporate,West,California,San Francisco,Technology,Copiers,8673.91,2,0.2,37.2
ORD-2025499,2024-10-02,2024-10-09,Standard Class,CU-10070,Susan Miller,Consumer,East,New York,Buffalo,Technology,Phones,265.68,2,0.15,2.86
ORD-2022801,2022-12-24,2022-12-26,First Class,CU-10277,Barbara Johnson,Consumer,East,Massachusetts,Boston,Office Supplies,Supplies,58.01,1,0.1,8.38
ORD-2025823,2022-03-04,2022-03-04,Same Day,CU-10126,Linda Moore,Corporate,West,California,Los Angeles,Office Supplies,Binders,45.02,1,0.0,11.61
ORD-2025395,2024-11-26,2024-11-30,Second Class,CU-10652,Laura Martinez,Consumer,West,Arizona,Phoenix,Office Supplies,Fasteners,50.87,6,0.0,15.34
ORD-2023310,2023-04-13,2023-04-20,Standard Class,CU-10631,Jason Brown,Consumer,West,California,Los Angeles,Furniture,Furnishings,514.35,4,0.1,-2.54
ORD-2025171,2024-01-12,2024-01-14,Second Class,CU-10550,Steven Jones,Consumer,East,New York,New York City,Office Supplies,Supplies,265.48,3,0.1,70.04
ORD-2022424,2023-12-03,2023-12-06,Second Class,CU-10638,Amy Jones,Home Office,West,California,San Francisco,Office Supplies,Supplies,119.59,1,0.0,37.09
ORD-2026332,2022-04-25,2022-04-29,Standard Class,CU-10748,Susan Williams,Home Office,South,North Carolina,Charlotte,Office Supplies,Paper,92.32,7,0.0,28.59
ORD-2022000,2024-06-21,2024-06-26,,CU-10547,Steven Moore,Consumer,East,Massachusetts,Boston,Technology,Accessories,602.25,3,0.3,-64.2
ORD-2025042,2024-06-08,2024-06-09,First Class,CU-10373,John Lopez,Consumer,East,New York,New York City,Office Supplies,Storage,184.0,2,0.1,56.48
ORD-2025774,2024-07-18,2024-07-23,Standard Class,CU-10161,Steven Martin,Home Office,Central,Illinois,Chicago,Office Supplies,Binders,26.88,1,0.2,1.86
ORD-2025862,2024-01-20,2024-01-24,Standard Class,CU-10599,Laura Jackson,Consumer,Central,Illinois,Chicago,Office Supplies,Art,12.32,3,0.0,3.05
ORD-2022976,2023-07-27,2023-07-31,Second Class,CU-10019,Laura Jones,Corporate,South,Georgia,Atlanta,Office Supplies,Storage,208.91,4,0.2,24.16
ORD-2024034,2022-06-11,2022-06-15,Standard Class,CU-10497,Laura Martinez,Corporate,Central,Michigan,Detroit,Technology,Copiers,3695.06,1,0.0,897.04
ORD-2023269,2023-09-04,2023-09-11,Standard Class,CU-10798,Michael Garcia,Corporate,East,New York,New York City,Furniture,Chairs,2193.29,4,0.2,-532.52
ORD-2022176,2023-06-14,2023-06-17,Standard Class,CU-10747,David Jones,Corporate,South,Florida,Miami,Technology,Copiers,24111.62,8,0.15,-614.09
ORD-2025983,2022-11-12,2022-11-15,Standard Class,CU-10620,Sandra Wilson,Consumer,East,New York,Buffalo,Furniture,Chairs,343.87,1,0.0,46.55
ORD-2024960,2024-07-25,2024-08-01,Standard Class,CU-10002,Kevin Wilson,Consumer,East,New York,Buffalo,Technology,Copiers,1047.61,1,0.0,317.25
ORD-2022512,2022-04-08,2022-04-10,First Class,CU-10747,David Jones,Home Office,East,New York,New York City,Office Supplies,Art,170.94,5,0.0,52.77
ORD-2024584,2022-01-08,2022-01-11,Standard Class,CU-10585,Mary Rodriguez,Corporate,South,North Carolina,Charlotte,Technology,Copiers,11221.73,5,0.1,1006.29
ORD-2023286,2023-04-12,2023-04-19,Standard Class,CU-10683,John Anderson,Home Office,West,California,San Francisco,Office Supplies,Supplies,5.84,1,0.3,0.21
ORD-2023462,2022-09-27,2022-09-30,Standard Class,CU-10306,Mary Rodriguez,Consumer,Central,Illinois,Chicago,Office Supplies,Supplies,559.5,5,0.15,108.81
ORD-2024409,2024-11-29,2024-12-04,Standard Class,CU-10025,James Lopez,Consumer,East,New York,New York City,Technology,Phones,3227.79,5,0.3,-475.48
ORD-2023812,2024-05-07,2024-05-08,First Class,CU-10669,Amy Miller,Consumer,West,Washington,Seattle,Technology,Accessories,102.61,1,0.15,8.03
ORD-2023139,2024-01-13,2024-01-19,Standard Class,CU-10554,Susan Moore,Corporate,West,Arizona,Phoenix,Furniture,Chairs,575.36,2,,-48.61
ORD-2023855,2024-12-31,2025-01-03,Second Class,CU-10060,Nancy Lee,Home Office,Central,Michigan,Detroit,Technology,Phones,4647.25,6,,1093.91
ORD-2025225,2024-08-09,2024-08-09,Same Day,CU-10304,Barbara Moore,Consumer,South,Georgia,Atlanta,Technology,Copiers,1058.49,3,0.15,125.76
ORD-2024384,2022-03-27,2022-04-01,Standard Class,CU-10035,Robert Johnson,Corporate,West,Washington,Seattle,Office Supplies,Binders,44.95,2,,11.64
ORD-2022766,2022-10-03,2022-10-07,Standard Class,CU-10515,Mary Garcia,Consumer,Central,Illinois,Chicago,Office Supplies,Fasteners,17.37,1,0.1,2.38
ORD-2023348,2023-05-20,2023-05-24,Second Class,CU-10823,Elizabeth Smith,Home Office,South,Florida,Miami,Office Supplies,Binders,132.69,4,0.0,40.81
ORD-2024482,2022-06-19,2022-06-23,Standard Class,CU-10587,Laura Rodriguez,Consumer,West,Arizona,Phoenix,Office Supplies,Supplies,388.21,5,0.15,58.79
ORD-2025316,2024-04-30,2024-05-06,Standard Class,CU-10368,John Rodriguez,Corporate,West,Arizona,Phoenix,Office Supplies,Labels,33.71,7,0.0,8.78
ORD-2023054,2022-12-08,2022-12-12,Second Class,CU-10758,Steven Rodriguez,Corporate,West,Arizona,Phoenix,Office Supplies,Art,98.99,4,0.0,33.02
ORD-2023317,2022-02-24,2022-02-24,Same Day,CU-10416,Elizabeth Thomas,Home Office,East,Pennsylvania,Philadelphia,Furniture,Bookcases,3270.48,6,0.1,-194.09
ORD-2025746,2022-11-20,2022-11-21,First Class,CU-10262,Barbara Martin,Corporate,West,California,San Francisco,Office Supplies,Labels,66.85,6,0.0,24.31
ORD-2025857,2023-06-17,2023-06-20,Second Class,CU-10174,James Anderson,Consumer,East,New York,Buffalo,Office Supplies,Art,50.68,2,,18.03
ORD-2024578,2022-07-13,2022-07-16,Standard Class,CU-10109,Robert Lee,Corporate,Central,Texas,Houston,Office Supplies,Art,187.46,6,0.15,29.51
ORD-2024455,2023-10-21,2023-10-26,Standard Class,CU-10687,Ashley Hernandez,Consumer,South,Florida,Miami,Office Supplies,Art,36.04,1,0.0,10.94
ORD-2023262,2022-12-27,2022-12-29,First Class,CU-10435,Nancy Brown,Consumer,East,New York,Buffalo,Office Supplies,Binders,69.78,2,0.0,22.42
ORD-2024356,2023-08-30,2023-09-01,First Class,CU-10688,Barbara Jackson,Consumer,West,California,San Francisco,Office Supplies,Binders,152.51,7,0.1,38.86
ORD-2024344,2024-04-10,2024-04-12,First Class,CU-10108,Ashley Williams,Corporate,East,Pennsylvania,Philadelphia,Office Supplies,Paper,2.18,1,0.0,0.71
ORD-2022532,2023-04-07,2023-04-14,Standard Class,CU-10065,Karen Anderson,Corporate,East,New York,New York City,Office Supplies,Storage,53.21,1,0.2,5.45
ORD-2025936,2023-01-20,2023-01-24,Standard Class,CU-10623,Linda Lopez,Corporate,West,Washington,Seattle,Technology,Machines,1591.52,2,0.15,-26.33
ORD-2026033,2023-10-30,2023-11-02,Standard Class,CU-10723,David Williams,Consumer,West,Washington,Seattle,Furniture,Furnishings,52.26,1,0.4,-30.64
ORD-2022380,2023-11-04,2023-11-11,Standard Class,CU-10593,Barbara Davis,Corporate,East,Pennsylvania,Philadelphia,Office Supplies,Paper,32.3,8,0.3,0.82
ORD-2023866,2024-11-29,2024-12-02,Second Class,CU-10222,Ashley Garcia,Corporate,Central,Michigan,Detroit,Office Supplies,Storage,48.0,1,0.0,14.47
ORD-2026057,2024-12-09,2024-12-15,Standard Class,CU-10618,Jason Johnson,Corporate,East,New York,Buffalo,Office Supplies,Labels,10.12,2,0.15,1.57
ORD-2024681,2024-10-01,2024-10-04,Second Class,CU-10258,David Johnson,Consumer,Central,Michigan,Detroit,Furniture,Chairs,466.87,1,0.4,-243.4
ORD-2025571,2022-08-08,2022-08-10,First Class,CU-10828,Kevin Rodriguez,Consumer,West,Arizona,Phoenix,Office Supplies,Art,84.97,3,0.1,21.31
ORD-2025910,2023-09-22,2023-09-23,First Class,CU-10304,Barbara Moore,Consumer,South,Tennessee,Nashville,Office Supplies,Labels,17.02,4,0.0,5.3
ORD-2025860,2023-08-03,2023-08-08,Standard Class,CU-10294,Susan Miller,Consumer,East,New York,New York City,Technology,Machines,2433.39,3,0.0,658.02
ORD-2024526,2024-11-18,2024-11-24,Standard Class,CU-10131,Patricia Rodriguez,Consumer,East,New York,New York City,Furniture,Bookcases,142.27,1,0.0,43.7
ORD-2026468,2024-12-28,2025-01-03,Standard Class,CU-10812,Laura Miller,Consumer,South,North Carolina,Charlotte,Office Supplies,Supplies,265.79,5,0.15,53.06
ORD-2024388,2024-05-15,2024-05-19,Standard Class,CU-10184,Kevin Lee,Home Office,West,California,Los Angeles,Technology,Accessories,91.72,5,0.0,16.1
ORD-2026285,2022-08-31,2022-09-06,Standard Class,CU-10561,Ashley Brown,Consumer,South,Georgia,Atlanta,Office Supplies,Fasteners,92.95,7,0.2,11.56
ORD-2022419,2024-11-17,2024-11-19,Second Class,CU-10603,Amy Wilson,Consumer,South,North Carolina,Charlotte,Office Supplies,Labels,10.55,3,0.15,2.59
ORD-2022625,2023-05-11,2023-05-16,Standard Class,CU-10593,Barbara Davis,Home Office,South,Tennessee,Nashville,Office Supplies,Fasteners,62.17,4,0.0,20.38
ORD-2024087,2023-02-02,2023-02-08,Standard Class,CU-10395,John Martinez,Consumer,West,Arizona,Phoenix,Office Supplies,Art,76.56,4,0.0,31.25
ORD-2023480,2023-05-25,2023-05-29,Second Class,CU-10392,Barbara Rodriguez,Consumer,West,California,San Francisco,Technology,Copiers,5098.24,5,0.0,1314.36
ORD-2023059,2024-03-09,2024-03-12,Standard Class,CU-10225,Kevin Miller,Consumer,Central,Michigan,Detroit,Office Supplies,Fasteners,23.42,3,0.0,7.8
ORD-2023970,2022-12-21,2022-12-26,Standard Class,CU-10573,Jason Hernandez,Consumer,West,Washington,Seattle,Office Supplies,Binders,48.08,1,0.15,11.48
ORD-2022080,2023-12-31,2024-01-02,Second Class,CU-10031,Nancy Miller,Corporate,South,Florida,Miami,Technology,Copiers,1778.75,1,0.1,258.94
ORD-2022073,2022-11-11,2022-11-18,Standard Class,CU-10554,Susan Moore,Consumer,East,New York,Buffalo,Furniture,Bookcases,106.75,1,0.4,-67.14
ORD-2025906,2024-08-16,2024-08-19,Standard Class,CU-10492,Linda Thomas,Consumer,Central,Illinois,Chicago,Office Supplies,Supplies,141.28,2,0.1,20.6
ORD-2024604,2022-03-05,2022-03-07,Second Class,CU-10018,Nancy Taylor,Consumer,East,New York,New York City,Office Supplies,Storage,264.93,3,0.0,80.83
ORD-2024880,2022-09-06,2022-09-09,Second Class,CU-10615,James Martin,Corporate,South,Florida,Miami,Technology,Copiers,3839.58,1,0.1,353.15
ORD-2023252,2022-07-03,2022-07-09,Standard Class,CU-10308,Barbara Rodriguez,Home Office,Central,Ohio,Columbus,Office Supplies,Art,60.06,5,0.1,12.73
ORD-2025868,2023-12-09,2023-12-09,Same Day,CU-10207,Susan Rodriguez,Corporate,West,California,Los Angeles,Office Supplies,Binders,36.72,1,0.0,10.25
ORD-2025027,2024-10-08,2024-10-12,,CU-10771,Sandra Jackson,Corporate,East,New York,New York City,Technology,Copiers,1675.03,1,0.0,484.61
ORD-2025577,2022-11-24,2022-11-27,Second Class,CU-10377,Karen Anderson,Consumer,West,Washington,Seattle,Office Supplies,Art,24.15,2,0.1,4.12
ORD-2025523,2023-03-28,2023-03-30,First Class,CU-10669,Amy Miller,Consumer,Central,Michigan,Detroit,Office Supplies,Labels,7.99,4,0.15,1.21
ORD-2023894,2022-12-23,2022-12-25,Second Class,CU-10376,Kevin Jones,Home Office,South,Georgia,Atlanta,Technology,Copiers,2810.58,1,0.1,464.99
ORD-2025468,2022-12-21,2022-12-23,First Class,CU-10030,Sandra Taylor,Consumer,East,New York,Buffalo,Technology,Accessories,1004.09,6,0.0,268.96
ORD-2024589,2023-04-28,2023-05-04,Standard Class,CU-10573,Jason Hernandez,Consumer,West,California,San Francisco,Office Supplies,Paper,8.45,2,0.15,1.02
ORD-2023864,2023-12-18,2023-12-19,First Class,CU-10785,Kevin Williams,Home Office,West,Arizona,Phoenix,Furniture,Furnishings,122.38,1,0.1,0.23
ORD-2023461,2023-10-24,2023-10-28,Standard Class,CU-10084,Sandra Anderson,Corporate,Central,Texas,Houston,Office Supplies,Fasteners,63.35,4,0.2,5.34
ORD-2022507,2024-09-15,2024-09-15,Same Day,CU-10696,Sandra Rodriguez,Home Office,East,New York,Buffalo,Office Supplies,Fasteners,55.37,3,0.2,1.51
ORD-2023181,2022-07-08,2022-07-12,Standard Class,CU-10295,John Brown,Home Office,East,Pennsylvania,Philadelphia,Furniture,Tables,846.27,1,0.2,-179.41
ORD-2026080,2023-03-11,2023-03-11,Same Day,CU-10349,Ashley Taylor,Home Office,East,New York,Buffalo,Office Supplies,Storage,209.6,2,0.0,62.33
ORD-2022488,2023-11-14,2023-11-17,Standard Class,CU-10613,Michael Martin,Consumer,West,Arizona,Phoenix,Technology,Phones,652.01,1,0.15,85.69
ORD-2023124,2023-05-28,2023-06-03,Standard Class,CU-10141,Robert Smith,Corporate,East,New York,New York City,Technology,Accessories,2244.67,8,0.0,385.89
ORD-2026176,2023-12-05,2023-12-10,Standard Class,CU-10185,Michael Miller,Consumer,East,Massachusetts,Boston,Office Supplies,Storage,550.81,4,0.0,169.36
ORD-2023541,2022-11-15,2022-11-21,Standard Class,CU-10273,James Rodriguez,Corporate,South,Tennessee,Nashville,Office Supplies,Storage,98.17,3,,-13.23
ORD-2022388,2022-07-07,2022-07-11,Standard Class,CU-10020,Ashley Johnson,Consumer,South,Florida,Miami,Office Supplies,Fasteners,55.0,7,0.1,9.94
ORD-2025697,2022-03-27,2022-04-03,Standard Class,CU-10008,Elizabeth Taylor,Home Office,Central,Illinois,Chicago,Office Supplies,Art,56.39,3,0.15,14.12
ORD-2025105,2024-01-20,2024-01-25,Standard Class,CU-10161,Steven Martin,Consumer,West,California,Los Angeles,Office Supplies,Art,37.43,2,0.0,11.04
ORD-2024211,2023-07-13,2023-07-16,Second Class,CU-10108,Ashley Williams,Consumer,Central,Illinois,Chicago,Technology,Copiers,10108.94,5,0.15,747.69
ORD-2023290,2023-07-22,2023-07-22,Same Day,CU-10813,Linda Wilson,Corporate,West,California,Los Angeles,Technology,Machines,1854.79,5,0.0,307.05
ORD-2024510,2023-07-23,2023-07-25,First Class,CU-10249,Jason Williams,Corporate,West,Washington,Seattle,Office Supplies,Labels,55.58,8,0.0,10.43
ORD-2024450,2023-12-27,2023-12-31,Standard Class,CU-10374,Ashley Hernandez,Home Office,East,New York,New York City,Furniture,Chairs,526.54,1,0.1,-14.47
ORD-2022861,2024-04-21,2024-04-27,Standard Class,CU-10178,Ashley Johnson,Corporate,East,New York,Buffalo,Office Supplies,Paper,14.12,1,,5.1
ORD-2026306,2023-11-04,2023-11-09,Standard Class,CU-10400,Ashley Martinez,Consumer,South,Tennessee,Nashville,Furniture,Chairs,3708.52,7,0.0,459.34
ORD-2024552,2023-12-21,2023-12-25,Standard Class,CU-10128,Barbara Brown,Corporate,East,Pennsylvania,Philadelphia,Furniture,Furnishings,271.04,3,0.4,-148.71
ORD-2025797,2024-06-27,2024-07-03,Standard Class,CU-10249,Jason Williams,Corporate,East,Pennsylvania,Philadelphia,Office Supplies,Storage,1753.71,8,0.2,96.3
ORD-2024331,2023-03-22,2023-03-24,Second Class,CU-10030,Sandra Taylor,Home Office,South,Georgia,Atlanta,Technology,Phones,279.83,3,0.2,2.01
ORD-2022815,2024-11-10,2024-11-13,Standard Class,CU-10510,John Jones,Home Office,East,Pennsylvania,Philadelphia,Office Supplies,Binders,6.49,1,,1.74
ORD-2023086,2024-06-08,2024-06-08,Same Day,CU-10231,David Martin,Corporate,West,Arizona,Phoenix,Office Supplies,Storage,191.53,1,0.0,81.14
ORD-2024920,2024-12-31,2025-01-06,Standard Class,CU-10066,Laura Taylor,Consumer,Central,Michigan,Detroit,Office Supplies,Art,7.76,2,0.15,1.73
ORD-2024638,2024-08-30,2024-09-04,Standard Class,CU-10436,Kevin Davis,Consumer,West,Washington,Seattle,Office Supplies,Supplies,490.83,5,0.3,0.19
ORD-2025145,2023-12-19,2023-12-21,Second Class,CU-10492,Linda Thomas,Home Office,West,California,San Francisco,Technology,Machines,4321.49,2,0.0,1226.34
ORD-2023576,2024-07-18,2024-07-21,Second Class,CU-10226,Ashley Moore,Corporate,Central,Illinois,Chicago,Furniture,Tables,6888.95,8,0.0,1280.66
ORD-2024112,2022-09-22,2022-09-29,Standard Class,CU-10160,Linda Anderson,Consumer,West,California,Los Angeles,Technology,Copiers,3247.41,6,0.0,621.34
ORD-2026398,2022-09-01,2022-09-06,Standard Class,CU-10163,Patricia Johnson,Consumer,West,Washington,Seattle,Furniture,Bookcases,1978.99,4,0.5,-1455.37
ORD-2022611,2023-12-26,2024-01-01,Standard Class,CU-10248,Elizabeth Jackson,Corporate,West,Washington,Seattle,Office Supplies,Binders,213.59,4,0.1,47.1
ORD-2023279,2023-11-24,2023-11-27,Standard Class,CU-10215,Mary Brown,Consumer,East,New York,New York City,Office Supplies,Paper,6.93,1,0.0,1.95
ORD-2022604,2024-12-14,2024-12-19,Standard Class,CU-10045,Susan Garcia,Home Office,West,California,Los Angeles,Office Supplies,Art,146.01,4,0.1,41.71
ORD-2025179,2023-09-18,2023-09-22,Standard Class,CU-10770,Barbara Lee,Corporate,West,Washington,Seattle,Technology,Machines,4964.72,4,0.15,453.76
ORD-2024777,2023-09-25,2023-09-28,Standard Class,CU-10470,Karen Wilson,Consumer,West,Washington,Seattle,Technology,Copiers,21241.12,6,0.1,1722.45
ORD-2024222,2023-05-17,2023-05-21,Standard Class,CU-10469,Nancy Wilson,Home Office,East,Pennsylvania,Philadelphia,Technology,Phones,984.08,1,0.3,-194.01
ORD-2022352,2023-11-10,2023-11-14,Second Class,CU-10816,Susan Smith,Consumer,West,California,Los Angeles,Office Supplies,Fasteners,48.18,3,0.2,9.95
ORD-2022323,2023-10-18,2023-10-25,Standard Class,CU-10635,Laura Hernandez,Corporate,West,California,San Francisco,Office Supplies,Supplies,187.75,3,0.0,55.61
ORD-2026186,2022-06-17,2022-06-21,Standard Class,CU-10421,Sandra Brown,Corporate,West,Washington,Seattle,Office Supplies,Art,18.36,2,0.0,5.49
ORD-2025617,2022-09-03,2022-09-05,First Class,CU-10540,Robert Jones,Consumer,West,Arizona,Phoenix,Office Supplies,Paper,20.23,3,0.15,2.44
ORD-2026388,2024-04-05,2024-04-10,Standard Class,CU-10533,Kevin Hernandez,Corporate,West,California,Los Angeles,Office Supplies,Storage,91.63,1,0.1,12.08
ORD-2023655,2023-04-27,2023-04-30,Standard Class,CU-10558,Laura Wilson,Consumer,East,New York,Buffalo,Office Supplies,Storage,128.63,1,0.1,32.95
ORD-2024198,2022-11-25,2022-11-28,Standard Class,CU-10385,Robert Moore,Consumer,East,New York,New York City,Office Supplies,Fasteners,57.61,3,0.3,3.76
ORD-2024082,2024-01-29,2024-02-04,Standard Class,CU-10725,Kevin Rodriguez,Corporate,West,Washington,Seattle,Office Supplies,Supplies,196.36,3,0.3,-8.81
ORD-2025134,2024-04-07,2024-04-11,Standard Class,CU-10137,Mary Anderson,Corporate,Central,Illinois,Chicago,Office Supplies,Supplies,451.2,4,0.1,59.11
ORD-2023405,2022-12-09,2022-12-15,Standard Class,CU-10420,Laura Davis,Consumer,South,Georgia,Atlanta,Office Supplies,Art,62.25,5,0.15,16.42
ORD-2025714,2024-09-30,2024-10-03,Standard Class,CU-10054,Michael Garcia,Home Office,East,Massachusetts,Boston,Furniture,Bookcases,1193.65,5,0.15,-190.15
ORD-2023699,2024-04-07,2024-04-11,Second Class,CU-10189,Kevin Thomas,Consumer,Central,Texas,Houston,Furniture,Bookcases,1611.34,3,0.15,-286.47
ORD-2023705,2024-12-25,2024-12-25,Same Day,CU-10204,Linda Williams,Corporate,South,Tennessee,Nashville,Furniture,Chairs,285.84,1,0.3,-112.75
ORD-2024913,2024-01-15,2024-01-15,Same Day,CU-10283,John Lopez,Corporate,East,Pennsylvania,Philadelphia,Office Supplies,Art,8.17,1,0.1,1.94
ORD-2024067,2024-12-18,2024-12-22,Standard Class,CU-10482,Sandra Miller,Consumer,Central,Illinois,Chicago,Technology,Accessories,145.76,3,0.0,37.4
ORD-2022622,2024-12-25,2024-12-29,Second Class,CU-10422,Ashley Garcia,Consumer,Central,Michigan,Detroit,Technology,Accessories,387.35,2,,90.24
ORD-2024992,2022-12-20,2022-12-23,Standard Class,CU-10688,Barbara Jackson,Consumer,East,New York,Buffalo,Office Supplies,Fasteners,71.8,4,0.0,20.32
ORD-2025470,2023-06-20,2023-06-24,Standard Class,CU-10081,Sandra Taylor,Home Office,Central,Michigan,Detroit,Office Supplies,Fasteners,5.42,2,0.1,1.33
ORD-2025403,2024-11-15,2024-11-19,Second Class,CU-10622,Robert Rodriguez,Consumer,East,Massachusetts,Boston,Office Supplies,Paper,64.79,4,0.0,18.32
ORD-2025831,2023-12-10,2023-12-15,Standard Class,CU-10307,Ashley Lopez,Corporate,East,Massachusetts,Boston,Technology,Copiers,17461.83,4,0.2,1226.39
ORD-2023831,2024-12-13,2024-12-19,Standard Class,CU-10176,James Williams,Home Office,West,California,Los Angeles,Furniture,Tables,3050.68,3,0.2,-541.41
ORD-2023274,2022-07-21,2022-07-26,Standard Class,CU-10394,Sandra Anderson,Consumer,West,Washington,Seattle,Office Supplies,Supplies,57.62,6,0.1,13.57
ORD-2024207,2023-06-24,2023-06-29,Standard Class,CU-10737,Elizabeth Williams,Home Office,Central,Illinois,Chicago,Furniture,Chairs,1694.37,4,0.4,-822.7
ORD-2022163,2022-03-13,2022-03-13,Same Day,CU-10140,Susan Jones,Home Office,Central,Michigan,Detroit,Office Supplies,Paper,151.19,8,0.1,35.77
ORD-2023753,2024-08-14,2024-08-18,Standard Class,CU-10721,Michael Lopez,Consumer,East,New York,Buffalo,Office Supplies,Supplies,40.17,4,0.0,11.69
ORD-2024047,2023-10-31,2023-11-03,Standard Class,CU-10357,Sandra Wilson,Consumer,South,Georgia,Atlanta,Office Supplies,Art,144.57,6,0.0,52.92
ORD-2025230,2023-06-20,2023-06-20,Same Day,CU-10476,Mary Martinez,Consumer,East,New York,New York City,Technology,Copiers,13383.86,7,0.1,1207.26
ORD-2024870,2023-12-10,2023-12-13,Second Class,CU-10182,Michael Taylor,Home Office,East,New York,Buffalo,Office Supplies,Storage,318.58,2,0.0,118.3
ORD-2024246,2022-11-27,2022-11-30,Second Class,CU-10609,Sandra Moore,Consumer,East,New York,New York City,Office Supplies,Paper,25.15,2,0.15,3.04
ORD-2025704,2022-04-16,2022-04-22,Standard Class,CU-10706,Laura Johnson,Home Office,East,Massachusetts,Boston,Technology,Machines,1899.85,1,0.0,419.77
ORD-2022408,2022-06-20,2022-06-25,Standard Class,CU-10080,Sandra Anderson,Consumer,Central,Ohio,Columbus,Office Supplies,Fasteners,16.81,2,0.0,5.3
ORD-2022142,2024-12-02,2024-12-05,Standard Class,CU-10262,Barbara Martin,Consumer,East,Pennsylvania,Philadelphia,Technology,Copiers,35319.85,30,0.0,8684.98
ORD-2022022,2024-12-17,2024-12-21,Standard Class,CU-10762,David Brown,Consumer,East,New York,New York City,Office Supplies,Labels,26.93,3,0.2,3.35
ORD-2024252,2023-03-25,2023-03-30,Standard Class,CU-10030,Sandra Taylor,Consumer,East,Pennsylvania,Philadelphia,Furniture,Chairs,983.25,2,0.4,-574.08
ORD-2023770,2023-11-19,2023-11-22,Second Class,CU-10500,Michael Jones,Home Office,South,Florida,Miami,Technology,Accessories,505.21,2,0.0,150.25
ORD-2023005,2023-04-14,2023-04-20,Standard Class,CU-10768,Robert Martin,Corporate,West,Washington,Seattle,Office Supplies,Supplies,39.16,2,0.0,12.51
ORD-2022641,2024-07-30,2024-08-02,Standard Class,CU-10009,Robert Miller,Consumer,West,Washington,Seattle,Technology,Phones,6967.14,6,0.0,1707.95
ORD-2025590,2024-08-03,2024-08-05,First Class,CU-10142,James Martinez,Consumer,West,Arizona,Phoenix,Office Supplies,Supplies,104.46,1,0.1,19.9
ORD-2024654,2023-07-09,2023-07-13,Standard Class,CU-10629,Susan Lee,Corporate,East,New York,New York City,Office Supplies,Fasteners,8.22,1,,1.88
ORD-2023343,2023-11-10,2023-11-11,First Class,CU-10339,Steven Brown,Consumer,East,Pennsylvania,Philadelphia,Furniture,Furnishings,124.46,1,0.3,-49.36
ORD-2022384,2023-03-21,2023-03-26,Standard Class,CU-10082,Jason Moore,Corporate,East,New York,New York City,Furniture,Furnishings,627.31,5,0.4,-340.58
ORD-2022888,2022-09-07,2022-09-10,Standard Class,CU-10090,Amy Jones,Consumer,South,Florida,Miami,Office Supplies,Labels,17.99,4,0.0,6.75
ORD-2025691,2023-11-30,2023-12-01,First Class,CU-10261,Amy Hernandez,Consumer,West,California,Los Angeles,Office Supplies,Art,38.99,1,0.15,6.3
ORD-2023085,2024-05-10,2024-05-17,Standard Class,CU-10772,Karen Moore,Corporate,South,Tennessee,Nashville,Office Supplies,Binders,109.71,2,0.3,-4.29
ORD-2026067,2024-02-29,2024-03-06,Standard Class,CU-10164,David Lopez,Consumer,West,California,Los Angeles,Furniture,Bookcases,1320.91,2,0.2,-268.63
ORD-2022531,2024-03-15,2024-03-22,Standard Class,CU-10657,Susan Lopez,Corporate,Central,Michigan,Detroit,Furniture,Furnishings,34.97,1,0.0,6.37
ORD-2025644,2022-04-03,2022-04-05,Second Class,CU-10810,Elizabeth Rodriguez,Consumer,East,New York,Buffalo,Technology,Phones,3845.54,6,0.4,-750.71
ORD-2023853,2024-05-26,2024-06-02,Standard Class,CU-10680,David Anderson,Home Office,West,California,San Francisco,Furniture,Furnishings,230.75,5,0.1,-13.01
ORD-2023935,2022-06-15,2022-06-22,Standard Class,CU-10559,Susan Johnson,Corporate,East,New York,Buffalo,Office Supplies,Fasteners,9.26,1,0.15,2.06
ORD-2024447,2023-04-30,2023-05-04,Standard Class,CU-10827,Linda Martin,Corporate,East,Pennsylvania,Philadelphia,Technology,Copiers,20171.26,6,0.0,5351.72
ORD-2023075,2022-12-26,2022-12-31,Standard Class,CU-10130,Elizabeth Garcia,Home Office,South,Florida,Miami,Office Supplies,Labels,39.45,3,0.0,13.03
ORD-2026439,2022-12-16,2022-12-21,Standard Class,CU-10018,Nancy Taylor,Corporate,West,Washington,Seattle,Office Supplies,Fasteners,116.21,7,0.1,25.98
ORD-2024688,2022-11-23,2022-11-29,,CU-10822,Amy Jackson,Corporate,South,Tennessee,Nashville,Office Supplies,Labels,12.99,1,0.15,2.44
ORD-2025560,2024-03-23,2024-03-25,First Class,CU-10238,Michael Williams,Corporate,South,Georgia,Atlanta,Technology,Machines,2119.93,3,0.0,544.15
ORD-2023932,2024-06-25,2024-06-28,Second Class,CU-10573,Jason Hernandez,Home Office,Central,Texas,Houston,Furniture,Tables,8199.67,7,0.1,2.72
ORD-2024767,2024-01-19,2024-01-24,Standard Class,CU-10009,Robert Miller,Corporate,East,Massachusetts,Boston,Office Supplies,Supplies,185.75,4,0.15,26.82
ORD-2023671,2023-12-09,2023-12-10,First Class,CU-10232,Robert Miller,Consumer,West,California,San Francisco,Furniture,Bookcases,1733.4,3,0.1,48.1
ORD-2024438,2023-06-17,2023-06-20,Second Class,CU-10568,Elizabeth Garcia,Consumer,Central,Illinois,Chicago,Furniture,Bookcases,3389.61,5,0.2,-804.98
ORD-2024983,2023-12-03,2023-12-07,Standard Class,CU-10795,Laura Lopez,Consumer,East,Pennsylvania,Philadelphia,Furniture,Tables,685.13,3,0.1,-15.38
ORD-2024109,2022-09-07,2022-09-13,Standard Class,CU-10576,Elizabeth Martinez,Home Office,East,New York,Buffalo,Furniture,Tables,1985.7,2,0.3,-611.77
ORD-2024186,2024-08-24,2024-08-27,Standard Class,CU-10240,Karen Jones,Home Office,Central,Ohio,Columbus,Office Supplies,Fasteners,20.99,3,0.3,-1.64
ORD-2023148,2023-09-02,2023-09-04,First Class,CU-10774,David Davis,Consumer,South,North Carolina,Charlotte,Office Supplies,Supplies,207.48,2,0.0,55.83
ORD-2022786,2024-08-16,2024-08-20,Standard Class,CU-10697,Linda Miller,Consumer,East,Massachusetts,Boston,Office Supplies,Paper,61.52,5,0.3,0.8
ORD-2023585,2024-12-02,2024-12-09,Standard Class,CU-10401,Nancy Garcia,Home Office,Central,Illinois,Chicago,Technology,Phones,3664.19,6,0.15,99.12
ORD-2022266,2022-12-08,2022-12-12,Second Class,CU-10390,Michael Jones,Consumer,East,Pennsylvania,Philadelphia,Office Supplies,Binders,8.13,1,0.0,2.44
ORD-2026389,2023-11-20,2023-11-23,Standard Class,CU-10159,Barbara Brown,Consumer,Central,Texas,Houston,Office Supplies,Paper,2.03,1,0.3,0.09
ORD-2025934,2023-09-08,2023-09-11,Standard Class,CU-10153,Sandra Williams,Consumer,East,Massachusetts,Boston,Technology,Accessories,75.69,1,0.0,12.11
ORD-2026028,2023-08-17,2023-08-21,Standard Class,CU-10322,Barbara Anderson,Corporate,Central,Texas,Houston,Technology,Phones,6333.68,6,0.1,517.44
ORD-2022952,2022-11-17,2022-11-17,Same Day,CU-10297,David Martinez,Consumer,West,Washington,Seattle,Office Supplies,Supplies,54.32,1,0.2,9.32
ORD-2024160,2023-07-02,2023-07-05,Standard Class,CU-10383,Elizabeth Miller,Consumer,Central,Illinois,Chicago,Office Supplies,Supplies,18.31,2,0.1,2.65
ORD-2025166,2022-06-05,2022-06-09,Second Class,CU-10626,Nancy Rodriguez,Home Office,Central,Ohio,Columbus,Office Supplies,Art,99.88,5,0.2,10.41
ORD-2026429,2022-03-02,2022-03-09,Standard Class,CU-10222,Ashley Garcia,Consumer,South,Tennessee,Nashville,Office Supplies,Storage,281.37,5,0.0,115.06
ORD-2024699,2024-10-20,2024-10-22,First Class,CU-10522,Susan Jackson,Corporate,South,North Carolina,Charlotte,Office Supplies,Labels,5.59,1,0.15,0.56
ORD-2023574,2022-06-23,2022-06-26,Second Class,CU-10445,Karen Moore,Consumer,Central,Ohio,Columbus,Office Supplies,Art,31.68,4,0.15,5.87
ORD-2025772,2024-01-30,2024-02-01,First Class,CU-10323,Elizabeth Thomas,Home Office,West,Arizona,Phoenix,Technology,Machines,4402.1,2,0.1,352.81
ORD-2023955,2024-12-17,2024-12-22,Standard Class,CU-10592,Steven Miller,Consumer,Central,Texas,Houston,Technology,Copiers,7905.94,2,0.2,-255.64
ORD-2025543,2022-11-07,2022-11-12,Standard Class,CU-10130,Elizabeth Garcia,Consumer,West,Arizona,Phoenix,Technology,Machines,322.59,1,0.1,47.29
ORD-2024176,2023-05-13,2023-05-19,Standard Class,CU-10503,Nancy Brown,Consumer,South,Florida,Miami,Technology,Machines,6497.64,7,0.1,957.58
ORD-2026018,2022-05-24,2022-05-24,Same Day,CU-10556,Mary Hernandez,Corporate,West,Washington,Seattle,Furniture,Tables,2822.2,3,0.15,-482.06
ORD-2025694,2024-05-20,2024-05-24,Standard Class,CU-10512,Mary Jones,Consumer,West,California,San Francisco,Office Supplies,Storage,360.79,4,0.1,70.91
ORD-2023331,2023-09-07,2023-09-10,Standard Class,CU-10520,Karen Martin,Consumer,West,California,San Francisco,Furniture,Tables,2278.12,2,0.2,-469.15
ORD-2023842,2022-08-28,2022-09-02,Standard Class,CU-10650,Mary Anderson,Consumer,Central,Michigan,Detroit,Office Supplies,Art,20.94,3,0.1,2.97
ORD-2024208,2022-08-31,2022-09-06,Standard Class,CU-10173,Amy Garcia,Consumer,East,Massachusetts,Boston,Technology,Phones,2015.7,3,0.15,-41.94
ORD-2024979,2024-10-25,2024-10-27,Second Class,CU-10624,Kevin Lopez,Home Office,East,New York,Buffalo,Office Supplies,Supplies,28.38,1,0.15,3.07
ORD-2026216,2024-01-26,2024-01-28,First Class,CU-10633,Michael Martinez,Consumer,East,New York,Buffalo,Technology,Phones,2734.38,3,0.1,12.52
ORD-2022754,2024-02-04,2024-02-09,Standard Class,CU-10787,Nancy Lopez,Corporate,East,Pennsylvania,Philadelphia,Office Supplies,Fasteners,9.9,3,0.1,1.74
ORD-2025662,2024-11-06,2024-11-12,Standard Class,CU-10596,James Anderson,Corporate,West,California,San Francisco,Office Supplies,Art,16.16,1,0.1,2.79
ORD-2023378,2023-12-16,2023-12-20,Standard Class,CU-10430,Susan Taylor,Consumer,East,New York,New York City,Technology,Phones,4032.27,8,,274.26
ORD-2026382,2022-11-07,2022-11-10,Second Class,CU-10159,Barbara Brown,Corporate,West,Washington,Seattle,Office Supplies,Labels,39.4,3,0.1,11.36
ORD-2025986,2022-11-04,2022-11-07,Standard Class,CU-10421,Sandra Brown,Corporate,West,California,San Francisco,Office Supplies,Storage,61.83,1,0.1,13.72
ORD-2024100,2024-05-14,2024-05-18,Standard Class,CU-10675,Amy Smith,Consumer,Central,Illinois,Chicago,Furniture,Bookcases,567.14,2,0.3,-216.01
ORD-2022286,2022-03-30,2022-04-05,Standard Class,CU-10425,Patricia Miller,Home Office,South,North Carolina,Charlotte,Furniture,Furnishings,105.35,1,0.2,-28.43
ORD-2025398,2024-02-22,2024-02-25,Second Class,CU-10105,Ashley Miller,Consumer,West,Arizona,Phoenix,Office Supplies,Art,25.81,1,0.0,5.24
ORD-2025856,2024-08-04,2024-08-06,Second Class,CU-10639,Michael Moore,Consumer,East,Massachusetts,Boston,Furniture,Tables,663.3,2,0.0,95.01
ORD-2025892,2023-09-27,2023-10-01,Second Class,CU-10080,Sandra Anderson,Home Office,Central,Ohio,Columbus,Technology,Copiers,6986.29,3,0.0,2125.04
ORD-2025610,2023-12-27,2023-12-29,Second Class,CU-10528,Ashley Lopez,Consumer,Central,Illinois,Chicago,Office Supplies,Fasteners,44.46,4,0.0,11.95
ORD-2023154,2023-10-17,2023-10-21,Second Class,CU-10306,Mary Rodriguez,Consumer,South,Georgia,Atlanta,Technology,Copiers,13491.51,4,0.0,3115.45
ORD-2023079,2023-01-02,2023-01-05,Standard Class,CU-10118,Karen Rodriguez,Corporate,Central,Illinois,Chicago,Office Supplies,Art,2.38,1,0.1,0.68
ORD-2025008,2022-05-12,2022-05-16,Standard Class,CU-10340,James Jackson,Home Office,Central,Michigan,Detroit,Furniture,Tables,1504.04,7,0.2,-265.11
ORD-2023511,2022-10-14,2022-10-17,Standard Class,CU-10288,Elizabeth Williams,Consumer,East,Pennsylvania,Philadelphia,Furniture,Chairs,692.33,7,0.15,-18.81
ORD-2025635,2022-04-17,2022-04-23,Standard Class,CU-10603,Amy Wilson,Consumer,East,Pennsylvania,Philadelphia,Office Supplies,Storage,306.27,2,0.15,34.26
ORD-2022135,2022-02-16,2022-02-16,Same Day,CU-10315,James Smith,Consumer,East,Pennsylvania,Philadelphia,Technology,Phones,1340.24,3,0.0,484.82
ORD-2025177,2023-03-04,2023-03-08,Standard Class,CU-10216,Amy Miller,Home Office,West,Washington,Seattle,Office Supplies,Binders,11.46,3,0.0,3.39
ORD-2024191,2023-11-10,2023-11-12,Second Class,CU-10117,Barbara Hernandez,Home Office,Central,Ohio,Columbus,Office Supplies,Fasteners,9.1,1,0.1,2.15
ORD-2022211,2023-11-19,2023-11-21,First Class,CU-10572,John Martinez,Consumer,South,Tennessee,Nashville,Technology,Phones,9352.89,8,0.15,1126.41
ORD-2025799,2022-12-03,2022-12-06,Standard Class,CU-10037,David Jackson,Corporate,South,North Carolina,Charlotte,Office Supplies,Art,21.41,2,0.1,3.79
ORD-2022274,2024-01-30,2024-02-05,Standard Class,CU-10422,Ashley Garcia,Home Office,Central,Michigan,Detroit,Office Supplies,Storage,130.92,2,0.1,30.67
ORD-2025488,2022-10-25,2022-10-29,Standard Class,CU-10249,Jason Williams,Consumer,East,Massachusetts,Boston,Office Supplies,Fasteners,44.85,3,0.0,17.11
ORD-2022088,2022-09-05,2022-09-10,Standard Class,CU-10371,Susan Jones,Corporate,South,Georgia,Atlanta,Office Supplies,Paper,21.9,1,0.1,4.26
ORD-2024798,2024-01-27,2024-02-02,Standard Class,CU-10089,Patricia Jackson,Consumer,West,California,Los Angeles,Technology,Copiers,15402.43,4,0.0,5024.36
ORD-2025901,2024-08-12,2024-08-16,Second Class,CU-10602,Sandra Smith,Corporate,West,California,Los Angeles,Office Supplies,Supplies,426.5,5,0.15,37.96
ORD-2022298,2024-06-29,2024-07-03,Standard Class,CU-10273,James Rodriguez,Home Office,West,California,San Francisco,Furniture,Chairs,419.49,2,0.2,-87.53
ORD-2024545,2023-03-20,2023-03-26,Standard Class,CU-10722,Amy Johnson,Consumer,East,Pennsylvania,Philadelphia,Technology,Copiers,8381.71,2,0.1,685.61
ORD-2022567,2022-04-12,2022-04-15,Second Class,CU-10078,Steven Martinez,Consumer,West,California,Los Angeles,Office Supplies,Supplies,102.62,1,0.0,24.41
ORD-2026110,2022-12-26,2022-12-29,Standard Class,CU-10727,Mary Smith,Consumer,West,Arizona,Phoenix,Office Supplies,Labels,3.29,1,0.0,1.47
ORD-2022315,2022-12-29,2022-12-29,Same Day,CU-10472,Patricia Miller,Consumer,South,North Carolina,Charlotte,Office Supplies,Supplies,539.09,6,0.2,81.9
ORD-2025974,2022-05-08,2022-05-10,Second Class,CU-10531,Amy Jackson,Home Office,Central,Illinois,Chicago,Office Supplies,Labels,54.09,5,0.0,17.34
ORD-2024151,2022-03-08,2022-03-09,First Class,CU-10758,Steven Rodriguez,Home Office,West,Washington,Seattle,Office Supplies,Binders,147.02,3,0.0,46.21
ORD-2025942,2022-10-06,2022-10-09,Standard Class,CU-10569,John Hernandez,Consumer,Central,Michigan,Detroit,Office Supplies,Fasteners,24.12,3,0.0,8.89
ORD-2022522,2022-08-27,2022-09-02,Standard Class,CU-10090,Amy Jones,Consumer,East,Pennsylvania,Philadelphia,Office Supplies,Fasteners,17.48,1,0.15,3.83
ORD-2024020,2023-12-24,2023-12-28,Standard Class,CU-10133,Susan Garcia,Consumer,West,Washington,Seattle,Office Supplies,Art,2.92,1,0.0,0.71
ORD-2025741,2022-10-04,2022-10-08,Second Class,CU-10138,Patricia Brown,Corporate,Central,Ohio,Columbus,Office Supplies,Supplies,416.83,4,0.15,41.02
ORD-2024974,2023-09-17,2023-09-21,Second Class,CU-10216,Amy Miller,Consumer,South,Georgia,Atlanta,Office Supplies,Supplies,109.08,1,0.0,35.67
ORD-2025926,2023-10-20,2023-10-24,Second Class,CU-10634,Elizabeth Jackson,Corporate,Central,Illinois,Chicago,Office Supplies,Binders,2.4,1,0.15,0.37
ORD-2024413,2023-10-21,2023-10-25,Second Class,CU-10734,Kevin Thomas,Corporate,East,New York,New York City,Technology,Machines,1529.04,1,0.15,197.25
ORD-2024752,2024-09-15,2024-09-20,Standard Class,CU-10763,Amy Jackson,Consumer,East,Pennsylvania,Philadelphia,Furniture,Chairs,891.1,3,0.2,-199.87
ORD-2022528,2024-06-18,2024-06-22,Standard Class,CU-10782,Laura Lee,Consumer,East,Massachusetts,Boston,Office Supplies,Storage,130.39,4,0.15,27.55
ORD-2026353,2022-04-03,2022-04-06,Second Class,CU-10127,Amy Miller,Home Office,West,California,Los Angeles,Furniture,Furnishings,114.79,1,0.3,-42.99
ORD-2022308,2022-11-29,2022-12-03,Second Class,CU-10116,Karen Williams,Consumer,Central,Illinois,Chicago,Office Supplies,Supplies,424.09,5,0.15,85.83
ORD-2023505,2023-09-17,2023-09-20,Standard Class,CU-10684,Michael Johnson,Corporate,East,New York,Buffalo,Furniture,Tables,1222.59,3,0.2,-231.89
ORD-2024496,2023-11-03,2023-11-05,First Class,CU-10739,Nancy Lopez,Consumer,West,California,Los Angeles,Furniture,Furnishings,158.53,2,,-47.4
ORD-2023374,2024-12-19,2024-12-23,Standard Class,CU-10308,Barbara Rodriguez,Corporate,East,New York,Buffalo,Furniture,Furnishings,857.13,7,0.5,-584.36
ORD-2024619,2024-11-12,2024-11-15,Standard Class,CU-10012,Amy Jackson,Consumer,East,New York,Buffalo,Office Supplies,Storage,211.03,1,0.0,69.04
ORD-2023134,2024-12-20,2024-12-26,Standard Class,CU-10194,David Davis,Corporate,West,Washington,Seattle,Technology,Accessories,454.91,2,0.3,-43.34
ORD-2023203,2024-03-22,2024-03-24,First Class,CU-10583,Elizabeth Johnson,Home Office,Central,Texas,Houston,Office Supplies,Paper,34.58,2,0.0,11.46
ORD-2023318,2024-05-08,2024-05-15,Standard Class,CU-10809,Laura Garcia,Consumer,Central,Texas,Houston,Technology,Accessories,831.42,3,0.0,138.52
ORD-2024647,2024-07-27,2024-07-31,Second Class,CU-10019,Laura Jones,Home Office,West,Arizona,Phoenix,Furniture,Furnishings,200.16,2,0.4,-113.36
ORD-2024332,2024-09-04,2024-09-07,Standard Class,CU-10407,Susan Williams,Home Office,Central,Texas,Houston,Furniture,Furnishings,37.19,2,0.3,-14.63
ORD-2022833,2024-01-24,2024-01-29,Standard Class,CU-10810,Elizabeth Rodriguez,Corporate,South,Florida,Miami,Furniture,Bookcases,211.18,1,0.2,-38.61
ORD-2024989,2023-12-05,2023-12-06,First Class,CU-10137,Mary Anderson,Consumer,Central,Texas,Houston,Office Supplies,Supplies,87.32,1,0.15,13.26
ORD-2024110,2023-09-30,2023-10-03,Second Class,CU-10116,Karen Williams,Consumer,East,New York,Buffalo,Office Supplies,Binders,76.71,2,0.0,29.85
ORD-2023682,2024-05-17,2024-05-20,Second Class,CU-10607,Steven Garcia,Consumer,Central,Ohio,Columbus,Office Supplies,Paper,10.23,1,0.0,2.98
ORD-2025034,2024-12-24,2024-12-28,Second Class,CU-10809,Laura Garcia,Home Office,South,North Carolina,Charlotte,Furniture,Chairs,1337.27,7,0.1,33.3
ORD-2024287,2024-06-07,2024-06-12,Standard Class,CU-10769,Robert Martinez,Consumer,Central,Michigan,Detroit,Technology,Copiers,6666.36,3,0.1,765.31
ORD-2024380,2024-09-25,2024-09-29,Standard Class,CU-10602,Sandra Smith,Consumer,Central,Illinois,Chicago,Furniture,Bookcases,1236.78,7,0.2,-244.64
ORD-2026240,2024-07-04,2024-07-07,Standard Class,CU-10620,Sandra Wilson,Consumer,East,New York,Buffalo,Technology,Copiers,1305.92,1,0.3,-259.56
ORD-2024004,2022-07-04,2022-07-05,First Class,CU-10613,Michael Martin,Consumer,East,New York,New York City,Office Supplies,Binders,88.65,5,,11.83
ORD-2025749,2022-10-16,2022-10-22,Standard Class,CU-10617,Steven Taylor,Home Office,South,Georgia,Atlanta,Technology,Machines,5391.5,4,0.2,-137.21
ORD-2025256,2022-06-13,2022-06-20,Standard Class,CU-10795,Laura Lopez,Consumer,Central,Texas,Houston,Office Supplies,Art,10.84,3,0.0,3.27
ORD-2024616,2022-10-13,2022-10-20,,CU-10787,Nancy Lopez,Consumer,South,North Carolina,Charlotte,Furniture,Furnishings,385.54,5,0.0,48.96
ORD-2023166,2024-08-31,2024-09-06,Standard Class,CU-10011,Kevin Hernandez,Consumer,South,Georgia,Atlanta,Office Supplies,Binders,4.36,1,0.15,0.41
ORD-2022629,2024-07-31,2024-08-03,Standard Class,CU-10608,Karen Hernandez,Home Office,Central,Ohio,Columbus,Technology,Machines,3085.26,3,0.0,526.38
ORD-2025537,2023-11-25,2023-11-25,Same Day,CU-10326,Steven Brown,Corporate,South,Florida,Miami,Office Supplies,Paper,11.69,1,0.1,3.09
ORD-2026004,2023-10-22,2023-10-28,Standard Class,CU-10635,Laura Hernandez,Home Office,Central,Illinois,Chicago,Furniture,Bookcases,4653.16,7,0.0,1107.45
ORD-2022727,2022-04-22,2022-04-25,Second Class,CU-10023,Jason Jackson,Consumer,East,New York,New York City,Furniture,Furnishings,364.2,7,0.15,-58.22
ORD-2025763,2022-11-20,2022-11-22,Second Class,CU-10575,Nancy Jones,Consumer,West,California,San Francisco,Technology,Phones,1697.14,2,0.0,241.27
ORD-2024140,2024-11-09,2024-11-11,First Class,CU-10558,Laura Wilson,Consumer,West,California,San Francisco,Furniture,Bookcases,577.58,2,0.2,-82.87
ORD-2024871,2023-07-16,2023-07-19,Second Class,CU-10766,Ashley Miller,Consumer,West,California,Los Angeles,Furniture,Bookcases,254.39,1,0.2,-38.36
ORD-2023861,2024-12-28,2025-01-01,Standard Class,CU-10558,Laura Wilson,Consumer,West,California,Los Angeles,Technology,Phones,1555.45,4,0.2,-28.4
ORD-2023222,2024-11-08,2024-11-12,Second Class,CU-10233,Nancy Jones,Consumer,Central,Ohio,Columbus,Technology,Machines,2909.61,1,0.1,202.09
ORD-2026373,2022-09-10,2022-09-13,Standard Class,CU-10513,Laura Thomas,Corporate,West,Washington,Seattle,Office Supplies,Supplies,107.54,2,0.2,1.82
ORD-2025616,2023-03-06,2023-03-09,Second Class,CU-10557,Ashley Hernandez,Corporate,West,California,Los Angeles,Technology,Phones,517.45,1,0.0,147.75
ORD-2024508,2023-10-15,2023-10-18,Standard Class,CU-10410,Kevin Williams,Home Office,East,New York,New York City,Furniture,Bookcases,482.92,2,0.3,-180.52
ORD-2025226,2024-01-23,2024-01-29,Standard Class,CU-10028,Steven Jones,Consumer,West,California,Los Angeles,Office Supplies,Supplies,232.25,2,0.0,76.1
ORD-2022159,2024-06-13,2024-06-18,Standard Class,CU-10761,Michael Lopez,Corporate,East,Pennsylvania,Philadelphia,Furniture,Furnishings,179.09,2,0.0,33.94
ORD-2024787,2023-10-23,2023-10-28,Standard Class,CU-10086,Mary Hernandez,Consumer,West,California,San Francisco,Office Supplies,Labels,12.2,2,0.1,3.56
ORD-2023982,2024-09-29,2024-10-05,Standard Class,CU-10598,Nancy Moore,Consumer,West,Arizona,Phoenix,Office Supplies,Art,39.37,5,0.15,4.99
ORD-2025620,2023-12-10,2023-12-14,Standard Class,CU-10507,Sandra Anderson,Consumer,Central,Ohio,Columbus,Technology,Copiers,10181.25,3,0.0,3155.11
ORD-2024103,2024-12-01,2024-12-05,Standard Class,CU-10073,Ashley Davis,Consumer,West,Arizona,Phoenix,Technology,Machines,3075.57,1,0.4,-973.32
ORD-2022371,2022-12-02,2022-12-06,Standard Class,CU-10210,Barbara Taylor,Consumer,Central,Texas,Houston,Office Supplies,Art,163.78,7,0.15,18.69
ORD-2024970,2023-08-02,2023-08-08,Standard Class,CU-10230,Patricia Miller,Corporate,South,Florida,Miami,Office Supplies,Storage,709.96,3,0.15,97.7
ORD-2024131,2024-05-27,2024-06-01,Standard Class,CU-10749,Sandra Moore,Home Office,South,North Carolina,Charlotte,Technology,Copiers,20261.31,7,0.1,3056.64
ORD-2023538,2024-08-19,2024-08-21,First Class,CU-10188,David Jackson,Consumer,West,Arizona,Phoenix,Furniture,Bookcases,592.82,4,0.0,158.24
ORD-2026367,2023-11-23,2023-11-30,Standard Class,CU-10583,Elizabeth Johnson,Consumer,South,North Carolina,Charlotte,Office Supplies,Binders,2.14,1,0.1,0.49
ORD-2024475,2022-04-01,2022-04-01,Same Day,CU-10729,Mary Jones,Consumer,East,New York,Buffalo,Office Supplies,Binders,133.27,3,0.0,48.76
ORD-2024337,2023-03-11,2023-03-11,Same Day,CU-10229,Kevin Rodriguez,Corporate,East,Massachusetts,Boston,Office Supplies,Art,137.42,4,0.0,50.55
ORD-2024744,2023-02-26,2023-03-02,Standard Class,CU-10029,Laura Lopez,Corporate,East,New York,New York City,Furniture,Bookcases,1005.62,7,0.15,-97.53
ORD-2023553,2023-03-11,2023-03-14,Second Class,CU-10737,Elizabeth Williams,Corporate,South,Florida,Miami,Office Supplies,Fasteners,17.33,1,,5.43
ORD-2022239,2022-06-24,2022-06-26,First Class,CU-10288,Elizabeth Williams,Consumer,South,Tennessee,Nashville,Furniture,Furnishings,570.4,4,0.4,-313.06
ORD-2023429,2023-06-29,2023-07-06,Standard Class,CU-10557,Ashley Hernandez,Home Office,West,Arizona,Phoenix,Office Supplies,Labels,44.08,3,0.15,9.14
ORD-2023978,2024-04-25,2024-04-25,Same Day,CU-10841,Sandra Smith,Consumer,South,North Carolina,Charlotte,Furniture,Chairs,459.29,1,0.3,-160.96
ORD-2024817,2023-11-28,2023-12-01,Standard Class,CU-10531,Amy Jackson,Home Office,East,New York,Buffalo,Furniture,Bookcases,2051.28,5,0.2,-476.27
ORD-2024449,2023-11-21,2023-11-23,First Class,CU-10434,Barbara Wilson,Corporate,Central,Michigan,Detroit,Furniture,Bookcases,1022.99,2,0.3,-450.41
ORD-2024202,2024-11-08,2024-11-10,Second Class,CU-10156,David Jackson,Corporate,East,Massachusetts,Boston,Furniture,Chairs,164.21,1,0.1,6.48
ORD-2022618,2022-07-15,2022-07-15,Same Day,CU-10520,Karen Martin,Consumer,West,California,Los Angeles,Technology,Phones,776.5,1,0.15,79.65
ORD-2024381,2022-11-13,2022-11-20,Standard Class,CU-10282,Jason Martin,Consumer,East,Massachusetts,Boston,Furniture,Furnishings,32.3,1,0.15,-3.56
ORD-2023090,2022-11-15,2022-11-16,First Class,CU-10512,Mary Jones,Consumer,Central,Ohio,Columbus,Office Supplies,Fasteners,18.97,1,0.0,5.4
ORD-2022295,2024-11-12,2024-11-15,Standard Class,CU-10619,David Hernandez,Consumer,Central,Illinois,Chicago,Furniture,Chairs,2177.73,4,0.15,-102.45
ORD-2022430,2024-11-26,2024-11-28,Second Class,CU-10824,Michael Williams,Home Office,Central,Texas,Houston,Technology,Machines,6763.4,4,0.0,1695.7
ORD-2022279,2024-09-29,2024-10-03,Second Class,CU-10666,Susan Davis,Home Office,West,Arizona,Phoenix,Office Supplies,Art,76.24,7,0.1,16.41
ORD-2024629,2022-11-16,2022-11-23,Standard Class,CU-10674,Ashley Brown,Consumer,West,Washington,Seattle,Office Supplies,Labels,3.75,1,0.0,0.99
ORD-2022949,2023-01-13,2023-01-16,Second Class,CU-10356,Susan Martinez,Consumer,South,Florida,Miami,Furniture,Tables,1134.36,3,0.2,-301.14
ORD-2022027,2022-03-22,2022-03-28,Standard Class,CU-10679,Laura Hernandez,Consumer,East,New York,Buffalo,Furniture,Furnishings,213.49,6,0.15,-13.75
ORD-2025991,2023-05-27,2023-06-02,Standard Class,CU-10026,James Thomas,Consumer,West,Arizona,Phoenix,Technology,Accessories,139.33,1,0.1,6.03
ORD-2025014,2022-12-05,2022-12-09,Standard Class,CU-10681,Karen Davis,Consumer,Central,Illinois,Chicago,Office Supplies,Art,168.55,7,0.0,75.83
ORD-2024766,2023-06-28,2023-06-28,Same Day,CU-10338,Steven Williams,Consumer,East,Pennsylvania,Philadelphia,Technology,Accessories,813.78,5,0.15,76.17
ORD-2026024,2024-07-23,2024-07-23,Same Day,CU-10214,David Lopez,Corporate,West,California,San Francisco,Office Supplies,Binders,45.66,4,0.2,1.59
ORD-2023656,2022-11-06,2022-11-07,First Class,CU-10477,Susan Jones,Consumer,South,North Carolina,Charlotte,Furniture,Furnishings,124.33,1,0.2,-31.25
ORD-2022722,2022-03-11,2022-03-13,Second Class,CU-10252,James Davis,Consumer,Central,Ohio,Columbus,Furniture,Chairs,170.44,1,0.1,2.95
ORD-2026452,2023-12-25,2023-12-29,Standard Class,CU-10130,Elizabeth Garcia,Consumer,Central,Ohio,Columbus,Furniture,Furnishings,839.78,7,0.1,-7.42
ORD-2022969,2022-10-24,2022-10-26,First Class,CU-10258,David Johnson,Consumer,West,Washington,Seattle,Technology,Copiers,14325.8,6,0.2,-1233.97
ORD-2025317,2022-06-13,2022-06-20,Standard Class,CU-10545,Patricia Lee,Home Office,Central,Texas,Houston,Furniture,Bookcases,634.98,1,0.2,-113.34
ORD-2024746,2022-10-23,2022-10-26,Standard Class,CU-10026,James Thomas,Home Office,East,Massachusetts,Boston,Office Supplies,Supplies,64.05,1,0.15,12.64
ORD-2025024,2022-12-22,2022-12-24,Second Class,CU-10848,Robert Anderson,Corporate,South,Florida,Miami,Office Supplies,Supplies,212.73,3,0.0,74.77
ORD-2025151,2023-11-29,2023-12-06,Standard Class,CU-10150,John Moore,Corporate,West,Arizona,Phoenix,Office Supplies,Binders,49.59,2,0.0,12.0
ORD-2023774,2023-12-18,2023-12-24,Standard Class,CU-10053,Barbara Anderson,Corporate,East,Massachusetts,Boston,Office Supplies,Binders,61.15,3,0.0,16.35
ORD-2025776,2024-03-13,2024-03-15,First Class,CU-10550,Steven Jones,Consumer,West,Washington,Seattle,Office Supplies,Binders,104.86,2,,45.03
ORD-2022950,2023-10-13,2023-10-17,Standard Class,CU-10610,Michael Brown,Corporate,East,Pennsylvania,Philadelphia,Furniture,Furnishings,236.04,2,,-37.04
ORD-2023211,2024-09-04,2024-09-07,Second Class,CU-10355,Robert Martin,Consumer,Central,Illinois,Chicago,Furniture,Furnishings,222.98,4,0.15,-14.96
ORD-2023428,2024-06-30,2024-07-06,Standard Class,CU-10837,Ashley Anderson,Consumer,Central,Michigan,Detroit,Technology,Machines,5729.18,4,0.0,1731.5
ORD-2022426,2022-11-14,2022-11-21,Standard Class,CU-10350,James Jones,Consumer,Central,Illinois,Chicago,Office Supplies,Binders,88.0,3,0.0,30.1
ORD-2026435,2023-11-12,2023-11-17,Standard Class,CU-10627,Robert Jones,Consumer,East,Massachusetts,Boston,Furniture,Furnishings,107.4,3,0.4,-62.85
ORD-2022175,2022-03-24,2022-03-28,Standard Class,CU-10227,Linda Garcia,Corporate,West,California,Los Angeles,Furniture,Bookcases,1136.04,7,0.4,-625.82
ORD-2023923,2023-02-24,2023-03-03,Standard Class,CU-10741,Laura Garcia,Corporate,Central,Illinois,Chicago,Office Supplies,Labels,26.34,4,0.0,8.09
ORD-2026334,2024-09-18,2024-09-21,Second Class,CU-10419,Robert Rodriguez,Consumer,Central,Ohio,Columbus,Office Supplies,Labels,14.16,1,0.1,3.47
ORD-2022593,2023-11-29,2023-12-06,Standard Class,CU-10028,Steven Jones,Consumer,East,New York,Buffalo,Office Supplies,Fasteners,19.58,1,0.15,3.14
ORD-2025678,2022-12-05,2022-12-07,First Class,CU-10178,Ashley Johnson,Corporate,East,New York,Buffalo,Office Supplies,Paper,22.41,3,0.0,6.89
ORD-2022404,2024-12-30,2025-01-01,Second Class,CU-10324,Laura Rodriguez,Consumer,West,Washington,Seattle,Office Supplies,Paper,18.82,1,0.2,2.59
ORD-2022491,2023-12-23,2023-12-25,Second Class,CU-10256,Barbara Rodriguez,Corporate,East,New York,New York City,Office Supplies,Storage,650.13,3,0.0,169.63
ORD-2026134,2023-09-20,2023-09-27,Standard Class,CU-10298,Sandra Moore,Consumer,South,Georgia,Atlanta,Office Supplies,Art,13.8,3,0.1,3.33
ORD-2025933,2022-03-11,2022-03-17,Standard Class,CU-10221,Patricia Hernandez,Home Office,East,New York,Buffalo,Office Supplies,Binders,148.88,6,0.15,22.42
ORD-2025589,2022-12-12,2022-12-17,Standard Class,CU-10630,Patricia Garcia,Consumer,South,Florida,Miami,Office Supplies,Supplies,691.52,6,0.0,232.43
ORD-2022824,2024-09-13,2024-09-16,Second Class,CU-10601,Steven Garcia,Consumer,Central,Illinois,Chicago,Office Supplies,Fasteners,70.51,5,0.2,6.0
ORD-2024542,2023-01-14,2023-01-19,Standard Class,CU-10275,Kevin Johnson,Consumer,West,Arizona,Phoenix,Office Supplies,Supplies,829.9,7,0.1,156.53
ORD-2024847,2022-04-20,2022-04-20,Same Day,CU-10758,Steven Rodriguez,Corporate,West,Washington,Seattle,Technology,Machines,5688.85,3,0.3,-745.45
ORD-2026497,2023-09-05,2023-09-09,Standard Class,CU-10526,Kevin Rodriguez,Corporate,Central,Ohio,Columbus,Office Supplies,Fasteners,9.34,1,0.0,3.52
ORD-2022847,2024-02-03,2024-02-04,First Class,CU-10617,Steven Taylor,Home Office,Central,Michigan,Detroit,Technology,Accessories,869.79,7,0.0,181.99
ORD-2024790,2024-09-13,2024-09-17,Standard Class,CU-10347,Robert Anderson,Consumer,East,New York,New York City,Office Supplies,Storage,248.93,3,0.0,97.72
ORD-2026109,2023-09-30,2023-10-03,Standard Class,CU-10641,James Lopez,Consumer,West,Arizona,Phoenix,Office Supplies,Supplies,55.69,6,0.0,20.75
ORD-2024935,2023-08-05,2023-08-10,Standard Class,CU-10256,Barbara Rodriguez,Home Office,West,Washington,Seattle,Office Supplies,Binders,32.49,1,0.0,13.41
ORD-2026374,2023-11-24,2023-11-29,Standard Class,CU-10709,Ashley Johnson,Consumer,South,Georgia,Atlanta,Furniture,Furnishings,93.84,1,0.1,-2.82
ORD-2023711,2023-03-30,2023-04-01,Second Class,CU-10201,Laura Rodriguez,Consumer,South,Tennessee,Nashville,Furniture,Tables,1593.56,2,0.0,311.79
ORD-2026151,2023-10-21,2023-10-23,First Class,CU-10154,Sandra Rodriguez,Corporate,East,Massachusetts,Boston,Furniture,Chairs,372.83,1,0.0,83.48
ORD-2023788,2024-10-04,2024-10-07,Standard Class,CU-10239,Linda Wilson,Consumer,East,New York,Buffalo,Furniture,Tables,3474.28,3,0.1,-337.49
ORD-2026434,2023-11-16,2023-11-22,Standard Class,CU-10397,Laura Hernandez,Consumer,South,North Carolina,Charlotte,Office Supplies,Art,157.25,4,0.1,37.3
ORD-2025715,2024-09-09,2024-09-12,Standard Class,CU-10819,Kevin Miller,Corporate,West,California,San Francisco,Office Supplies,Binders,144.01,3,0.1,29.82
ORD-2024291,2024-03-19,2024-03-21,Second Class,CU-10421,Sandra Brown,Consumer,East,New York,Buffalo,Office Supplies,Supplies,180.71,6,0.3,-7.4
ORD-2025248,2024-10-30,2024-11-03,Standard Class,CU-10053,Barbara Anderson,Corporate,Central,Ohio,Columbus,Technology,Accessories,43.36,3,0.15,-0.98
ORD-2023370,2022-06-06,2022-06-09,Standard Class,CU-10719,Mary Williams,Consumer,West,California,Los Angeles,Office Supplies,Art,177.26,5,0.0,61.45
ORD-2025566,2024-10-09,2024-10-14,Standard Class,CU-10558,Laura Wilson,Corporate,East,New York,Buffalo,Technology,Copiers,3762.37,2,0.15,119.84
ORD-2024145,2024-11-27,2024-11-29,Second Class,CU-10019,Laura Jones,Consumer,Central,Texas,Houston,Office Supplies,Labels,27.64,4,0.1,5.07
ORD-2022409,2024-12-31,2025-01-05,Standard Class,CU-10000,David Smith,Home Office,West,Washington,Seattle,Office Supplies,Paper,41.78,3,0.0,13.36
ORD-2024060,2024-12-05,2024-12-12,Standard Class,CU-10587,Laura Rodriguez,Consumer,South,Georgia,Atlanta,Office Supplies,Paper,101.66,6,0.0,32.52
ORD-2025277,2023-10-16,2023-10-16,Same Day,CU-10708,Patricia Johnson,Home Office,East,Massachusetts,Boston,Office Supplies,Labels,53.56,7,0.15,5.68
ORD-2025618,2022-12-25,2022-12-30,Standard Class,CU-10739,Nancy Lopez,Consumer,Central,Illinois,Chicago,Furniture,Furnishings,144.56,1,0.3,-61.09
ORD-2024452,2023-12-20,2023-12-26,Standard Class,CU-10206,Steven Johnson,Consumer,West,California,San Francisco,Technology,Copiers,5137.32,5,0.0,1446.43
ORD-2025246,2023-01-26,2023-01-30,Standard Class,CU-10126,Linda Moore,Corporate,East,New York,Buffalo,Furniture,Chairs,416.49,1,0.15,-32.1
ORD-2025145,2023-12-19,2023-12-21,Second Class,CU-10492,Linda Thomas,Home Office,West,California,San Francisco,Technology,Machines,4321.49,2,0.0,1226.34
ORD-2026169,2023-07-19,2023-07-22,Second Class,CU-10394,Sandra Anderson,Consumer,West,Arizona,Phoenix,Office Supplies,Labels,13.22,4,0.2,1.72
ORD-2023841,2023-11-13,2023-11-20,Standard Class,CU-10453,Amy Lee,Consumer,South,Florida,Miami,Office Supplies,Labels,26.16,2,0.15,4.96
ORD-2022951,2022-11-19,2022-11-21,First Class,CU-10590,Steven Rodriguez,Consumer,Central,Ohio,Columbus,Furniture,Bookcases,2024.77,7,0.2,-379.81
ORD-2023304,2024-09-04,2024-09-09,Standard Class,CU-10270,James Wilson,Consumer,South,Florida,Miami,Office Supplies,Paper,4.86,1,0.15,0.84
ORD-2023209,2023-05-21,2023-05-28,Standard Class,CU-10133,Susan Garcia,Home Office,Central,Michigan,Detroit,Technology,Accessories,1189.09,7,0.15,67.97
ORD-2024391,2024-05-26,2024-05-30,Standard Class,CU-10624,Kevin Lopez,Home Office,West,Washington,Seattle,Technology,Phones,1762.81,2,0.3,-294.15
ORD-2022974,2022-12-26,2022-12-29,Standard Class,CU-10148,Kevin Miller,Consumer,Central,Ohio,Columbus,Office Supplies,Binders,137.62,3,0.0,44.66
ORD-2022474,2022-12-05,2022-12-08,Standard Class,CU-10366,Karen Garcia,Consumer,Central,Michigan,Detroit,Technology,Machines,5042.14,2,0.0,1065.66
ORD-2022215,2024-05-02,2024-05-09,Standard Class,CU-10372,Susan Anderson,Corporate,West,California,Los Angeles,Technology,Accessories,628.87,5,0.0,109.98
ORD-2022656,2024-10-01,2024-10-06,Standard Class,CU-10428,Michael Thomas,Consumer,Central,Illinois,Chicago,Office Supplies,Binders,11.27,1,0.1,2.36
ORD-2022500,2024-04-29,2024-05-03,Second Class,CU-10386,Steven Williams,Consumer,West,Arizona,Phoenix,Office Supplies,Art,13.4,1,0.1,2.6
ORD-2025235,2022-07-28,2022-08-01,Second Class,CU-10289,Robert Anderson,Home Office,West,Arizona,Phoenix,Office Supplies,Supplies,36.43,1,0.2,1.51
ORD-2024519,2022-11-01,2022-11-04,Standard Class,CU-10738,Ashley Rodriguez,Corporate,West,California,Los Angeles,Technology,Accessories,93.09,1,0.2,-3.47
ORD-2023583,2022-11-30,2022-12-03,Standard Class,CU-10031,Nancy Miller,Consumer,South,Georgia,Atlanta,Office Supplies,Storage,433.58,4,0.1,96.74
ORD-2024285,2022-06-02,2022-06-03,First Class,CU-10834,David Davis,Home Office,Central,Ohio,Columbus,Furniture,Furnishings,812.01,8,0.0,140.0
ORD-2023634,2024-12-23,2024-12-28,Standard Class,CU-10254,Steven Martin,Corporate,Central,Texas,Houston,Office Supplies,Storage,60.32,1,0.15,8.05
ORD-2024036,2024-12-04,2024-12-11,Standard Class,CU-10437,Amy Thomas,Consumer,Central,Texas,Houston,Technology,Phones,905.1,1,0.15,32.96
ORD-2022538,2022-09-10,2022-09-10,Same Day,CU-10368,John Rodriguez,Consumer,South,Georgia,Atlanta,Office Supplies,Fasteners,8.23,3,0.1,1.37
ORD-2025329,2022-11-05,2022-11-12,Standard Class,CU-10425,Patricia Miller,Corporate,East,New York,New York City,Office Supplies,Fasteners,2.39,2,0.15,0.52
ORD-2023130,2024-12-31,2025-01-03,Standard Class,CU-10180,Ashley Martin,Home Office,West,Arizona,Phoenix,Furniture,Chairs,1782.85,5,0.15,-369.58
ORD-2025038,2022-09-29,2022-10-05,Standard Class,CU-10489,Linda Williams,Consumer,South,Florida,Miami,Office Supplies,Labels,29.55,2,0.1,6.6
ORD-2024063,2022-05-28,2022-05-29,First Class,CU-10229,Kevin Rodriguez,Corporate,Central,Texas,Houston,Office Supplies,Storage,1536.88,7,0.0,486.28
ORD-2025056,2023-12-08,2023-12-12,Second Class,CU-10410,Kevin Williams,Home Office,South,Florida,Miami,Office Supplies,Fasteners,35.36,4,0.2,1.59
ORD-2022964,2024-12-09,2024-12-13,Standard Class,CU-10602,Sandra Smith,Home Office,West,California,San Francisco,Office Supplies,Fasteners,33.57,3,0.1,7.1
ORD-2024922,2022-09-05,2022-09-07,First Class,CU-10294,Susan Miller,Home Office,South,North Carolina,Charlotte,Office Supplies,Supplies,108.59,1,0.15,8.15
ORD-2022496,2023-06-08,2023-06-14,Standard Class,CU-10587,Laura Rodriguez,Consumer,West,Washington,Seattle,Office Supplies,Binders,34.74,2,0.3,0.82
ORD-2022311,2023-05-18,2023-05-21,Standard Class,CU-10560,Karen Brown,Corporate,West,Arizona,Phoenix,Technology,Accessories,236.48,3,0.0,35.44
ORD-2022131,2024-11-25,2024-11-28,,CU-10807,Karen Garcia,Home Office,East,Pennsylvania,Philadelphia,Furniture,Chairs,325.45,2,0.2,-86.83
ORD-2022251,2024-10-17,2024-10-23,Standard Class,CU-10593,Barbara Davis,Home Office,West,California,San Francisco,Office Supplies,Paper,37.37,2,0.1,4.2
ORD-2025788,2023-02-02,2023-02-03,First Class,CU-10610,Michael Brown,Consumer,Central,Ohio,Columbus,Furniture,Furnishings,70.08,4,0.15,-8.12
ORD-2023314,2022-03-15,2022-03-19,Second Class,CU-10536,Elizabeth Jackson,Home Office,East,Massachusetts,Boston,Furniture,Tables,1444.35,3,0.5,-1049.11
ORD-2025095,2022-03-27,2022-03-30,Second Class,CU-10427,Sandra Martinez,Home Office,West,California,San Francisco,Furniture,Tables,3171.63,3,0.3,-1175.45
ORD-2025587,2023-08-23,2023-08-23,Same Day,CU-10586,Susan Taylor,Consumer,West,Washington,Seattle,Technology,Machines,5808.37,3,0.1,718.46
ORD-2024184,2023-10-08,2023-10-09,First Class,CU-10692,Ashley Williams,Corporate,East,New York,New York City,Office Supplies,Paper,60.81,3,0.0,18.77
ORD-2022647,2023-09-26,2023-10-03,Standard Class,CU-10183,Michael Thomas,Consumer,Central,Ohio,Columbus,Office Supplies,Art,26.55,1,0.15,7.09
ORD-2022594,2022-01-16,2022-01-21,Standard Class,CU-10607,Steven Garcia,Consumer,East,New York,Buffalo,Furniture,Tables,888.34,2,0.5,-628.81
ORD-2022908,2022-11-22,2022-11-26,Second Class,CU-10686,Michael Smith,Home Office,Central,Illinois,Chicago,Furniture,Bookcases,990.03,2,0.3,-294.99
ORD-2024632,2024-11-04,2024-11-10,,CU-10820,Barbara Johnson,Corporate,Central,Michigan,Detroit,Furniture,Tables,4093.13,5,0.0,916.28
ORD-2022810,2022-01-09,2022-01-12,Second Class,CU-10133,Susan Garcia,Corporate,West,Washington,Seattle,Office Supplies,Supplies,75.08,3,0.0,27.38
ORD-2026123,2023-04-03,2023-04-07,Standard Class,CU-10826,Jason Wilson,Corporate,East,New York,New York City,Office Supplies,Art,62.78,3,0.0,20.17
ORD-2025455,2024-07-03,2024-07-10,Standard Class,CU-10670,Nancy Thomas,Home Office,West,California,Los Angeles,Furniture,Chairs,927.69,3,0.0,205.25
ORD-2022278,2024-10-25,2024-10-29,Second Class,CU-10291,Steven Smith,Home Office,West,Arizona,Phoenix,Furniture,Tables,6173.08,5,0.1,196.54
ORD-2024407,2022-12-14,2022-12-21,Standard Class,CU-10009,Robert Miller,Consumer,Central,Texas,Houston,Office Supplies,Fasteners,6.48,1,0.15,1.06
ORD-2022029,2024-02-04,2024-02-08,Standard Class,CU-10314,Sandra Rodriguez,Consumer,South,North Carolina,Charlotte,Technology,Copiers,7898.34,2,0.1,921.17
ORD-2025876,2022-01-04,2022-01-09,Standard Class,CU-10289,Robert Anderson,Consumer,East,New York,Buffalo,Office Supplies,Supplies,17.9,2,0.2,1.78
ORD-2025066,2023-05-08,2023-05-09,First Class,CU-10205,Steven Garcia,Corporate,West,California,San Francisco,Office Supplies,Art,8.96,1,0.2,1.26
ORD-2023731,2022-04-01,2022-04-05,Standard Class,CU-10689,Michael Lopez,Consumer,Central,Ohio,Columbus,Technology,Copiers,8552.69,2,0.15,618.02
ORD-2024398,2022-07-15,2022-07-18,Second Class,CU-10208,David Brown,Consumer,West,Washington,Seattle,Technology,Phones,1479.23,2,0.1,111.87
ORD-2025506,2023-09-07,2023-09-13,Standard Class,CU-10394,Sandra Anderson,Home Office,West,Arizona,Phoenix,Office Supplies,Art,199.57,7,0.0,64.28
ORD-2024286,2024-11-04,2024-11-04,Same Day,CU-10392,Barbara Rodriguez,Consumer,West,Arizona,Phoenix,Technology,Accessories,939.74,5,0.0,223.26
ORD-2024792,2024-05-03,2024-05-07,Second Class,CU-10563,David Williams,Corporate,East,Pennsylvania,Philadelphia,Office Supplies,Fasteners,56.93,5,0.0,18.93
ORD-2025169,2023-12-02,2023-12-04,First Class,CU-10532,Mary Smith,Corporate,West,Arizona,Phoenix,Office Supplies,Binders,236.54,5,0.0,51.03
ORD-2024075,2023-10-13,2023-10-14,First Class,CU-10321,David Garcia,Consumer,Central,Ohio,Columbus,Technology,Copiers,1517.99,1,0.1,89.11
ORD-2023877,2022-12-26,2022-12-29,Second Class,CU-10018,Nancy Taylor,Corporate,West,Washington,Seattle,Office Supplies,Paper,5.16,1,0.0,1.98
ORD-2022147,2023-10-02,2023-10-02,Same Day,CU-10651,Robert Johnson,Home Office,Central,Michigan,Detroit,Technology,Accessories,89.35,5,0.0,19.42
ORD-2022659,2023-04-20,2023-04-20,,CU-10661,Barbara Martin,Consumer,East,New York,New York City,Furniture,Furnishings,108.38,1,0.3,-40.28
ORD-2025661,2024-11-16,2024-11-21,Standard Class,CU-10688,Barbara Jackson,Home Office,West,Washington,Seattle,Office Supplies,Supplies,130.11,2,0.0,44.96
ORD-2023974,2022-09-19,2022-09-24,Standard Class,CU-10728,Elizabeth Brown,Consumer,East,New York,Buffalo,Office Supplies,Labels,41.47,3,0.1,7.55
ORD-2025524,2023-09-17,2023-09-22,Standard Class,CU-10666,Susan Davis,Corporate,East,Pennsylvania,Philadelphia,Furniture,Bookcases,132.14,1,0.2,-42.4
ORD-2022570,2023-01-11,2023-01-11,,CU-10065,Karen Anderson,Home Office,Central,Texas,Houston,Office Supplies,Paper,10.51,2,0.1,1.94
ORD-2025362,2023-11-21,2023-11-24,Second Class,CU-10287,Ashley Thomas,Corporate,East,New York,New York City,Office Supplies,Storage,40.38,2,0.2,5.72
ORD-2022046,2023-04-06,2023-04-07,First Class,CU-10109,Robert Lee,Consumer,Central,Illinois,Chicago,Office Supplies,Fasteners,12.43,1,0.1,1.55
ORD-2025998,2023-01-14,2023-01-19,Standard Class,CU-10193,Kevin Jackson,Corporate,Central,Ohio,Columbus,Office Supplies,Labels,97.26,7,0.2,14.51
ORD-2022649,2022-03-02,2022-03-04,Second Class,CU-10174,James Anderson,Home Office,East,New York,New York City,Furniture,Chairs,1492.54,3,0.0,234.91
ORD-2023886,2022-07-20,2022-07-22,First Class,CU-10385,Robert Moore,Home Office,West,California,Los Angeles,Office Supplies,Art,44.34,2,0.0,12.63
ORD-2022868,2022-06-11,2022-06-14,Second Class,CU-10202,Kevin Miller,Consumer,East,New York,New York City,Office Supplies,Labels,16.47,4,0.0,4.66
ORD-2025330,2024-12-05,2024-12-08,Second Class,CU-10149,Steven Martinez,Home Office,East,Massachusetts,Boston,Technology,Accessories,113.81,4,0.1,3.85
ORD-2022890,2023-01-13,2023-01-16,Standard Class,CU-10552,Barbara Lopez,Consumer,East,Pennsylvania,Philadelphia,Office Supplies,Paper,5.38,1,0.0,1.55
ORD-2023320,2023-09-07,2023-09-10,Second Class,CU-10050,John Johnson,Home Office,Central,Texas,Houston,Office Supplies,Paper,58.12,4,0.15,6.5
ORD-2025327,2024-09-26,2024-09-26,Same Day,CU-10595,James Lopez,Consumer,East,Pennsylvania,Philadelphia,Office Supplies,Binders,17.32,7,0.2,1.86
ORD-2025099,2022-09-14,2022-09-20,Standard Class,CU-10405,Laura Lopez,Consumer,West,Washington,Seattle,Office Supplies,Binders,46.95,1,0.1,9.47
ORD-2025875,2023-05-12,2023-05-16,Second Class,CU-10496,Jason Brown,Corporate,East,New York,New York City,Furniture,Bookcases,1858.14,4,0.15,-274.03
ORD-2022827,2022-11-10,2022-11-15,Standard Class,CU-10120,Linda Jones,Home Office,West,California,San Francisco,Office Supplies,Storage,812.02,4,0.0,236.15
ORD-2026087,2023-12-08,2023-12-13,Standard Class,CU-10552,Barbara Lopez,Consumer,South,Georgia,Atlanta,Office Supplies,Art,40.99,5,0.2,3.01
ORD-2025585,2024-07-30,2024-08-03,Standard Class,CU-10314,Sandra Rodriguez,Consumer,Central,Ohio,Columbus,Furniture,Bookcases,2699.14,4,0.2,-692.58
ORD-2025814,2023-06-08,2023-06-12,Standard Class,CU-10079,Karen Johnson,Consumer,Central,Texas,Houston,Furniture,Furnishings,154.65,5,0.1,-1.27
ORD-2023662,2024-07-04,2024-07-08,Second Class,CU-10516,Amy Hernandez,Corporate,West,Washington,Seattle,Office Supplies,Paper,97.73,4,0.1,23.85
ORD-2024023,2022-11-19,2022-11-21,First Class,CU-10523,Barbara Wilson,Home Office,East,New York,New York City,Furniture,Furnishings,675.97,8,0.15,-45.74
ORD-2022033,2023-03-13,2023-03-19,Standard Class,CU-10755,Karen Jackson,Corporate,West,California,Los Angeles,Office Supplies,Labels,18.88,5,0.3,-1.18
ORD-2023843,2024-12-03,2024-12-05,Second Class,CU-10661,Barbara Martin,Consumer,East,New York,Buffalo,Technology,Phones,1423.53,4,0.2,-23.07
ORD-2023416,2023-10-30,2023-10-30,Same Day,CU-10228,Mary Wilson,Home Office,South,North Carolina,Charlotte,Technology,Accessories,640.08,4,0.0,187.19
ORD-2025859,2022-05-15,2022-05-19,Standard Class,CU-10618,Jason Johnson,Corporate,West,California,San Francisco,Furniture,Furnishings,203.17,3,0.4,-132.98
ORD-2024503,2024-09-06,2024-09-11,Standard Class,CU-10634,Elizabeth Jackson,Home Office,Central,Michigan,Detroit,Technology,Accessories,84.07,1,0.1,5.39
ORD-2023057,2022-10-19,2022-10-19,Same Day,CU-10162,David Martinez,Consumer,West,Arizona,Phoenix,Furniture,Chairs,437.43,1,0.2,-69.4
ORD-2022597,2023-12-16,2023-12-18,First Class,CU-10305,Laura Thomas,Corporate,South,Tennessee,Nashville,Office Supplies,Binders,143.2,3,,46.13
ORD-2025058,2022-11-01,2022-11-03,First Class,CU-10794,Jason Taylor,Consumer,Central,Michigan,Detroit,Office Supplies,Labels,7.21,1,0.1,1.65
ORD-2022860,2024-05-06,2024-05-11,Standard Class,CU-10337,David Smith,Home Office,East,Massachusetts,Boston,Technology,Copiers,1425.53,2,0.2,-3.88
ORD-2022009,2023-07-06,2023-07-08,,CU-10054,Michael Garcia,Consumer,East,New York,New York City,Office Supplies,Binders,141.28,4,0.0,48.93
ORD-2024138,2024-06-08,2024-06-15,Standard Class,CU-10039,Robert Davis,Consumer,Central,Michigan,Detroit,Office Supplies,Supplies,236.34,4,0.15,15.73
ORD-2025755,2023-01-22,2023-01-29,Standard Class,CU-10114,Steven Miller,Consumer,West,California,San Francisco,Office Supplies,Labels,21.31,6,0.0,5.55
ORD-2023984,2023-12-09,2023-12-14,Standard Class,CU-10738,Ashley Rodriguez,Consumer,West,California,Los Angeles,Technology,Accessories,111.27,2,0.2,-6.86
ORD-2022789,2023-11-30,2023-12-05,,CU-10808,Laura Brown,Consumer,East,Massachusetts,Boston,Office Supplies,Art,32.97,1,0.3,-1.59
ORD-2024310,2024-12-29,2025-01-03,Standard Class,CU-10669,Amy Miller,Consumer,Central,Ohio,Columbus,Office Supplies,Binders,171.81,3,0.2,25.62
ORD-2024759,2023-10-07,2023-10-10,Second Class,CU-10312,Amy Hernandez,Corporate,Central,Michigan,Detroit,Office Supplies,Supplies,80.1,1,0.0,23.96
ORD-2024531,2023-12-19,2023-12-22,Standard Class,CU-10350,James Jones,Corporate,West,California,San Francisco,Office Supplies,Art,25.19,1,0.1,4.35
ORD-2024879,2022-01-03,2022-01-09,Standard Class,CU-10833,David Brown,Consumer,East,Pennsylvania,Philadelphia,Technology,Machines,15043.15,6,0.15,1631.76
ORD-2025223,2024-02-29,2024-03-04,Standard Class,CU-10382,Kevin Wilson,Consumer,South,Georgia,Atlanta,Office Supplies,Supplies,320.47,3,0.2,29.97
ORD-2024196,2022-04-25,2022-05-02,Standard Class,CU-10017,Amy Garcia,Consumer,Central,Ohio,Columbus,Office Supplies,Storage,1665.68,8,,366.35
ORD-2022848,2022-08-21,2022-08-24,Second Class,CU-10014,Karen Williams,Home Office,East,Massachusetts,Boston,Furniture,Furnishings,108.1,1,0.3,-48.15
ORD-2023243,2022-04-08,2022-04-14,Standard Class,CU-10136,Amy Miller,Consumer,West,Washington,Seattle,Office Supplies,Art,38.05,2,0.15,4.44
ORD-2026317,2024-07-11,2024-07-13,First Class,CU-10809,Laura Garcia,Corporate,South,Florida,Miami,Office Supplies,Labels,37.53,3,0.0,13.64
ORD-2022078,2023-11-06,2023-11-11,Standard Class,CU-10377,Karen Anderson,Corporate,East,Pennsylvania,Philadelphia,Furniture,Tables,1767.86,3,0.1,13.59
ORD-2026146,2022-03-04,2022-03-07,Standard Class,CU-10378,Michael Davis,Consumer,Central,Texas,Houston,Office Supplies,Paper,57.02,5,0.1,9.5
ORD-2025389,2022-12-01,2022-12-05,Second Class,CU-10689,Michael Lopez,Consumer,East,Pennsylvania,Philadelphia,Office Supplies,Storage,409.19,3,0.15,73.52
ORD-2024406,2023-11-05,2023-11-09,Standard Class,CU-10316,John Jones,Home Office,Central,Michigan,Detroit,Office Supplies,Storage,17.14,1,0.0,6.33
ORD-2025045,2024-12-20,2024-12-23,Second Class,CU-10240,Karen Jones,Consumer,East,Pennsylvania,Philadelphia,Technology,Accessories,283.79,1,0.1,20.56
ORD-2024083,2022-09-26,2022-10-01,Standard Class,CU-10808,Laura Brown,Consumer,East,Pennsylvania,Philadelphia,Furniture,Furnishings,280.94,2,0.2,-67.74
ORD-2025507,2024-08-12,2024-08-14,First Class,CU-10008,Elizabeth Taylor,Consumer,West,Washington,Seattle,Office Supplies,Storage,118.98,1,0.1,31.82
ORD-2022234,2024-11-29,2024-12-06,Standard Class,CU-10142,James Martinez,Consumer,West,Washington,Seattle,Office Supplies,Binders,6.06,1,0.1,1.2
ORD-2025473,2023-05-08,2023-05-10,First Class,CU-10535,John Brown,Consumer,East,New York,New York City,Office Supplies,Storage,120.78,1,0.0,34.13
ORD-2024371,2022-12-28,2023-01-03,Standard Class,CU-10627,Robert Jones,Consumer,South,Tennessee,Nashville,Technology,Phones,976.88,1,0.3,-121.19
ORD-2022002,2024-10-07,2024-10-14,Standard Class,CU-10665,Michael Thomas,Home Office,West,Washington,Seattle,Furniture,Bookcases,1932.53,4,0.1,118.5
ORD-2025078,2023-12-04,2023-12-08,Standard Class,CU-10351,Elizabeth Thomas,Corporate,East,Massachusetts,Boston,Office Supplies,Supplies,81.22,1,0.2,5.65
ORD-2026391,2024-06-01,2024-06-03,First Class,CU-10362,Linda Garcia,Corporate,South,Georgia,Atlanta,Office Supplies,Supplies,97.0,2,,30.13
ORD-2022633,2023-03-16,2023-03-20,Standard Class,CU-10416,Elizabeth Thomas,Corporate,Central,Michigan,Detroit,Furniture,Chairs,156.17,1,0.2,-31.68
ORD-2023755,2023-11-18,2023-11-23,Standard Class,CU-10061,Laura Jones,Corporate,Central,Illinois,Chicago,Office Supplies,Paper,57.57,4,0.0,18.71
ORD-2023476,2023-06-16,2023-06-22,,CU-10017,Amy Garcia,Consumer,East,Massachusetts,Boston,Office Supplies,Labels,15.18,2,0.0,5.31
ORD-2025321,2023-06-12,2023-06-16,Standard Class,CU-10572,John Martinez,Consumer,Central,Ohio,Columbus,Office Supplies,Art,100.3,8,0.15,21.16
ORD-2024863,2022-06-17,2022-06-21,Second Class,CU-10782,Laura Lee,Consumer,East,Massachusetts,Boston,Office Supplies,Art,12.58,2,0.0,3.88
ORD-2023048,2024-10-09,2024-10-13,Standard Class,CU-10373,John Lopez,Home Office,East,Massachusetts,Boston,Technology,Machines,6007.63,2,0.0,1474.22
ORD-2023240,2024-10-09,2024-10-11,Second Class,CU-10154,Sandra Rodriguez,Consumer,West,Washington,Seattle,Furniture,Furnishings,92.12,4,0.2,-19.4
ORD-2023418,2024-11-10,2024-11-10,Same Day,CU-10081,Sandra Taylor,Consumer,East,New York,Buffalo,Office Supplies,Fasteners,6.59,1,0.2,0.54
ORD-2022938,2024-11-09,2024-11-11,First Class,CU-10829,Robert Miller,Corporate,East,New York,Buffalo,Technology,Copiers,10972.68,8,0.0,2839.26
ORD-2022395,2023-07-11,2023-07-13,,CU-10730,Laura Moore,Corporate,Central,Illinois,Chicago,Technology,Phones,410.01,1,0.2,-16.79
ORD-2026268,2024-07-19,2024-07-24,Standard Class,CU-10477,Susan Jones,Home Office,West,California,Los Angeles,Office Supplies,Binders,96.87,5,0.0,24.96
ORD-2022862,2024-07-04,2024-07-07,Second Class,CU-10180,Ashley Martin,Home Office,West,California,Los Angeles,Office Supplies,Fasteners,10.85,3,0.15,2.21
ORD-2026241,2024-09-05,2024-09-08,Standard Class,CU-10332,James Anderson,Home Office,West,Washington,Seattle,Office Supplies,Supplies,169.88,3,0.1,24.75
ORD-2022714,2024-07-11,2024-07-18,Standard Class,CU-10465,Michael Smith,Corporate,West,Washington,Seattle,Office Supplies,Storage,424.85,3,0.1,102.13
ORD-2024551,2023-09-10,2023-09-14,Standard Class,CU-10213,David Martin,Home Office,South,Florida,Miami,Furniture,Furnishings,81.76,1,0.15,-8.3
ORD-2023757,2024-12-18,2024-12-19,First Class,CU-10502,Linda Taylor,Consumer,South,Georgia,Atlanta,Furniture,Furnishings,218.45,3,0.0,32.59
ORD-2026459,2024-09-01,2024-09-03,First Class,CU-10665,Michael Thomas,Consumer,East,Pennsylvania,Philadelphia,Technology,Accessories,66.53,6,0.0,16.42
ORD-2024431,2024-04-02,2024-04-05,Second Class,CU-10475,David Rodriguez,Consumer,West,Washington,Seattle,Office Supplies,Fasteners,9.71,1,0.0,4.06
ORD-2022310,2023-08-14,2023-08-16,Second Class,CU-10381,Jason Lopez,Corporate,Central,Ohio,Columbus,Technology,Copiers,2673.28,1,0.0,521.89
ORD-2023618,2024-12-29,2024-12-31,Second Class,CU-10280,Karen Miller,Home Office,South,North Carolina,Charlotte,Technology,Machines,12848.72,6,0.0,4286.79
ORD-2025716,2024-04-19,2024-04-26,Standard Class,CU-10516,Amy Hernandez,Consumer,Central,Michigan,Detroit,Furniture,Tables,877.16,4,0.2,-132.13
ORD-2023940,2022-11-06,2022-11-09,Standard Class,CU-10820,Barbara Johnson,Consumer,East,Massachusetts,Boston,Technology,Machines,3110.42,1,0.1,276.03
ORD-2024952,2022-08-19,2022-08-23,Standard Class,CU-10201,Laura Rodriguez,Consumer,West,Arizona,Phoenix,Furniture,Furnishings,323.86,3,0.1,-45.55
ORD-2024568,2023-12-26,2023-12-30,Second Class,CU-10433,Linda Garcia,Consumer,East,Pennsylvania,Philadelphia,Office Supplies,Paper,20.36,1,0.0,4.73
ORD-2025563,2022-09-29,2022-10-01,Second Class,CU-10458,Mary Davis,Corporate,West,California,Los Angeles,Technology,Phones,1183.62,2,0.3,-117.83
ORD-2023779,2023-07-30,2023-08-01,Second Class,CU-10299,Karen Taylor,Corporate,Central,Ohio,Columbus,Office Supplies,Storage,40.85,1,0.15,5.22
ORD-2025898,2022-07-29,2022-07-30,First Class,CU-10571,David Miller,Home Office,South,Tennessee,Nashville,Furniture,Chairs,1490.11,6,0.3,-547.96
ORD-2023229,2022-04-14,2022-04-20,Standard Class,CU-10764,Steven Davis,Home Office,West,Washington,Seattle,Furniture,Tables,1051.53,1,0.2,-200.66
ORD-2025884,2024-12-19,2024-12-23,Standard Class,CU-10840,Amy Miller,Consumer,West,Arizona,Phoenix,Office Supplies,Fasteners,14.41,1,0.0,5.65
ORD-2024724,2022-09-12,2022-09-17,Standard Class,CU-10352,Mary Moore,Corporate,East,Massachusetts,Boston,Furniture,Chairs,195.7,1,0.2,-30.78
ORD-2022759,2023-07-20,2023-07-23,Standard Class,CU-10579,Jason Thomas,Consumer,Central,Illinois,Chicago,Technology,Machines,2145.94,1,0.15,100.51
ORD-2023811,2023-06-22,2023-06-26,Second Class,CU-10818,James Rodriguez,Corporate,Central,Michigan,Detroit,Office Supplies,Art,94.72,4,0.0,31.06
ORD-2026266,2023-05-27,2023-05-31,Second Class,CU-10591,James Taylor,Consumer,South,Tennessee,Nashville,Technology,Machines,1641.07,2,0.1,337.79
ORD-2023367,2022-08-07,2022-08-09,First Class,CU-10593,Barbara Davis,Consumer,West,Washington,Seattle,Technology,Machines,9298.52,4,0.0,2287.23
ORD-2024237,2022-12-25,2022-12-28,Standard Class,CU-10836,Michael Anderson,Consumer,South,Georgia,Atlanta,Office Supplies,Supplies,454.37,4,0.1,144.94
ORD-2023733,2022-11-25,2022-11-25,Same Day,CU-10707,Michael Martin,Corporate,South,Florida,Miami,Office Supplies,Paper,57.09,4,0.1,9.02
ORD-2026498,2024-10-04,2024-10-09,Standard Class,CU-10807,Karen Garcia,Consumer,South,Florida,Miami,Furniture,Furnishings,183.09,4,0.15,-22.15
ORD-2022663,2022-05-20,2022-05-22,Second Class,CU-10378,Michael Davis,Corporate,East,New York,New York City,Office Supplies,Paper,131.57,7,0.0,32.86
ORD-2025063,2024-11-02,2024-11-02,Same Day,CU-10680,David Anderson,Home Office,Central,Illinois,Chicago,Technology,Machines,2015.35,2,0.0,315.18
ORD-2026217,2022-04-30,2022-05-01,,CU-10123,Jason Jackson,Corporate,Central,Ohio,Columbus,Technology,Phones,5472.55,7,0.1,315.11
ORD-2024622,2022-11-08,2022-11-13,,CU-10677,Nancy Smith,Corporate,South,Georgia,Atlanta,Furniture,Furnishings,112.31,1,0.2,-23.82
ORD-2023393,2022-04-14,2022-04-18,Second Class,CU-10826,Jason Wilson,Home Office,East,New York,Buffalo,Furniture,Chairs,1946.77,4,0.2,-364.07
ORD-2024363,2024-11-03,2024-11-06,Second Class,CU-10515,Mary Garcia,Corporate,Central,Texas,Houston,Office Supplies,Storage,234.77,1,0.1,37.09
ORD-2022742,2024-10-11,2024-10-12,First Class,CU-10389,Nancy Lee,Consumer,West,Washington,Seattle,Furniture,Bookcases,437.05,3,0.2,-72.15
ORD-2025696,2022-12-15,2022-12-18,Standard Class,CU-10371,Susan Jones,Consumer,South,North Carolina,Charlotte,Technology,Phones,7001.63,6,0.1,1153.92
ORD-2026365,2022-07-07,2022-07-11,Standard Class,CU-10147,Patricia Jones,Corporate,Central,Texas,Houston,Office Supplies,Paper,48.43,4,0.0,14.1
ORD-2026378,2024-11-09,2024-11-16,Standard Class,CU-10294,Susan Miller,Corporate,East,Massachusetts,Boston,Office Supplies,Paper,26.89,2,0.0,7.12
ORD-2024834,2024-02-05,2024-02-11,Standard Class,CU-10118,Karen Rodriguez,Consumer,East,Pennsylvania,Philadelphia,Office Supplies,Storage,444.39,2,0.15,81.01
ORD-2023512,2023-12-13,2023-12-18,Standard Class,CU-10538,Karen Jackson,Home Office,East,New York,New York City,Office Supplies,Storage,538.77,3,0.1,88.07
ORD-2024405,2022-11-19,2022-11-21,First Class,CU-10189,Kevin Thomas,Home Office,Central,Michigan,Detroit,Furniture,Tables,1910.29,2,0.0,311.11
ORD-2025009,2024-05-19,2024-05-26,Standard Class,CU-10732,John Rodriguez,Home Office,West,Washington,Seattle,Office Supplies,Supplies,235.97,6,0.0,65.47
ORD-2022026,2023-07-29,2023-07-31,Second Class,CU-10493,Barbara Davis,Consumer,Central,Michigan,Detroit,Office Supplies,Binders,14.37,3,0.0,4.9
ORD-2022762,2022-03-27,2022-03-30,Standard Class,CU-10735,Karen Wilson,Home Office,East,Massachusetts,Boston,Technology,Phones,564.17,1,0.1,100.42
ORD-2025348,2024-06-21,2024-06-23,Second Class,CU-10350,James Jones,Home Office,Central,Texas,Houston,Furniture,Bookcases,3205.16,6,0.2,-596.08
ORD-2023014,2023-01-20,2023-01-27,Standard Class,CU-10687,Ashley Hernandez,Consumer,West,California,Los Angeles,Technology,Copiers,6974.77,3,0.0,1189.46
ORD-2026348,2023-10-01,2023-10-06,Standard Class,CU-10149,Steven Martinez,Corporate,South,North Carolina,Charlotte,Furniture,Tables,10084.05,8,0.15,-462.52
ORD-2024304,2023-06-15,2023-06-17,Second Class,CU-10293,Jason Lee,Consumer,Central,Illinois,Chicago,Office Supplies,Binders,28.41,1,0.0,9.12
ORD-2025984,2023-03-15,2023-03-19,Standard Class,CU-10738,Ashley Rodriguez,Consumer,Central,Michigan,Detroit,Office Supplies,Fasteners,57.31,5,0.0,16.93
ORD-2025915,2022-12-18,2022-12-22,Second Class,CU-10615,James Martin,Consumer,Central,Texas,Houston,Office Supplies,Art,58.7,8,0.0,20.99
ORD-2025260,2022-05-12,2022-05-15,Standard Class,CU-10468,Karen Smith,Corporate,West,Washington,Seattle,Technology,Machines,3022.54,3,0.15,369.05
ORD-2025261,2024-03-01,2024-03-07,Standard Class,CU-10152,Barbara Williams,Home Office,South,Georgia,Atlanta,Technology,Accessories,177.15,8,,-16.34
ORD-2022966,2024-12-09,2024-12-15,Standard Class,CU-10086,Mary Hernandez,Consumer,Central,Michigan,Detroit,Office Supplies,Fasteners,38.35,2,0.15,4.61
ORD-2023600,2024-11-18,2024-11-20,First Class,CU-10662,Susan Williams,Consumer,West,California,Los Angeles,Office Supplies,Storage,718.83,3,0.0,236.9
ORD-2023972,2024-04-23,2024-04-29,Standard Class,CU-10305,Laura Thomas,Corporate,East,Pennsylvania,Philadelphia,Technology,Copiers,21322.71,6,0.0,4286.67
ORD-2025314,2022-12-12,2022-12-19,Standard Class,CU-10340,James Jackson,Consumer,Central,Texas,Houston,Office Supplies,Supplies,127.53,2,0.0,45.05
ORD-2022682,2022-02-06,2022-02-11,Standard Class,CU-10308,Barbara Rodriguez,Consumer,South,Tennessee,Nashville,Office Supplies,Labels,18.85,4,0.0,6.42
ORD-2024736,2022-09-26,2022-09-30,Standard Class,CU-10490,Barbara Smith,Consumer,West,Washington,Seattle,Furniture,Bookcases,451.49,1,0.2,-81.89
ORD-2026197,2024-11-03,2024-11-10,,CU-10553,Kevin Williams,Consumer,Central,Illinois,Chicago,Office Supplies,Art,31.29,3,0.1,8.53
ORD-2022863,2023-11-13,2023-11-18,Standard Class,CU-10461,Ashley Brown,Consumer,West,California,San Francisco,Office Supplies,Labels,17.32,4,0.0,5.94
ORD-2024546,2024-12-17,2024-12-19,First Class,CU-10737,Elizabeth Williams,Corporate,West,California,Los Angeles,Furniture,Tables,802.06,3,0.1,-3.06
ORD-2024089,2023-07-29,2023-08-02,Second Class,CU-10351,Elizabeth Thomas,Consumer,East,New York,New York City,Furniture,Bookcases,1884.42,3,0.3,-745.96
ORD-2022991,2024-05-19,2024-05-21,First Class,CU-10042,David Lee,Consumer,West,Arizona,Phoenix,Technology,Machines,3177.6,1,0.15,73.68
ORD-2022914,2024-12-23,2024-12-26,Second Class,CU-10789,Susan Wilson,Corporate,West,California,Los Angeles,Office Supplies,Paper,27.41,2,0.2,1.57
ORD-2025445,2023-01-08,2023-01-14,Standard Class,CU-10264,Patricia Rodriguez,Home Office,East,New York,New York City,Office Supplies,Art,12.86,2,0.0,3.56
ORD-2026137,2024-10-04,2024-10-05,First Class,CU-10417,Robert Anderson,Corporate,South,Georgia,Atlanta,Office Supplies,Paper,14.68,2,0.0,5.96
ORD-2024147,2024-12-29,2024-12-31,Second Class,CU-10665,Michael Thomas,Consumer,East,New York,New York City,Office Supplies,Paper,135.04,6,0.2,1.0
ORD-2022185,2023-12-29,2024-01-01,Second Class,CU-10216,Amy Miller,Home Office,West,California,Los Angeles,Furniture,Chairs,2148.13,5,0.4,-1255.06
ORD-2023764,2022-07-10,2022-07-14,Second Class,CU-10828,Kevin Rodriguez,Corporate,East,New York,Buffalo,Office Supplies,Supplies,306.41,4,0.0,104.01
ORD-2022922,2023-12-08,2023-12-14,Standard Class,CU-10074,David Moore,Corporate,East,Pennsylvania,Philadelphia,Furniture,Furnishings,299.48,2,0.0,51.54
ORD-2022074,2022-04-12,2022-04-17,Standard Class,CU-10600,John Lopez,Consumer,East,New York,Buffalo,Office Supplies,Supplies,179.02,4,0.3,2.67
ORD-2025693,2023-10-26,2023-11-01,Standard Class,CU-10002,Kevin Wilson,Corporate,East,Massachusetts,Boston,Technology,Accessories,927.85,5,0.2,-41.29
ORD-2024768,2024-09-18,2024-09-25,Standard Class,CU-10538,Karen Jackson,Consumer,East,Pennsylvania,Philadelphia,Office Supplies,Art,35.35,1,0.0,13.96
ORD-2023619,2022-03-15,2022-03-20,Standard Class,CU-10062,James Garcia,Consumer,East,Pennsylvania,Philadelphia,Technology,Copiers,1499.73,1,0.2,-51.53
ORD-2023830,2023-07-31,2023-08-01,First Class,CU-10224,Kevin Johnson,Consumer,West,California,San Francisco,Technology,Accessories,515.82,2,0.15,37.86
ORD-2025322,2024-03-18,2024-03-22,Standard Class,CU-10769,Robert Martinez,Home Office,South,Florida,Miami,Furniture,Tables,7156.44,6,0.2,-1264.08
ORD-2024484,2024-08-20,2024-08-24,Standard Class,CU-10315,James Smith,Corporate,West,Arizona,Phoenix,Office Supplies,Paper,66.59,3,0.3,2.77
ORD-2025148,2024-10-07,2024-10-14,Standard Class,CU-10030,Sandra Taylor,Consumer,East,New York,Buffalo,Furniture,Bookcases,2910.21,6,0.2,-465.9
ORD-2022740,2022-01-04,2022-01-08,Standard Class,CU-10433,Linda Garcia,Consumer,Central,Texas,Houston,Office Supplies,Binders,40.49,1,0.15,5.58
ORD-2025867,2022-11-24,2022-11-25,First Class,CU-10249,Jason Williams,Home Office,Central,Michigan,Detroit,Office Supplies,Art,28.67,2,0.0,8.35
ORD-2022971,2022-03-02,2022-03-06,Second Class,CU-10360,Steven Hernandez,Home Office,South,North Carolina,Charlotte,Technology,Accessories,1114.72,8,0.15,65.35
ORD-2023743,2024-12-12,2024-12-16,Standard Class,CU-10200,Barbara Lee,Home Office,West,Arizona,Phoenix,Furniture,Tables,2561.06,8,0.3,-926.52
ORD-2024564,2023-12-02,2023-12-05,Second Class,CU-10749,Sandra Moore,Consumer,East,New York,New York City,Technology,Accessories,404.87,2,0.2,11.12
ORD-2022819,2022-12-03,2022-12-05,Second Class,CU-10041,Patricia Smith,Consumer,East,New York,Buffalo,Furniture,Bookcases,767.62,3,0.4,-502.6
ORD-2025634,2023-11-24,2023-11-27,Standard Class,CU-10454,Nancy Jones,Corporate,West,Washington,Seattle,Office Supplies,Storage,361.51,3,0.1,56.17
ORD-2023116,2022-08-04,2022-08-07,Standard Class,CU-10171,David Miller,Corporate,West,California,Los Angeles,Furniture,Bookcases,795.31,2,0.15,-71.34
ORD-2023709,2022-12-08,2022-12-13,Standard Class,CU-10552,Barbara Lopez,Consumer,South,Tennessee,Nashville,Office Supplies,Storage,1396.17,8,0.1,306.23
ORD-2022156,2022-12-07,2022-12-08,First Class,CU-10675,Amy Smith,Home Office,West,Washington,Seattle,Office Supplies,Storage,420.36,2,,112.09
ORD-2024803,2023-11-27,2023-11-30,Standard Class,CU-10520,Karen Martin,Consumer,East,Pennsylvania,Philadelphia,Technology,Copiers,6612.3,6,0.3,-1010.96
ORD-2024467,2023-11-26,2023-11-27,First Class,CU-10581,David Lopez,Corporate,West,California,San Francisco,Furniture,Chairs,360.92,1,0.1,-46.24
ORD-2022831,2023-11-04,2023-11-08,Standard Class,CU-10520,Karen Martin,Corporate,Central,Texas,Houston,Technology,Accessories,1344.37,7,0.3,-169.94
ORD-2023358,2024-02-18,2024-02-20,First Class,CU-10755,Karen Jackson,Consumer,East,New York,New York City,Furniture,Furnishings,137.61,1,0.0,23.26
ORD-2022835,2023-11-11,2023-11-16,Standard Class,CU-10439,Susan Brown,Home Office,West,California,Los Angeles,Office Supplies,Supplies,268.32,5,,65.42
ORD-2024825,2024-05-02,2024-05-05,Standard Class,CU-10064,Mary Brown,Corporate,West,California,Los Angeles,Technology,Machines,660.97,1,0.3,-98.23
ORD-2022502,2024-11-23,2024-11-29,Standard Class,CU-10739,Nancy Lopez,Consumer,East,Massachusetts,Boston,Technology,Machines,2884.98,1,0.1,768.3
ORD-2023121,2022-06-28,2022-07-03,Standard Class,CU-10613,Michael Martin,Corporate,East,Massachusetts,Boston,Office Supplies,Binders,58.02,1,0.0,15.53
ORD-2024364,2023-12-31,2024-01-03,Second Class,CU-10713,Kevin Martin,Consumer,Central,Michigan,Detroit,Office Supplies,Binders,92.83,3,0.1,17.34
ORD-2024598,2024-12-04,2024-12-08,Second Class,CU-10005,Barbara Davis,Corporate,Central,Illinois,Chicago,Office Supplies,Storage,130.12,4,0.2,11.52
ORD-2025140,2022-12-17,2022-12-21,Second Class,CU-10631,Jason Brown,Consumer,West,California,Los Angeles,Office Supplies,Labels,3.14,1,0.15,0.72
ORD-2022989,2024-07-21,2024-07-25,Standard Class,CU-10074,David Moore,Consumer,West,California,San Francisco,Furniture,Bookcases,585.08,1,0.3,-187.54
ORD-2025950,2023-05-31,2023-06-06,Standard Class,CU-10673,Jason Smith,Corporate,West,Arizona,Phoenix,Furniture,Tables,2837.09,7,0.2,-713.82
ORD-2025272,2023-12-20,2023-12-26,Standard Class,CU-10584,Amy Martin,Consumer,South,Tennessee,Nashville,Office Supplies,Binders,38.81,1,0.2,2.69
ORD-2024397,2022-10-04,2022-10-07,Standard Class,CU-10637,John Smith,Corporate,South,Florida,Miami,Office Supplies,Fasteners,33.54,2,0.0,9.6
ORD-2024044,2024-12-22,2024-12-24,Second Class,CU-10758,Steven Rodriguez,Consumer,East,Massachusetts,Boston,Technology,Phones,500.9,1,0.15,10.25
ORD-2023980,2024-10-08,2024-10-11,Second Class,CU-10623,Linda Lopez,Home Office,East,New York,New York City,Furniture,Chairs,481.74,4,0.1,22.19
ORD-2025943,2023-12-04,2023-12-11,Standard Class,CU-10653,Sandra Jones,Home Office,East,Massachusetts,Boston,Technology,Copiers,24351.85,7,0.15,870.9
ORD-2023056,2024-11-17,2024-11-21,Second Class,CU-10229,Kevin Rodriguez,Consumer,East,New York,Buffalo,Office Supplies,Art,12.31,2,0.1,3.21
ORD-2024683,2023-11-20,2023-11-22,Second Class,CU-10340,James Jackson,Consumer,West,Washington,Seattle,Technology,Machines,5197.09,2,0.0,986.55
ORD-2023346,2023-05-30,2023-06-01,First Class,CU-10099,James Davis,Corporate,West,Arizona,Phoenix,Office Supplies,Supplies,411.97,5,0.0,155.23
ORD-2026125,2022-08-25,2022-08-31,Standard Class,CU-10837,Ashley Anderson,Consumer,West,California,Los Angeles,Office Supplies,Storage,862.59,6,0.0,215.66
ORD-2024366,2022-11-28,2022-12-03,Standard Class,CU-10644,Linda Miller,Consumer,Central,Texas,Houston,Office Supplies,Fasteners,11.47,1,0.3,-0.43
ORD-2025636,2024-08-29,2024-09-05,Standard Class,CU-10748,Susan Williams,Consumer,East,New York,Buffalo,Furniture,Tables,1173.87,4,0.5,-803.94
ORD-2024591,2024-11-07,2024-11-14,Standard Class,CU-10096,Amy Rodriguez,Consumer,South,North Carolina,Charlotte,Technology,Machines,2319.17,1,0.3,-249.24
ORD-2022355,2023-10-04,2023-10-11,Standard Class,CU-10783,Patricia Davis,Home Office,South,Tennessee,Nashville,Office Supplies,Paper,21.87,4,0.1,5.09
ORD-2025962,2024-02-28,2024-03-02,Standard Class,CU-10772,Karen Moore,Consumer,West,California,San Francisco,Office Supplies,Supplies,447.73,4,0.15,101.15
ORD-2025097,2023-04-10,2023-04-13,Standard Class,CU-10847,Kevin Thomas,Corporate,East,New York,New York City,Furniture,Tables,761.85,2,0.1,37.04
ORD-2024541,2023-06-16,2023-06-17,First Class,CU-10528,Ashley Lopez,Consumer,West,Arizona,Phoenix,Office Supplies,Art,22.9,2,0.1,5.8
ORD-2025012,2024-06-04,2024-06-05,First Class,CU-10640,Ashley Wilson,Consumer,East,New York,New York City,Furniture,Furnishings,53.7,4,0.0,9.46
ORD-2026177,2024-12-25,2024-12-30,Standard Class,CU-10436,Kevin Davis,Corporate,Central,Michigan,Detroit,Office Supplies,Storage,46.88,2,0.0,15.28
ORD-2022723,2024-12-12,2024-12-15,Second Class,CU-10771,Sandra Jackson,Home Office,Central,Illinois,Chicago,Office Supplies,Fasteners,15.45,1,0.0,5.1
ORD-2024228,2022-03-15,2022-03-17,Second Class,CU-10275,Kevin Johnson,Corporate,Central,Illinois,Chicago,Office Supplies,Paper,17.89,2,0.15,3.24
ORD-2023976,2023-07-25,2023-07-28,Standard Class,CU-10366,Karen Garcia,Corporate,Central,Illinois,Chicago,Office Supplies,Paper,83.76,4,0.15,8.68
ORD-2024955,2023-01-07,2023-01-07,Same Day,CU-10046,Ashley Lee,Consumer,West,Arizona,Phoenix,Office Supplies,Labels,8.36,2,0.0,2.34
ORD-2022244,2023-12-03,2023-12-10,Standard Class,CU-10334,Patricia Miller,Home Office,Central,Illinois,Chicago,Furniture,Chairs,953.04,2,0.4,-493.43
ORD-2024214,2024-11-23,2024-11-28,Standard Class,CU-10806,James Lee,Home Office,East,Pennsylvania,Philadelphia,Office Supplies,Labels,28.69,3,0.2,2.53
ORD-2023298,2024-04-09,2024-04-16,Standard Class,CU-10599,Laura Jackson,Home Office,East,New York,Buffalo,Technology,Machines,1487.71,1,0.1,128.79
ORD-2022717,2022-06-14,2022-06-17,Standard Class,CU-10307,Ashley Lopez,Corporate,East,New York,New York City,Technology,Machines,1419.86,1,0.15,87.32
ORD-2022392,2023-11-23,2023-11-26,Second Class,CU-10345,James Miller,Corporate,West,California,San Francisco,Technology,Machines,21699.62,7,0.1,2074.99
ORD-2023746,2024-05-09,2024-05-15,Standard Class,CU-10677,Nancy Smith,Consumer,East,Massachusetts,Boston,Office Supplies,Storage,84.45,1,0.0,23.03
ORD-2025292,2023-11-18,2023-11-21,Standard Class,CU-10804,Patricia Smith,Consumer,West,Arizona,Phoenix,Office Supplies,Binders,7.57,2,0.0,2.7
ORD-2025530,2022-03-29,2022-04-03,Standard Class,CU-10349,Ashley Taylor,Corporate,East,New York,New York City,Furniture,Tables,924.22,1,0.0,206.67
ORD-2023258,2023-10-08,2023-10-12,Standard Class,CU-10780,Kevin Lee,Consumer,South,Tennessee,Nashville,Furniture,Tables,3517.93,7,0.3,-1633.87
ORD-2024988,2022-09-04,2022-09-06,First Class,CU-10829,Robert Miller,Consumer,Central,Michigan,Detroit,Furniture,Chairs,348.63,2,0.2,-76.74
ORD-2025106,2022-12-31,2023-01-07,Standard Class,CU-10130,Elizabeth Garcia,Consumer,West,Arizona,Phoenix,Technology,Phones,813.38,1,0.15,98.24
ORD-2022085,2022-05-28,2022-06-01,Second Class,CU-10547,Steven Moore,Consumer,South,Georgia,Atlanta,Technology,Accessories,1073.3,4,0.3,-141.92
ORD-2022746,2022-12-31,2022-12-31,,CU-10238,Michael Williams,Consumer,South,Georgia,Atlanta,Technology,Phones,919.94,7,0.15,57.65
ORD-2023180,2024-05-20,2024-05-27,Standard Class,CU-10099,James Davis,Consumer,West,California,San Francisco,Furniture,Chairs,1107.6,4,0.2,-267.58
ORD-2025650,2022-12-14,2022-12-17,Standard Class,CU-10248,Elizabeth Jackson,Consumer,East,Massachusetts,Boston,Office Supplies,Supplies,322.09,6,0.0,122.54
ORD-2023315,2024-01-29,2024-01-29,Same Day,CU-10450,Karen Jones,Consumer,East,Massachusetts,Boston,Office Supplies,Art,215.96,7,0.1,45.61
ORD-2024090,2023-02-27,2023-02-28,First Class,CU-10617,Steven Taylor,Corporate,East,New York,Buffalo,Office Supplies,Supplies,173.18,4,0.0,36.91
ORD-2023101,2023-01-07,2023-01-13,Standard Class,CU-10637,John Smith,Corporate,West,California,San Francisco,Office Supplies,Art,4.69,1,0.1,0.72
ORD-2022912,2024-11-12,2024-11-15,Standard Class,CU-10804,Patricia Smith,Consumer,West,California,San Francisco,Office Supplies,Paper,23.16,4,0.1,5.1
ORD-2025435,2023-11-09,2023-11-10,First Class,CU-10176,James Williams,Corporate,Central,Illinois,Chicago,Office Supplies,Labels,53.37,4,0.0,15.48
ORD-2022962,2022-07-26,2022-07-29,Standard Class,CU-10640,Ashley Wilson,Corporate,Central,Texas,Houston,Office Supplies,Binders,34.95,1,0.0,10.89
ORD-2022554,2022-03-23,2022-03-26,Standard Class,CU-10624,Kevin Lopez,Corporate,East,New York,New York City,Furniture,Furnishings,104.73,6,0.0,15.73
ORD-2025891,2023-12-30,2024-01-05,Standard Class,CU-10513,Laura Thomas,Corporate,Central,Michigan,Detroit,Office Supplies,Binders,116.83,3,,-9.42
ORD-2025029,2023-03-24,2023-03-29,Standard Class,CU-10281,Sandra Lee,Home Office,West,California,San Francisco,Furniture,Furnishings,361.17,6,0.5,-284.36
ORD-2024428,2023-12-15,2023-12-18,Standard Class,CU-10661,Barbara Martin,Consumer,West,California,Los Angeles,Office Supplies,Art,12.4,1,0.0,3.18
ORD-2025051,2022-06-07,2022-06-11,Second Class,CU-10812,Laura Miller,Consumer,Central,Ohio,Columbus,Office Supplies,Fasteners,9.67,3,0.1,1.81
ORD-2026404,2023-07-31,2023-08-05,Standard Class,CU-10795,Laura Lopez,Consumer,West,Arizona,Phoenix,Office Supplies,Art,9.74,2,0.0,2.86
ORD-2025086,2022-10-22,2022-10-23,First Class,CU-10334,Patricia Miller,Corporate,West,Washington,Seattle,Office Supplies,Labels,35.69,3,0.0,11.03
ORD-2024557,2022-11-27,2022-11-30,Standard Class,CU-10746,James Hernandez,Consumer,West,California,San Francisco,Office Supplies,Labels,4.17,1,0.15,1.24
ORD-2025139,2023-03-21,2023-03-27,Standard Class,CU-10683,John Anderson,Consumer,South,Florida,Miami,Furniture,Tables,1279.08,3,0.1,-26.33
ORD-2024069,2023-09-15,2023-09-18,Standard Class,CU-10819,Kevin Miller,Corporate,West,California,Los Angeles,Office Supplies,Binders,20.97,4,0.1,4.12
ORD-2022106,2023-07-04,2023-07-09,Standard Class,CU-10843,Ashley Lopez,Consumer,West,California,San Francisco,Technology,Phones,110.68,1,0.0,36.78
ORD-2024007,2022-08-10,2022-08-16,Standard Class,CU-10397,Laura Hernandez,Consumer,South,North Carolina,Charlotte,Office Supplies,Binders,37.42,1,0.0,7.73
ORD-2022437,2023-09-15,2023-09-17,First Class,CU-10186,James Garcia,Consumer,East,Massachusetts,Boston,Furniture,Furnishings,684.35,5,0.4,-390.73
ORD-2023800,2023-12-05,2023-12-11,Standard Class,CU-10785,Kevin Williams,Corporate,South,Georgia,Atlanta,Office Supplies,Storage,136.1,1,0.0,47.07
ORD-2024235,2024-10-26,2024-11-02,Standard Class,CU-10401,Nancy Garcia,Corporate,West,Washington,Seattle,Office Supplies,Binders,64.05,5,0.0,16.12
ORD-2025062,2022-11-17,2022-11-20,Standard Class,CU-10074,David Moore,Corporate,East,New York,Buffalo,Furniture,Tables,914.65,5,0.3,-383.63
ORD-2024212,2024-10-22,2024-10-29,Standard Class,CU-10417,Robert Anderson,Consumer,East,New York,Buffalo,Office Supplies,Binders,165.31,4,0.2,25.48
ORD-2024441,2022-09-04,2022-09-07,Standard Class,CU-10206,Steven Johnson,Corporate,Central,Michigan,Detroit,Office Supplies,Paper,8.39,4,0.3,-0.24
ORD-2022170,2022-12-11,2022-12-15,Second Class,CU-10309,David Lopez,Consumer,West,California,San Francisco,Furniture,Chairs,1426.04,8,0.1,125.82
ORD-2026254,2024-09-24,2024-09-25,First Class,CU-10214,David Lopez,Home Office,West,California,Los Angeles,Furniture,Bookcases,1335.95,3,0.0,198.7
ORD-2023985,2024-11-26,2024-11-28,Second Class,CU-10083,Ashley Lee,Corporate,Central,Michigan,Detroit,Office Supplies,Paper,72.53,4,,14.67
ORD-2023371,2024-12-06,2024-12-10,Second Class,CU-10732,John Rodriguez,Home Office,Central,Ohio,Columbus,Office Supplies,Paper,12.9,1,0.0,4.36
ORD-2024122,2022-12-06,2022-12-11,Standard Class,CU-10219,Michael Williams,Consumer,East,New York,New York City,Office Supplies,Storage,378.87,4,0.1,71.98
ORD-2025401,2024-09-12,2024-09-18,Standard Class,CU-10646,Mary Jackson,Consumer,Central,Illinois,Chicago,Furniture,Tables,927.76,4,0.2,-183.91
ORD-2023676,2024-04-17,2024-04-23,Standard Class,CU-10285,Laura Jackson,Corporate,East,New York,Buffalo,Furniture,Tables,742.46,1,0.3,-299.69
ORD-2023158,2023-06-15,2023-06-20,Standard Class,CU-10235,Elizabeth Thomas,Consumer,Central,Illinois,Chicago,Furniture,Bookcases,2248.16,5,0.3,-1006.4
ORD-2023127,2024-02-10,2024-02-13,Standard Class,CU-10229,Kevin Rodriguez,Corporate,East,New York,Buffalo,Office Supplies,Paper,15.41,1,0.1,3.55
ORD-2024057,2023-08-10,2023-08-15,Standard Class,CU-10691,John Anderson,Consumer,East,Pennsylvania,Philadelphia,Furniture,Furnishings,215.47,2,0.4,-110.56
ORD-2025941,2022-09-30,2022-10-07,Standard Class,CU-10820,Barbara Johnson,Corporate,West,Arizona,Phoenix,Furniture,Furnishings,54.39,1,0.0,10.72
ORD-2024058,2022-07-25,2022-07-26,First Class,CU-10127,Amy Miller,Consumer,West,California,Los Angeles,Office Supplies,Storage,50.48,1,0.1,13.79
ORD-2024355,2024-07-22,2024-07-29,,CU-10075,Steven Brown,Corporate,West,Arizona,Phoenix,Office Supplies,Labels,12.7,2,0.1,3.41
ORD-2024904,2023-03-25,2023-03-27,Second Class,CU-10352,Mary Moore,Corporate,East,Massachusetts,Boston,Office Supplies,Binders,119.06,2,0.0,34.69
ORD-2022826,2023-11-27,2023-12-03,Standard Class,CU-10518,Barbara Wilson,Corporate,West,California,Los Angeles,Technology,Accessories,703.0,4,0.0,182.72
ORD-2025286,2023-12-13,2023-12-15,Second Class,CU-10664,Nancy Wilson,Corporate,West,Arizona,Phoenix,Technology,Accessories,795.22,6,0.2,-8.74
ORD-2026229,2022-11-24,2022-11-27,,CU-10350,James Jones,Corporate,South,Tennessee,Nashville,Furniture,Bookcases,1541.56,4,0.3,-683.59
ORD-2026467,2023-12-28,2024-01-02,Standard Class,CU-10450,Karen Jones,Consumer,Central,Texas,Houston,Technology,Copiers,1257.85,1,0.15,125.09
ORD-2022284,2023-11-14,2023-11-18,Second Class,CU-10175,Sandra Williams,Consumer,South,Florida,Miami,Furniture,Furnishings,377.32,3,0.3,-154.21
ORD-2022095,2023-12-14,2023-12-17,Standard Class,CU-10180,Ashley Martin,Home Office,Central,Texas,Houston,Technology,Copiers,1172.27,1,0.1,200.84
ORD-2026308,2024-12-03,2024-12-10,Standard Class,CU-10596,James Anderson,Corporate,South,Tennessee,Nashville,Technology,Machines,5216.51,2,0.0,1336.43
ORD-2024664,2023-09-02,2023-09-05,Second Class,CU-10003,Kevin Martinez,Consumer,West,Arizona,Phoenix,Office Supplies,Labels,13.09,1,0.3,-1.01
ORD-2025442,2022-03-17,2022-03-20,Standard Class,CU-10810,Elizabeth Rodriguez,Home Office,Central,Illinois,Chicago,Technology,Copiers,3676.43,2,0.1,546.4
ORD-2025816,2023-06-03,2023-06-06,Standard Class,CU-10459,Sandra Thomas,Corporate,East,New York,Buffalo,Technology,Machines,5713.24,5,0.1,616.41
ORD-2026431,2024-11-12,2024-11-12,Same Day,CU-10435,Nancy Brown,Consumer,West,California,Los Angeles,Furniture,Furnishings,257.77,2,0.15,-52.67
ORD-2024649,2024-09-24,2024-09-30,Standard Class,CU-10428,Michael Thomas,Corporate,South,Florida,Miami,Office Supplies,Storage,1888.14,8,0.0,670.91
ORD-2025197,2022-06-02,2022-06-05,Second Class,CU-10697,Linda Miller,Corporate,Central,Ohio,Columbus,Technology,Machines,5988.07,2,0.4,-1735.77
ORD-2024931,2022-10-24,2022-10-28,Second Class,CU-10430,Susan Taylor,Consumer,South,Tennessee,Nashville,Office Supplies,Supplies,106.78,1,0.1,29.91
ORD-2023431,2023-12-06,2023-12-08,Second Class,CU-10228,Mary Wilson,Consumer,West,California,San Francisco,Office Supplies,Paper,49.06,3,0.0,12.0
ORD-2024280,2023-05-23,2023-05-29,Standard Class,CU-10498,Laura Davis,Corporate,South,North Carolina,Charlotte,Office Supplies,Fasteners,16.78,1,0.0,4.16
ORD-2023440,2022-11-13,2022-11-16,Second Class,CU-10057,Susan Thomas,Corporate,West,California,Los Angeles,Office Supplies,Paper,7.85,1,0.1,0.81
ORD-2024521,2023-11-09,2023-11-11,First Class,CU-10727,Mary Smith,Consumer,East,New York,Buffalo,Office Supplies,Binders,228.6,8,,58.01
ORD-2025628,2023-12-20,2023-12-23,Standard Class,CU-10234,Amy Martin,Home Office,Central,Texas,Houston,Office Supplies,Supplies,430.57,4,,123.63
ORD-2024187,2023-11-21,2023-11-21,Same Day,CU-10546,Karen Jones,Corporate,East,New York,New York City,Office Supplies,Supplies,23.92,1,0.1,3.86
ORD-2025656,2022-09-02,2022-09-06,Second Class,CU-10730,Laura Moore,Corporate,Central,Ohio,Columbus,Office Supplies,Paper,17.51,1,0.15,2.98
ORD-2023284,2024-11-26,2024-11-27,First Class,CU-10495,Michael Jones,Home Office,West,California,San Francisco,Office Supplies,Supplies,231.88,2,0.0,62.69
ORD-2025545,2023-08-04,2023-08-06,Second Class,CU-10131,Patricia Rodriguez,Home Office,Central,Illinois,Chicago,Office Supplies,Storage,195.83,5,0.0,65.97
ORD-2025237,2022-12-08,2022-12-15,Standard Class,CU-10631,Jason Brown,Consumer,West,Washington,Seattle,Office Supplies,Paper,52.99,4,0.0,14.88
ORD-2024003,2023-12-24,2023-12-28,Standard Class,CU-10252,James Davis,Consumer,West,Arizona,Phoenix,Technology,Copiers,4551.9,2,0.0,913.06
ORD-2023250,2022-06-11,2022-06-17,Standard Class,CU-10223,Laura Wilson,Home Office,West,California,San Francisco,Office Supplies,Fasteners,6.98,1,0.3,-0.16
ORD-2023954,2024-11-14,2024-11-18,Standard Class,CU-10650,Mary Anderson,Consumer,East,Pennsylvania,Philadelphia,Office Supplies,Binders,126.51,4,0.15,26.12
ORD-2024153,2024-07-27,2024-07-31,Standard Class,CU-10205,Steven Garcia,Corporate,South,Georgia,Atlanta,Technology,Accessories,1400.08,5,0.2,102.75
ORD-2024239,2023-10-20,2023-10-23,Standard Class,CU-10096,Amy Rodriguez,Consumer,Central,Michigan,Detroit,Office Supplies,Paper,7.66,1,0.1,1.65
ORD-2025378,2023-07-12,2023-07-13,First Class,CU-10371,Susan Jones,Corporate,South,North Carolina,Charlotte,Technology,Copiers,3348.93,3,0.0,885.2
ORD-2025645,2024-05-26,2024-05-31,Standard Class,CU-10213,David Martin,Consumer,East,New York,Buffalo,Office Supplies,Supplies,27.87,3,0.1,4.96
ORD-2023256,2024-05-24,2024-05-29,Standard Class,CU-10799,Steven Johnson,Corporate,South,North Carolina,Charlotte,Technology,Accessories,1489.35,5,0.15,113.15
ORD-2022055,2024-07-01,2024-07-04,Standard Class,CU-10243,Elizabeth Garcia,Corporate,West,Washington,Seattle,Furniture,Tables,505.19,1,0.0,43.18
ORD-2022482,2023-11-23,2023-11-30,Standard Class,CU-10248,Elizabeth Jackson,Consumer,West,Arizona,Phoenix,Technology,Phones,943.04,3,0.0,196.36
ORD-2022043,2022-12-22,2022-12-25,Second Class,CU-10081,Sandra Taylor,Consumer,West,Washington,Seattle,Furniture,Tables,1306.19,3,0.3,-415.55
ORD-2025555,2024-07-27,2024-07-27,Same Day,CU-10523,Barbara Wilson,Corporate,West,Arizona,Phoenix,Technology,Machines,10002.78,5,0.2,71.25
ORD-2026127,2023-08-16,2023-08-19,,CU-10087,David Martin,Corporate,West,Washington,Seattle,Office Supplies,Supplies,584.06,7,0.0,247.63
ORD-2023821,2023-09-02,2023-09-05,Standard Class,CU-10564,John Martin,Consumer,Central,Illinois,Chicago,Technology,Machines,17647.32,6,0.2,-1582.59
ORD-2023543,2022-09-21,2022-09-27,Standard Class,CU-10752,Elizabeth Garcia,Consumer,Central,Texas,Houston,Technology,Phones,4130.68,4,0.3,-438.83
ORD-2022320,2024-11-20,2024-11-26,Standard Class,CU-10040,Jason Smith,Consumer,Central,Michigan,Detroit,Technology,Phones,512.15,2,0.15,51.91
ORD-2023341,2024-08-13,2024-08-18,Standard Class,CU-10085,Susan Taylor,Consumer,South,Tennessee,Nashville,Furniture,Furnishings,397.82,7,0.2,-78.46
ORD-2024134,2023-09-15,2023-09-19,Second Class,CU-10318,Laura Hernandez,Home Office,South,North Carolina,Charlotte,Office Supplies,Supplies,70.86,1,0.1,16.12
ORD-2024802,2022-04-16,2022-04-20,Standard Class,CU-10044,Robert Davis,Home Office,West,Washington,Seattle,Office Supplies,Supplies,289.48,4,0.0,100.85
ORD-2025089,2024-11-22,2024-11-24,Second Class,CU-10378,Michael Davis,Consumer,South,Tennessee,Nashville,Furniture,Furnishings,236.9,3,0.1,-6.8
ORD-2026491,2024-09-28,2024-10-01,Second Class,CU-10112,Mary Anderson,Corporate,Central,Ohio,Columbus,Office Supplies,Supplies,574.43,6,0.1,126.62
ORD-2024478,2023-03-17,2023-03-21,Standard Class,CU-10488,John Martin,Home Office,West,Washington,Seattle,Office Supplies,Paper,26.82,2,0.1,6.95
ORD-2024257,2024-07-19,2024-07-23,Second Class,CU-10815,Robert Davis,Consumer,West,Washington,Seattle,Office Supplies,Binders,144.79,3,0.1,31.88
ORD-2026465,2022-08-24,2022-08-27,Second Class,CU-10621,Karen Miller,Corporate,East,New York,Buffalo,Office Supplies,Fasteners,14.69,1,0.1,3.49
ORD-2023437,2023-09-27,2023-10-02,Standard Class,CU-10725,Kevin Rodriguez,Corporate,West,California,Los Angeles,Technology,Machines,7935.7,3,0.0,1882.58
ORD-2026006,2023-09-06,2023-09-10,Second Class,CU-10626,Nancy Rodriguez,Consumer,Central,Texas,Houston,Technology,Machines,1884.59,2,0.0,373.11
ORD-2024442,2022-10-19,2022-10-23,Second Class,CU-10565,Linda Hernandez,Consumer,South,North Carolina,Charlotte,Office Supplies,Supplies,30.62,1,0.1,7.59
ORD-2024255,2023-10-04,2023-10-09,Standard Class,CU-10679,Laura Hernandez,Corporate,Central,Texas,Houston,Office Supplies,Fasteners,89.55,5,0.0,33.22
ORD-2022237,2024-07-07,2024-07-13,Standard Class,CU-10011,Kevin Hernandez,Corporate,West,California,Los Angeles,Office Supplies,Art,98.81,3,0.15,27.92
ORD-2023797,2022-12-11,2022-12-14,Standard Class,CU-10114,Steven Miller,Consumer,West,California,Los Angeles,Office Supplies,Storage,888.64,7,0.0,271.98
ORD-2023809,2022-05-23,2022-05-26,Standard Class,CU-10693,Patricia Anderson,Consumer,West,Arizona,Phoenix,Technology,Machines,7304.2,3,0.3,-704.49
ORD-2023003,2022-08-25,2022-08-28,Standard Class,CU-10645,Michael Moore,Corporate,East,Massachusetts,Boston,Office Supplies,Fasteners,23.2,2,0.0,8.17
ORD-2026411,2022-04-03,2022-04-06,Standard Class,CU-10807,Karen Garcia,Home Office,Central,Illinois,Chicago,Office Supplies,Storage,147.69,3,0.1,20.3
ORD-2024393,2022-01-23,2022-01-29,Standard Class,CU-10586,Susan Taylor,Corporate,West,California,San Francisco,Office Supplies,Binders,150.57,5,0.0,56.0
ORD-2025010,2022-12-12,2022-12-14,Second Class,CU-10014,Karen Williams,Consumer,West,California,Los Angeles,Office Supplies,Paper,199.98,8,0.15,32.34
ORD-2025987,2023-07-29,2023-07-31,Second Class,CU-10152,Barbara Williams,Home Office,South,Florida,Miami,Furniture,Tables,1163.69,1,0.1,27.05
ORD-2023076,2023-10-28,2023-11-02,Standard Class,CU-10170,Sandra Brown,Corporate,Central,Ohio,Columbus,Furniture,Bookcases,635.02,1,0.4,-416.22
ORD-2025792,2022-02-17,2022-02-20,Standard Class,CU-10127,Amy Miller,Corporate,South,Tennessee,Nashville,Office Supplies,Supplies,620.79,7,0.1,158.16
ORD-2025412,2023-09-22,2023-09-28,Standard Class,CU-10083,Ashley Lee,Consumer,Central,Texas,Houston,Furniture,Furnishings,183.28,2,0.0,31.35
ORD-2026236,2023-04-02,2023-04-09,Standard Class,CU-10849,Kevin Jones,Corporate,South,Tennessee,Nashville,Office Supplies,Binders,113.95,4,0.1,29.26
ORD-2024505,2022-04-05,2022-04-07,Second Class,CU-10548,Laura Brown,Home Office,Central,Michigan,Detroit,Technology,Phones,6029.28,6,0.0,1719.34
ORD-2023199,2024-04-26,2024-04-29,Second Class,CU-10227,Linda Garcia,Corporate,West,California,San Francisco,Office Supplies,Paper,38.71,2,0.15,9.18
ORD-2022300,2024-06-28,2024-07-03,Standard Class,CU-10388,Steven Davis,Home Office,South,Georgia,Atlanta,Furniture,Bookcases,859.15,2,,5.58
ORD-2026172,2024-12-29,2025-01-02,Standard Class,CU-10765,Linda Smith,Corporate,East,New York,New York City,Technology,Machines,658.58,1,0.15,97.37
ORD-2024507,2024-12-01,2024-12-03,Second Class,CU-10000,David Smith,Consumer,West,Arizona,Phoenix,Furniture,Tables,3368.41,3,0.0,576.79
ORD-2022942,2022-09-24,2022-09-30,Standard Class,CU-10471,Steven Johnson,Home Office,East,Pennsylvania,Philadelphia,Office Supplies,Paper,23.69,4,0.15,2.74
ORD-2025753,2024-05-20,2024-05-24,Second Class,CU-10457,Susan Jones,Consumer,West,California,Los Angeles,Furniture,Chairs,631.57,2,0.4,-366.16
ORD-2024370,2023-07-23,2023-07-26,Standard Class,CU-10334,Patricia Miller,Consumer,East,Massachusetts,Boston,Technology,Accessories,112.8,3,0.0,17.39
ORD-2023259,2024-12-30,2025-01-04,Standard Class,CU-10300,Karen Rodriguez,Consumer,Central,Ohio,Columbus,Office Supplies,Labels,5.6,1,0.0,2.12
ORD-2025757,2022-12-05,2022-12-11,Standard Class,CU-10064,Mary Brown,Consumer,Central,Texas,Houston,Office Supplies,Paper,28.93,3,0.0,10.49
ORD-2024522,2023-03-09,2023-03-12,Standard Class,CU-10730,Laura Moore,Corporate,East,New York,New York City,Office Supplies,Art,34.8,2,0.1,6.57
ORD-2025642,2024-08-20,2024-08-23,Standard Class,CU-10578,Robert Miller,Consumer,East,Pennsylvania,Philadelphia,Technology,Accessories,267.58,1,0.15,16.12
ORD-2025725,2024-07-28,2024-07-30,Second Class,CU-10568,Elizabeth Garcia,Consumer,West,Arizona,Phoenix,Office Supplies,Labels,12.3,2,0.15,2.71
ORD-2025156,2022-04-29,2022-05-05,Standard Class,CU-10116,Karen Williams,Home Office,East,New York,Buffalo,Office Supplies,Storage,120.28,1,0.15,7.26
ORD-2022463,2022-12-16,2022-12-18,Second Class,CU-10599,Laura Jackson,Home Office,Central,Illinois,Chicago,Furniture,Chairs,1346.73,3,,210.0
ORD-2022005,2024-12-20,2024-12-24,Standard Class,CU-10398,Nancy Jackson,Consumer,Central,Illinois,Chicago,Office Supplies,Art,8.21,1,0.15,1.4
ORD-2022841,2024-07-23,2024-07-23,Same Day,CU-10647,Kevin Martinez,Corporate,South,North Carolina,Charlotte,Office Supplies,Labels,6.69,1,0.1,1.31
ORD-2023868,2023-10-11,2023-10-12,First Class,CU-10340,James Jackson,Consumer,East,New York,New York City,Office Supplies,Fasteners,11.94,4,0.0,3.79
ORD-2022326,2024-08-04,2024-08-09,Standard Class,CU-10280,Karen Miller,Consumer,East,Massachusetts,Boston,Furniture,Tables,4215.26,4,0.0,1072.72
ORD-2025731,2024-11-15,2024-11-16,First Class,CU-10676,John Brown,Consumer,East,Pennsylvania,Philadelphia,Technology,Machines,944.33,1,0.0,217.86
ORD-2025780,2022-05-20,2022-05-21,First Class,CU-10165,Robert Rodriguez,Consumer,Central,Ohio,Columbus,Office Supplies,Supplies,128.53,2,0.15,24.34
ORD-2025208,2022-06-24,2022-06-27,Second Class,CU-10053,Barbara Anderson,Consumer,Central,Texas,Houston,Technology,Accessories,423.23,2,0.1,86.23
ORD-2026194,2022-12-06,2022-12-12,Standard Class,CU-10350,James Jones,Corporate,West,California,San Francisco,Office Supplies,Supplies,260.33,5,0.1,53.04
ORD-2023464,2023-12-25,2023-12-29,Standard Class,CU-10506,Sandra Taylor,Corporate,Central,Texas,Houston,Office Supplies,Storage,198.08,1,0.3,11.93
ORD-2022892,2022-11-17,2022-11-19,First Class,CU-10149,Steven Martinez,Consumer,East,New York,Buffalo,Office Supplies,Storage,1057.83,5,0.1,288.68
ORD-2025131,2024-11-12,2024-11-18,Standard Class,CU-10018,Nancy Taylor,Consumer,West,California,San Francisco,Technology,Accessories,301.95,8,0.0,79.14
ORD-2024061,2022-11-29,2022-12-03,Standard Class,CU-10781,Michael Miller,Corporate,East,New York,New York City,Office Supplies,Storage,206.12,3,0.1,37.69
ORD-2025201,2024-11-24,2024-11-27,Standard Class,CU-10523,Barbara Wilson,Consumer,East,New York,New York City,Technology,Machines,2678.43,1,0.1,509.54
ORD-2022694,2024-11-16,2024-11-20,Standard Class,CU-10361,Robert Jackson,Consumer,East,Massachusetts,Boston,Office Supplies,Storage,296.79,2,0.15,41.1
ORD-2022387,2024-12-08,2024-12-10,First Class,CU-10667,Linda Thomas,Corporate,West,California,San Francisco,Furniture,Chairs,94.68,1,0.2,-14.75
ORD-2024571,2023-11-06,2023-11-11,Standard Class,CU-10160,Linda Anderson,Home Office,East,New York,New York City,Technology,Accessories,1075.51,7,0.0,333.34
ORD-2025103,2024-06-02,2024-06-08,Standard Class,CU-10749,Sandra Moore,Corporate,Central,Ohio,Columbus,Technology,Copiers,10398.99,4,0.0,2633.01
ORD-2026036,2022-12-22,2022-12-24,First Class,CU-10477,Susan Jones,Home Office,West,Washington,Seattle,Office Supplies,Labels,3.4,1,0.0,1.34
ORD-2026047,2022-11-29,2022-12-04,Standard Class,CU-10542,Patricia Miller,Corporate,West,Arizona,Phoenix,Furniture,Tables,4445.38,4,0.2,-724.93
ORD-2025333,2022-11-16,2022-11-22,Standard Class,CU-10648,Karen Jackson,Consumer,West,California,Los Angeles,Office Supplies,Labels,39.55,7,0.0,12.04
ORD-2022603,2024-04-06,2024-04-11,Standard Class,CU-10148,Kevin Miller,Consumer,East,Massachusetts,Boston,Furniture,Tables,437.2,2,0.3,-212.41
ORD-2022842,2023-10-02,2023-10-06,Second Class,CU-10473,Sandra Jackson,Consumer,Central,Michigan,Detroit,Office Supplies,Paper,12.75,1,0.0,3.59
ORD-2022322,2022-12-29,2023-01-05,Standard Class,CU-10376,Kevin Jones,Consumer,South,Florida,Miami,Office Supplies,Fasteners,27.51,6,0.15,5.38
ORD-2024747,2022-10-01,2022-10-05,Standard Class,CU-10364,Amy Anderson,Corporate,West,California,Los Angeles,Office Supplies,Paper,33.41,2,0.15,4.98
ORD-2023867,2022-10-20,2022-10-20,Same Day,CU-10037,David Jackson,Corporate,East,Pennsylvania,Philadelphia,Furniture,Tables,2714.99,6,0.1,161.24
ORD-2022865,2024-11-13,2024-11-15,,CU-10846,Sandra Thomas,Home Office,East,Massachusetts,Boston,Furniture,Tables,247.65,1,0.3,-86.11
ORD-2025061,2023-06-23,2023-06-27,Standard Class,CU-10100,Barbara Wilson,Home Office,Central,Michigan,Detroit,Office Supplies,Supplies,100.13,3,0.0,25.11
ORD-2025769,2023-12-14,2023-12-16,First Class,CU-10645,Michael Moore,Consumer,East,Massachusetts,Boston,Office Supplies,Labels,4.42,3,,1.52
ORD-2026147,2024-02-19,2024-02-19,Same Day,CU-10370,Michael Rodriguez,Corporate,East,Pennsylvania,Philadelphia,Office Supplies,Binders,134.01,8,0.1,22.82
ORD-2024613,2024-06-20,2024-06-24,Second Class,CU-10443,Nancy Lee,Corporate,West,Washington,Seattle,Office Supplies,Binders,16.83,2,0.0,7.19
ORD-2026086,2023-10-23,2023-10-29,Standard Class,CU-10660,Laura Lee,Consumer,West,California,San Francisco,Office Supplies,Storage,96.94,1,0.0,28.4
ORD-2026261,2024-11-04,2024-11-10,Standard Class,CU-10273,James Rodriguez,Consumer,West,California,Los Angeles,Office Supplies,Labels,19.87,4,0.0,5.73
ORD-2024563,2023-09-28,2023-10-03,Standard Class,CU-10662,Susan Williams,Consumer,Central,Ohio,Columbus,Furniture,Tables,3753.78,5,0.15,-524.26
ORD-2025367,2023-12-22,2023-12-25,Standard Class,CU-10177,David Williams,Consumer,West,California,San Francisco,Technology,Copiers,3815.08,1,0.0,993.8
ORD-2024602,2023-07-15,2023-07-18,Second Class,CU-10079,Karen Johnson,Home Office,West,California,Los Angeles,Office Supplies,Supplies,116.8,1,0.1,21.2
ORD-2023280,2023-02-22,2023-03-01,Standard Class,CU-10602,Sandra Smith,Home Office,East,Massachusetts,Boston,Technology,Phones,985.04,1,0.15,-0.17
ORD-2025632,2023-11-29,2023-12-05,Standard Class,CU-10842,Nancy Jackson,Consumer,East,Pennsylvania,Philadelphia,Office Supplies,Fasteners,2.14,2,0.0,0.73
ORD-2022830,2023-12-05,2023-12-06,First Class,CU-10570,Elizabeth Garcia,Consumer,South,Tennessee,Nashville,Office Supplies,Paper,15.22,2,0.2,-0.93
ORD-2025149,2022-09-28,2022-09-30,Second Class,CU-10298,Sandra Moore,Corporate,West,California,San Francisco,Office Supplies,Supplies,29.87,2,0.0,11.4
ORD-2023904,2023-12-03,2023-12-03,Same Day,CU-10437,Amy Thomas,Consumer,Central,Texas,Houston,Office Supplies,Art,63.99,2,0.0,28.07
ORD-2022455,2022-09-28,2022-10-02,Standard Class,CU-10617,Steven Taylor,Consumer,West,California,Los Angeles,Furniture,Furnishings,241.8,2,0.15,-8.7
ORD-2022307,2023-12-19,2023-12-21,,CU-10615,James Martin,Consumer,Central,Ohio,Columbus,Technology,Machines,47230.55,27,0.2,-1107.31
ORD-2024120,2022-12-03,2022-12-06,Standard Class,CU-10435,Nancy Brown,Consumer,Central,Texas,Houston,Technology,Copiers,39344.16,21,0.1,5179.69
ORD-2024305,2022-12-27,2022-12-27,Same Day,CU-10170,Sandra Brown,Home Office,West,California,Los Angeles,Furniture,Chairs,445.79,1,0.0,108.58
ORD-2024262,2023-07-17,2023-07-23,,CU-10289,Robert Anderson,Consumer,East,Pennsylvania,Philadelphia,Technology,Phones,757.68,1,0.2,17.44
ORD-2024050,2024-12-26,2024-12-29,Standard Class,CU-10197,Patricia Martinez,Home Office,East,Massachusetts,Boston,Furniture,Furnishings,52.29,1,0.15,-10.68
ORD-2023302,2024-05-26,2024-06-02,Standard Class,CU-10163,Patricia Johnson,Consumer,Central,Ohio,Columbus,Office Supplies,Supplies,257.6,3,0.15,42.82
ORD-2022328,2023-12-15,2023-12-17,First Class,CU-10253,Patricia Martinez,Consumer,South,Florida,Miami,Office Supplies,Paper,27.25,2,0.2,1.78
ORD-2026496,2023-08-16,2023-08-18,First Class,CU-10623,Linda Lopez,Consumer,West,California,San Francisco,Office Supplies,Art,234.58,6,0.0,64.06
ORD-2023704,2023-08-08,2023-08-10,,CU-10748,Susan Williams,Consumer,West,Arizona,Phoenix,Office Supplies,Fasteners,33.51,2,0.0,11.09
ORD-2025700,2024-11-02,2024-11-02,Same Day,CU-10671,Steven Wilson,Corporate,South,Florida,Miami,Technology,Accessories,1016.83,4,0.2,22.33
ORD-2026464,2022-09-19,2022-09-22,Standard Class,CU-10105,Ashley Miller,Home Office,Central,Michigan,Detroit,Office Supplies,Storage,1145.98,6,0.15,146.45
ORD-2026349,2024-09-09,2024-09-16,Standard Class,CU-10660,Laura Lee,Consumer,Central,Illinois,Chicago,Technology,Phones,1474.23,4,0.2,40.11
ORD-2023718,2023-12-28,2024-01-01,Standard Class,CU-10269,Susan Thomas,Consumer,Central,Michigan,Detroit,Technology,Accessories,296.28,1,0.0,74.91
ORD-2024977,2024-03-21,2024-03-25,Second Class,CU-10706,Laura Johnson,Consumer,East,Massachusetts,Boston,Furniture,Chairs,2392.71,5,0.1,-40.42
ORD-2024612,2023-09-03,2023-09-10,Standard Class,CU-10444,Jason Hernandez,Corporate,West,California,San Francisco,Office Supplies,Storage,584.74,3,0.0,187.91
ORD-2026002,2024-09-29,2024-09-29,Same Day,CU-10289,Robert Anderson,Home Office,East,New York,Buffalo,Technology,Copiers,6880.11,4,0.0,1956.05
ORD-2022479,2023-05-11,2023-05-13,First Class,CU-10262,Barbara Martin,Home Office,West,California,Los Angeles,Office Supplies,Labels,41.38,8,0.1,9.03
ORD-2026071,2023-12-22,2023-12-22,Same Day,CU-10572,John Martinez,Consumer,South,Georgia,Atlanta,Furniture,Furnishings,270.68,4,,-62.84
ORD-2023175,2024-05-18,2024-05-24,Standard Class,CU-10425,Patricia Miller,Corporate,West,Arizona,Phoenix,Office Supplies,Art,37.58,1,0.0,13.22
ORD-2026130,2024-04-21,2024-04-28,Standard Class,CU-10403,Amy Jackson,Corporate,Central,Texas,Houston,Furniture,Tables,2023.08,3,0.4,-1095.7
ORD-2024957,2022-01-25,2022-01-29,Standard Class,CU-10455,Jason Jones,Home Office,Central,Illinois,Chicago,Furniture,Bookcases,563.74,2,0.0,142.94
ORD-2025657,2023-05-19,2023-05-23,Standard Class,CU-10025,James Lopez,Consumer,South,North Carolina,Charlotte,Office Supplies,Paper,12.39,2,0.0,2.68
ORD-2022117,2024-04-04,2024-04-08,Second Class,CU-10569,John Hernandez,Consumer,South,Georgia,Atlanta,Furniture,Bookcases,469.5,1,0.0,78.7
ORD-2023971,2024-12-17,2024-12-20,Standard Class,CU-10283,John Lopez,Corporate,Central,Ohio,Columbus,Technology,Accessories,843.38,7,0.2,30.28
ORD-2023557,2023-09-09,2023-09-16,Standard Class,CU-10628,Kevin Martin,Corporate,East,New York,Buffalo,Office Supplies,Labels,8.47,1,0.0,2.02
ORD-2024862,2022-12-24,2022-12-26,First Class,CU-10543,Karen Davis,Home Office,South,Florida,Miami,Office Supplies,Binders,18.81,8,0.0,6.37
ORD-2022879,2023-11-19,2023-11-24,Standard Class,CU-10079,Karen Johnson,Consumer,West,California,Los Angeles,Technology,Machines,6874.88,5,0.1,390.53
ORD-2023029,2023-04-29,2023-05-04,Standard Class,CU-10166,Nancy Moore,Home Office,West,Washington,Seattle,Office Supplies,Art,29.53,1,0.15,5.32
ORD-2025282,2022-12-04,2022-12-10,Standard Class,CU-10066,Laura Taylor,Corporate,East,New York,New York City,Office Supplies,Art,77.48,3,0.15,17.41
ORD-2022466,2023-12-23,2023-12-25,First Class,CU-10292,Kevin Garcia,Consumer,South,Florida,Miami,Furniture,Tables,3877.54,3,0.1,-304.68
ORD-2024265,2022-07-19,2022-07-24,Standard Class,CU-10261,Amy Hernandez,Corporate,South,North Carolina,Charlotte,Technology,Copiers,7916.5,3,0.0,1724.64
ORD-2026043,2024-11-25,2024-12-02,Standard Class,CU-10727,Mary Smith,Consumer,Central,Texas,Houston,Office Supplies,Supplies,185.99,2,0.3,-0.69
ORD-2025728,2024-03-21,2024-03-24,Standard Class,CU-10429,Elizabeth Garcia,Consumer,West,California,Los Angeles,Office Supplies,Supplies,128.37,4,0.0,42.88
ORD-2024493,2024-11-24,2024-12-01,Standard Class,CU-10226,Ashley Moore,Consumer,East,Pennsylvania,Philadelphia,Office Supplies,Paper,8.95,1,0.0,3.36
ORD-2023160,2022-03-09,2022-03-15,Standard Class,CU-10408,John Anderson,Consumer,South,North Carolina,Charlotte,Technology,Phones,700.77,1,0.0,200.72
ORD-2025083,2024-07-01,2024-07-07,Standard Class,CU-10821,Kevin Wilson,Consumer,East,New York,Buffalo,Furniture,Chairs,961.35,3,0.1,54.28
ORD-2023969,2023-09-21,2023-09-24,Standard Class,CU-10837,Ashley Anderson,Consumer,Central,Texas,Houston,Office Supplies,Fasteners,90.59,7,0.0,26.19
ORD-2023198,2022-12-10,2022-12-12,First Class,CU-10532,Mary Smith,Corporate,West,Arizona,Phoenix,Furniture,Furnishings,221.31,4,0.2,-34.32
ORD-2023356,2023-10-02,2023-10-08,Standard Class,CU-10056,Amy Taylor,Corporate,South,Georgia,Atlanta,Office Supplies,Labels,63.35,5,0.15,12.16
ORD-2023901,2022-02-14,2022-02-18,Standard Class,CU-10022,Laura Taylor,Home Office,Central,Illinois,Chicago,Furniture,Bookcases,241.49,1,0.1,13.11
ORD-2023975,2022-11-04,2022-11-10,Standard Class,CU-10629,Susan Lee,Corporate,South,Georgia,Atlanta,Office Supplies,Paper,15.45,1,0.15,2.32
ORD-2022776,2023-12-09,2023-12-15,Standard Class,CU-10310,Patricia Hernandez,Consumer,South,Georgia,Atlanta,Office Supplies,Labels,31.98,3,0.1,5.83
ORD-2024652,2024-08-17,2024-08-20,Standard Class,CU-10470,Karen Wilson,Consumer,East,Massachusetts,Boston,Office Supplies,Storage,468.82,2,0.0,126.31
ORD-2022568,2023-03-07,2023-03-12,Standard Class,CU-10203,Amy Davis,Consumer,West,California,Los Angeles,Furniture,Bookcases,404.1,1,0.3,-175.86
ORD-2023786,2022-12-30,2023-01-02,Second Class,CU-10064,Mary Brown,Consumer,Central,Michigan,Detroit,Office Supplies,Fasteners,68.08,4,0.0,22.49
ORD-2025988,2024-12-27,2025-01-02,Standard Class,CU-10194,David Davis,Corporate,West,California,Los Angeles,Furniture,Chairs,1568.32,3,0.0,255.56
ORD-2025771,2024-12-13,2024-12-16,,CU-10618,Jason Johnson,Home Office,West,California,San Francisco,Office Supplies,Paper,47.54,2,0.1,7.78
ORD-2022025,2022-10-10,2022-10-15,Standard Class,CU-10568,Elizabeth Garcia,Consumer,West,Washington,Seattle,Office Supplies,Storage,203.34,1,0.0,72.42
ORD-2025126,2023-10-25,2023-10-27,Second Class,CU-10770,Barbara Lee,Home Office,South,Georgia,Atlanta,Office Supplies,Paper,27.99,5,0.0,7.0
ORD-2023092,2022-12-11,2022-12-15,Second Class,CU-10463,Karen Jones,Corporate,Central,Illinois,Chicago,Technology,Phones,5602.63,5,0.0,1435.6
ORD-2023257,2024-08-26,2024-08-29,Second Class,CU-10668,John Williams,Consumer,East,New York,New York City,Office Supplies,Labels,38.07,4,0.0,16.28
ORD-2023998,2024-09-23,2024-09-24,First Class,CU-10826,Jason Wilson,Home Office,East,New York,New York City,Furniture,Chairs,829.37,2,0.4,-624.7
ORD-2022084,2022-02-16,2022-02-17,First Class,CU-10428,Michael Thomas,Consumer,East,Pennsylvania,Philadelphia,Furniture,Bookcases,544.95,1,0.3,-216.39
ORD-2023665,2024-09-29,2024-10-05,Standard Class,CU-10213,David Martin,Corporate,Central,Michigan,Detroit,Office Supplies,Art,29.06,4,0.1,7.73
ORD-2025487,2024-05-12,2024-05-15,Second Class,CU-10327,Laura Rodriguez,Corporate,East,Massachusetts,Boston,Technology,Copiers,17155.92,5,0.2,1204.84
ORD-2026277,2024-10-05,2024-10-07,First Class,CU-10101,Michael Martin,Corporate,East,Pennsylvania,Philadelphia,Furniture,Furnishings,79.26,2,0.2,-14.89
ORD-2024685,2024-05-02,2024-05-06,Second Class,CU-10237,Patricia Smith,Consumer,Central,Illinois,Chicago,Technology,Accessories,291.85,2,0.2,4.82
ORD-2024789,2023-04-03,2023-04-10,,CU-10569,John Hernandez,Home Office,East,Massachusetts,Boston,Office Supplies,Labels,12.19,1,0.15,2.03
ORD-2025259,2022-03-21,2022-03-25,Standard Class,CU-10608,Karen Hernandez,Consumer,East,Pennsylvania,Philadelphia,Technology,Machines,15253.87,6,0.1,912.87
ORD-2022755,2022-11-08,2022-11-12,Standard Class,CU-10456,David Jackson,Home Office,East,Pennsylvania,Philadelphia,Office Supplies,Binders,369.65,7,0.0,135.9
ORD-2024143,2024-08-07,2024-08-11,Second Class,CU-10199,Amy Taylor,Corporate,Central,Illinois,Chicago,Technology,Accessories,32.65,3,0.0,8.03
ORD-2024199,2023-12-30,2024-01-01,First Class,CU-10736,Ashley Brown,Corporate,West,Arizona,Phoenix,Technology,Copiers,30334.06,7,0.0,7485.62
ORD-2022511,2024-09-19,2024-09-21,First Class,CU-10607,Steven Garcia,Consumer,South,Florida,Miami,Office Supplies,Storage,196.75,4,0.0,42.32
ORD-2024125,2023-04-03,2023-04-07,Standard Class,CU-10557,Ashley Hernandez,Consumer,West,Washington,Seattle,Office Supplies,Paper,47.89,3,0.15,5.29
ORD-2024436,2023-11-23,2023-11-24,First Class,CU-10507,Sandra Anderson,Consumer,Central,Michigan,Detroit,Office Supplies,Storage,68.19,1,,5.63
ORD-2025209,2022-06-04,2022-06-07,Standard Class,CU-10545,Patricia Lee,Consumer,East,Massachusetts,Boston,Office Supplies,Paper,15.7,4,0.15,3.37
ORD-2022731,2022-04-01,2022-04-03,Second Class,CU-10199,Amy Taylor,Consumer,Central,Illinois,Chicago,Furniture,Chairs,510.48,3,0.0,118.57
ORD-2024220,2023-02-15,2023-02-17,Second Class,CU-10704,Elizabeth Brown,Home Office,West,California,Los Angeles,Office Supplies,Supplies,46.72,1,0.15,7.78
ORD-2025842,2023-12-25,2023-12-31,Standard Class,CU-10610,Michael Brown,Consumer,West,California,San Francisco,Technology,Phones,1010.05,3,0.1,122.8
ORD-2022530,2024-02-13,2024-02-20,Standard Class,CU-10625,Karen Smith,Consumer,West,California,Los Angeles,Office Supplies,Labels,30.75,3,0.1,3.77
ORD-2025887,2024-09-27,2024-10-03,Standard Class,CU-10834,David Davis,Home Office,East,New York,New York City,Furniture,Bookcases,561.4,6,0.15,-82.58
ORD-2022765,2022-01-20,2022-01-24,Standard Class,CU-10126,Linda Moore,Corporate,South,North Carolina,Charlotte,Furniture,Tables,4879.16,8,0.3,-1880.6
ORD-2023479,2023-08-14,2023-08-19,Standard Class,CU-10742,Robert Miller,Home Office,East,Massachusetts,Boston,Office Supplies,Labels,14.89,3,0.0,5.83
ORD-2024783,2023-02-07,2023-02-11,Standard Class,CU-10441,Elizabeth Johnson,Consumer,East,Massachusetts,Boston,Technology,Accessories,321.02,2,0.15,11.43
ORD-2024002,2024-12-09,2024-12-12,Standard Class,CU-10324,Laura Rodriguez,Consumer,South,Florida,Miami,Office Supplies,Storage,297.25,2,0.0,78.75
ORD-2023361,2023-03-22,2023-03-22,Same Day,CU-10058,Elizabeth Smith,Corporate,South,Georgia,Atlanta,Furniture,Bookcases,3428.17,6,0.1,144.43
ORD-2026376,2024-04-10,2024-04-14,Second Class,CU-10412,James Davis,Corporate,West,California,Los Angeles,Technology,Copiers,18662.81,6,0.0,4282.15
ORD-2025666,2022-10-28,2022-10-28,Same Day,CU-10338,Steven Williams,Corporate,Central,Ohio,Columbus,Office Supplies,Storage,489.4,7,0.1,103.89
ORD-2026112,2024-06-17,2024-06-21,Standard Class,CU-10825,Susan Williams,Corporate,East,New York,New York City,Office Supplies,Labels,9.18,1,0.1,1.73
ORD-2022179,2024-05-16,2024-05-19,Second Class,CU-10766,Ashley Miller,Consumer,South,Tennessee,Nashville,Office Supplies,Paper,11.86,1,0.0,4.51
ORD-2022374,2022-09-01,2022-09-05,Second Class,CU-10304,Barbara Moore,Consumer,Central,Texas,Houston,Furniture,Chairs,255.82,2,0.5,-189.66
ORD-2023633,2024-02-19,2024-02-19,Same Day,CU-10202,Kevin Miller,Consumer,South,North Carolina,Charlotte,Technology,Machines,1454.06,4,0.15,74.71
ORD-2025782,2024-11-29,2024-12-04,Standard Class,CU-10369,Jason Wilson,Corporate,South,Georgia,Atlanta,Technology,Phones,3735.26,6,0.1,477.09
ORD-2024757,2024-03-05,2024-03-10,Standard Class,CU-10617,Steven Taylor,Corporate,East,New York,New York City,Office Supplies,Fasteners,15.63,2,0.2,1.16
ORD-2024985,2022-11-16,2022-11-18,Second Class,CU-10623,Linda Lopez,Consumer,East,Massachusetts,Boston,Technology,Machines,2869.18,3,,-433.33
ORD-2024859,2023-07-16,2023-07-23,Standard Class,CU-10450,Karen Jones,Corporate,Central,Illinois,Chicago,Furniture,Furnishings,97.96,7,0.1,1.68
ORD-2023184,2022-09-19,2022-09-22,Second Class,CU-10086,Mary Hernandez,Consumer,South,Tennessee,Nashville,Furniture,Tables,2768.85,5,0.15,-440.58
ORD-2023714,2022-12-16,2022-12-18,First Class,CU-10231,David Martin,Consumer,Central,Michigan,Detroit,Office Supplies,Storage,198.17,2,0.1,48.91
ORD-2025122,2022-12-31,2023-01-05,Standard Class,CU-10576,Elizabeth Martinez,Consumer,South,Florida,Miami,Furniture,Tables,5031.99,5,0.5,-3946.22
ORD-2025184,2022-04-11,2022-04-15,Second Class,CU-10219,Michael Williams,Home Office,East,Massachusetts,Boston,Office Supplies,Art,47.43,2,0.0,16.4
ORD-2024055,2023-08-17,2023-08-22,Standard Class,CU-10215,Mary Brown,Corporate,South,North Carolina,Charlotte,Technology,Copiers,9980.13,4,0.0,2885.05
ORD-2024718,2022-01-25,2022-01-26,First Class,CU-10647,Kevin Martinez,Consumer,South,Tennessee,Nashville,Office Supplies,Art,73.24,2,0.3,1.19
ORD-2024080,2023-04-12,2023-04-14,,CU-10615,James Martin,Corporate,South,Florida,Miami,Office Supplies,Labels,8.61,1,0.0,2.93
ORD-2023793,2024-02-16,2024-02-20,Standard Class,CU-10273,James Rodriguez,Consumer,South,Florida,Miami,Office Supplies,Binders,29.33,2,0.1,6.58
ORD-2022238,2022-02-06,2022-02-07,,CU-10653,Sandra Jones,Home Office,East,Massachusetts,Boston,Technology,Machines,19016.54,7,0.3,-2284.9
ORD-2022127,2022-08-14,2022-08-19,Standard Class,CU-10773,Amy Jackson,Consumer,East,Massachusetts,Boston,Technology,Machines,1515.01,1,0.2,-27.44
ORD-2022354,2023-07-28,2023-08-02,Standard Class,CU-10096,Amy Rodriguez,Consumer,South,North Carolina,Charlotte,Office Supplies,Labels,59.46,5,0.0,17.5
ORD-2022164,2023-11-05,2023-11-08,Standard Class,CU-10428,Michael Thomas,Consumer,Central,Illinois,Chicago,Office Supplies,Storage,774.14,5,0.2,51.75
ORD-2023510,2022-07-26,2022-08-01,Standard Class,CU-10050,John Johnson,Consumer,West,California,San Francisco,Office Supplies,Supplies,583.61,5,0.0,206.51
ORD-2025866,2023-11-10,2023-11-15,Standard Class,CU-10094,David Jones,Consumer,West,California,San Francisco,Office Supplies,Paper,34.01,2,0.15,7.08
ORD-2024319,2024-11-22,2024-11-24,First Class,CU-10455,Jason Jones,Corporate,East,New York,New York City,Technology,Machines,878.39,1,0.2,-47.66
ORD-2025924,2022-10-24,2022-10-31,Standard Class,CU-10537,Kevin Brown,Corporate,South,Florida,Miami,Technology,Copiers,3965.18,7,0.1,475.86
ORD-2023890,2022-11-08,2022-11-09,First Class,CU-10530,Robert Smith,Consumer,Central,Michigan,Detroit,Technology,Accessories,343.64,3,0.3,-55.26
ORD-2023319,2024-09-30,2024-10-06,Standard Class,CU-10550,Steven Jones,Consumer,East,New York,New York City,Office Supplies,Paper,16.8,1,0.0,5.66
ORD-2026099,2024-11-14,2024-11-21,Standard Class,CU-10135,Laura Johnson,Consumer,West,Arizona,Phoenix,Technology,Copiers,2493.77,2,,483.0
ORD-2025546,2023-08-17,2023-08-22,Standard Class,CU-10254,Steven Martin,Consumer,West,California,Los Angeles,Office Supplies,Binders,197.81,8,0.0,55.61
ORD-2024540,2023-09-18,2023-09-19,First Class,CU-10035,Robert Johnson,Home Office,East,Pennsylvania,Philadelphia,Office Supplies,Paper,21.86,1,0.3,-0.7
ORD-2022472,2022-07-08,2022-07-12,Standard Class,CU-10688,Barbara Jackson,Home Office,Central,Texas,Houston,Technology,Phones,5621.35,6,0.0,1665.89
ORD-2025021,2024-05-07,2024-05-11,Second Class,CU-10644,Linda Miller,Consumer,East,Pennsylvania,Philadelphia,Furniture,Chairs,92.58,1,,-12.26
ORD-2023997,2023-01-04,2023-01-11,Standard Class,CU-10654,Robert Johnson,Corporate,East,Massachusetts,Boston,Office Supplies,Labels,42.27,3,0.0,14.21
ORD-2022018,2024-09-05,2024-09-09,Standard Class,CU-10569,John Hernandez,Home Office,Central,Illinois,Chicago,Office Supplies,Binders,18.7,1,0.0,4.86
ORD-2024956,2022-09-01,2022-09-05,Second Class,CU-10144,Michael Garcia,Consumer,West,California,San Francisco,Technology,Copiers,25515.94,7,0.0,8129.03
ORD-2024042,2023-12-15,2023-12-20,Standard Class,CU-10424,Sandra Martinez,Corporate,South,North Carolina,Charlotte,Technology,Copiers,20357.84,6,0.2,-737.97
ORD-2025990,2024-12-22,2024-12-28,Standard Class,CU-10393,Susan Garcia,Home Office,East,New York,Buffalo,Office Supplies,Binders,83.66,3,0.2,10.86
ORD-2024137,2024-06-21,2024-06-24,Standard Class,CU-10753,James Moore,Consumer,East,Pennsylvania,Philadelphia,Office Supplies,Labels,1.58,1,0.15,0.29
ORD-2025993,2022-12-27,2023-01-02,Standard Class,CU-10143,David Smith,Consumer,West,Washington,Seattle,Technology,Accessories,1055.41,7,0.0,142.4
ORD-2022097,2022-05-24,2022-05-29,Standard Class,CU-10375,Linda Lopez,Consumer,East,Pennsylvania,Philadelphia,Office Supplies,Labels,11.96,1,0.0,3.14
ORD-2023839,2024-04-24,2024-04-24,Same Day,CU-10832,Linda Jones,Home Office,Central,Ohio,Columbus,Technology,Machines,8107.64,5,0.1,559.92
ORD-2025114,2023-07-07,2023-07-10,Standard Class,CU-10297,David Martinez,Corporate,South,Georgia,Atlanta,Office Supplies,Paper,81.52,4,0.2,4.79
ORD-2023023,2023-10-14,2023-10-17,Standard Class,CU-10134,Ashley Wilson,Consumer,East,Pennsylvania,Philadelphia,Office Supplies,Binders,40.49,1,0.1,7.9
ORD-2025648,2022-11-19,2022-11-23,Second Class,CU-10353,Michael Williams,Corporate,Central,Ohio,Columbus,Furniture,Tables,6857.0,6,0.0,1047.02
ORD-2024014,2023-05-15,2023-05-17,Second Class,CU-10847,Kevin Thomas,Corporate,West,California,Los Angeles,Office Supplies,Supplies,154.46,2,0.0,54.59
ORD-2024835,2023-12-20,2023-12-24,Second Class,CU-10208,David Brown,Corporate,West,California,San Francisco,Office Supplies,Art,33.27,2,0.0,12.63
ORD-2025161,2024-12-14,2024-12-18,Standard Class,CU-10309,David Lopez,Corporate,Central,Illinois,Chicago,Office Supplies,Fasteners,50.28,5,0.0,15.98
ORD-2026472,2023-12-23,2023-12-26,Second Class,CU-10318,Laura Hernandez,Corporate,East,Massachusetts,Boston,Office Supplies,Binders,112.74,2,0.0,31.34
ORD-2022449,2023-12-08,2023-12-12,Standard Class,CU-10597,Jason Wilson,Corporate,South,Tennessee,Nashville,Office Supplies,Fasteners,16.96,3,0.1,4.15
ORD-2022550,2023-08-02,2023-08-04,First Class,CU-10089,Patricia Jackson,Corporate,East,New York,New York City,Furniture,Chairs,1401.1,3,0.4,-925.01
ORD-2023332,2023-10-20,2023-10-22,Second Class,CU-10150,John Moore,Consumer,East,Massachusetts,Boston,Technology,Accessories,79.95,1,0.2,-5.98
ORD-2022276,2022-12-24,2022-12-30,Standard Class,CU-10500,Michael Jones,Corporate,South,North Carolina,Charlotte,Office Supplies,Binders,16.59,3,0.1,3.62
ORD-2024266,2024-05-20,2024-05-23,Second Class,CU-10733,Michael Rodriguez,Home Office,West,Washington,Seattle,Technology,Phones,805.8,1,0.3,-139.24
ORD-2025744,2022-05-28,2022-06-01,Standard Class,CU-10482,Sandra Miller,Corporate,South,Tennessee,Nashville,Furniture,Furnishings,785.43,6,0.2,-149.23
ORD-2022178,2024-11-06,2024-11-13,Standard Class,CU-10621,Karen Miller,Consumer,West,California,Los Angeles,Office Supplies,Labels,105.37,8,0.1,26.57
ORD-2022433,2024-09-15,2024-09-22,Standard Class,CU-10747,David Jones,Home Office,West,California,Los Angeles,Furniture,Bookcases,136.08,1,0.0,20.24
ORD-2025654,2022-12-24,2022-12-24,Same Day,CU-10542,Patricia Miller,Consumer,Central,Michigan,Detroit,Office Supplies,Binders,112.75,3,0.0,30.47
ORD-2023340,2022-06-12,2022-06-19,Standard Class,CU-10354,Amy Johnson,Consumer,Central,Texas,Houston,Office Supplies,Fasteners,36.5,2,0.0,12.1
ORD-2026379,2022-02-23,2022-02-25,First Class,CU-10691,John Anderson,Consumer,West,Washington,Seattle,Office Supplies,Fasteners,12.59,1,0.15,2.38
ORD-2025548,2022-07-02,2022-07-04,First Class,CU-10283,John Lopez,Consumer,East,Pennsylvania,Philadelphia,Office Supplies,Binders,45.68,6,0.1,9.64
ORD-2025921,2024-10-16,2024-10-23,Standard Class,CU-10498,Laura Davis,Home Office,West,California,San Francisco,Furniture,Chairs,1353.33,3,0.3,-541.57
ORD-2025520,2023-10-02,2023-10-08,Standard Class,CU-10494,Sandra Lopez,Home Office,East,New York,Buffalo,Technology,Phones,1498.91,2,0.2,-32.49
ORD-2024615,2023-09-05,2023-09-10,Standard Class,CU-10235,Elizabeth Thomas,Home Office,East,Pennsylvania,Philadelphia,Office Supplies,Paper,22.52,2,0.2,2.01
ORD-2023591,2022-04-11,2022-04-11,Same Day,CU-10201,Laura Rodriguez,Consumer,East,New York,Buffalo,Technology,Phones,987.58,1,0.0,158.07
ORD-2023643,2022-10-17,2022-10-19,Second Class,CU-10767,Amy Jackson,Consumer,West,Washington,Seattle,Office Supplies,Fasteners,3.98,1,0.15,0.43
ORD-2026323,2022-04-13,2022-04-19,,CU-10577,Barbara Williams,Home Office,West,California,San Francisco,Office Supplies,Binders,19.75,1,0.0,6.04
ORD-2023516,2022-06-26,2022-06-27,First Class,CU-10809,Laura Garcia,Consumer,East,New York,Buffalo,Office Supplies,Labels,79.95,7,0.15,9.96
ORD-2025457,2024-11-12,2024-11-15,Second Class,CU-10305,Laura Thomas,Consumer,East,New York,New York City,Office Supplies,Labels,7.48,1,0.1,1.37
ORD-2022741,2022-06-28,2022-07-05,,CU-10222,Ashley Garcia,Home Office,Central,Ohio,Columbus,Furniture,Chairs,246.47,1,0.15,-37.73
ORD-2025353,2022-12-29,2022-12-31,First Class,CU-10556,Mary Hernandez,Consumer,Central,Ohio,Columbus,Office Supplies,Binders,54.41,5,0.1,11.03
ORD-2022867,2024-07-26,2024-07-29,Standard Class,CU-10521,Elizabeth Moore,Corporate,East,New York,Buffalo,Furniture,Furnishings,176.18,3,0.2,-18.06
ORD-2023769,2024-09-04,2024-09-07,,CU-10058,Elizabeth Smith,Corporate,East,Pennsylvania,Philadelphia,Technology,Copiers,2673.27,2,0.0,689.17
ORD-2026184,2024-11-21,2024-11-28,Standard Class,CU-10141,Robert Smith,Home Office,West,California,Los Angeles,Office Supplies,Art,271.28,7,0.15,43.95
ORD-2022483,2022-12-24,2022-12-26,First Class,CU-10721,Michael Lopez,Consumer,East,Massachusetts,Boston,Technology,Accessories,353.08,2,0.2,10.95
ORD-2024810,2022-03-24,2022-03-26,First Class,CU-10125,Nancy Wilson,Home Office,Central,Texas,Houston,Furniture,Chairs,2864.89,6,0.0,517.17
ORD-2024021,2022-06-23,2022-06-25,Second Class,CU-10165,Robert Rodriguez,Corporate,East,New York,New York City,Technology,Accessories,220.21,1,0.0,64.85
ORD-2024898,2023-12-11,2023-12-14,Standard Class,CU-10574,Karen Lee,Home Office,East,New York,New York City,Office Supplies,Binders,244.38,5,0.15,22.65
ORD-2026462,2022-12-29,2023-01-05,Standard Class,CU-10014,Karen Williams,Home Office,South,Tennessee,Nashville,Office Supplies,Binders,24.52,1,0.15,2.95
ORD-2025847,2024-03-15,2024-03-19,Standard Class,CU-10265,Sandra Garcia,Consumer,East,Pennsylvania,Philadelphia,Furniture,Furnishings,110.08,1,0.0,17.29
ORD-2024485,2023-03-31,2023-04-04,Standard Class,CU-10661,Barbara Martin,Consumer,East,New York,New York City,Office Supplies,Binders,163.23,7,0.15,24.74
ORD-2025911,2023-08-09,2023-08-12,Standard Class,CU-10755,Karen Jackson,Consumer,West,California,San Francisco,Furniture,Furnishings,213.51,4,0.1,9.74
ORD-2022780,2022-11-23,2022-11-27,Second Class,CU-10708,Patricia Johnson,Home Office,East,New York,New York City,Furniture,Chairs,2270.18,5,0.0,356.19
ORD-2022548,2024-05-25,2024-05-26,First Class,CU-10126,Linda Moore,Corporate,South,Georgia,Atlanta,Furniture,Tables,1074.89,2,0.3,-441.68
ORD-2024901,2024-11-28,2024-12-04,Standard Class,CU-10428,Michael Thomas,Consumer,Central,Michigan,Detroit,Technology,Accessories,341.77,2,0.15,24.53
ORD-2025133,2022-03-21,2022-03-27,Standard Class,CU-10550,Steven Jones,Corporate,West,Arizona,Phoenix,Technology,Machines,3194.35,2,0.1,254.47
ORD-2023963,2022-08-27,2022-08-29,,CU-10225,Kevin Miller,Consumer,Central,Ohio,Columbus,Technology,Accessories,204.13,1,0.15,20.96
ORD-2022077,2023-12-29,2024-01-01,Standard Class,CU-10719,Mary Williams,Consumer,Central,Michigan,Detroit,Technology,Phones,1884.27,3,0.0,401.64
ORD-2022782,2023-07-11,2023-07-18,Standard Class,CU-10695,Robert Lee,Consumer,West,California,San Francisco,Technology,Copiers,3225.74,1,0.2,-174.42
ORD-2025006,2023-11-24,2023-11-30,Standard Class,CU-10309,David Lopez,Consumer,Central,Illinois,Chicago,Technology,Machines,567.39,1,0.2,-61.03
ORD-2024593,2022-07-16,2022-07-19,Second Class,CU-10147,Patricia Jones,Corporate,South,North Carolina,Charlotte,Office Supplies,Fasteners,72.17,5,0.1,11.53
ORD-2024951,2024-06-25,2024-07-01,Standard Class,CU-10215,Mary Brown,Consumer,Central,Texas,Houston,Technology,Copiers,15806.73,5,0.0,4264.31
ORD-2023889,2023-06-30,2023-07-02,First Class,CU-10435,Nancy Brown,Corporate,South,Florida,Miami,Technology,Phones,480.05,2,0.1,64.4
ORD-2023007,2022-12-25,2023-01-01,Standard Class,CU-10608,Karen Hernandez,Consumer,Central,Illinois,Chicago,Office Supplies,Fasteners,2.99,1,0.0,1.0
ORD-2026237,2024-10-17,2024-10-20,Standard Class,CU-10083,Ashley Lee,Consumer,West,Washington,Seattle,Furniture,Bookcases,1354.9,3,0.4,-813.87
ORD-2026166,2022-02-09,2022-02-11,First Class,CU-10776,Jason Lopez,Consumer,West,Arizona,Phoenix,Technology,Accessories,221.25,4,0.2,0.27
ORD-2025652,2022-12-20,2022-12-24,Second Class,CU-10034,Susan Hernandez,Consumer,East,New York,Buffalo,Furniture,Furnishings,290.45,3,0.0,68.76
ORD-2022673,2024-03-08,2024-03-14,Standard Class,CU-10044,Robert Davis,Corporate,West,California,Los Angeles,Furniture,Chairs,719.82,3,0.0,95.2
ORD-2024203,2022-09-30,2022-10-02,Second Class,CU-10391,Laura Garcia,Consumer,East,New York,New York City,Technology,Accessories,73.42,1,0.2,6.14
ORD-2022686,2023-05-23,2023-05-25,First Class,CU-10538,Karen Jackson,Consumer,South,Florida,Miami,Office Supplies,Art,42.57,2,0.0,13.43
ORD-2022875,2024-11-04,2024-11-07,Standard Class,CU-10256,Barbara Rodriguez,Home Office,West,California,Los Angeles,Technology,Phones,533.89,2,0.2,-36.46
ORD-2022458,2024-07-06,2024-07-11,Standard Class,CU-10571,David Miller,Consumer,East,Massachusetts,Boston,Office Supplies,Labels,85.88,7,0.0,27.25
ORD-2024865,2022-07-15,2022-07-17,Second Class,CU-10723,David Williams,Corporate,East,Pennsylvania,Philadelphia,Office Supplies,Storage,619.43,5,0.0,174.93
ORD-2023989,2022-08-23,2022-08-30,Standard Class,CU-10066,Laura Taylor,Consumer,East,Massachusetts,Boston,Technology,Machines,3571.1,3,0.0,1361.05
ORD-2023910,2022-01-23,2022-01-27,Second Class,CU-10644,Linda Miller,Corporate,Central,Ohio,Columbus,Office Supplies,Storage,1160.22,5,0.2,123.85
ORD-2023267,2024-12-21,2024-12-24,Second Class,CU-10130,Elizabeth Garcia,Corporate,South,Florida,Miami,Office Supplies,Paper,17.4,3,0.1,5.02
ORD-2022752,2022-11-16,2022-11-19,Standard Class,CU-10675,Amy Smith,Consumer,Central,Texas,Houston,Furniture,Chairs,1049.41,5,0.0,183.81
ORD-2022121,2023-12-24,2023-12-30,Standard Class,CU-10291,Steven Smith,Corporate,South,Tennessee,Nashville,Technology,Copiers,5286.81,2,0.1,742.37
ORD-2025637,2022-11-02,2022-11-06,Standard Class,CU-10845,Elizabeth Johnson,Consumer,West,Arizona,Phoenix,Office Supplies,Art,16.03,1,0.1,3.88
ORD-2022699,2022-12-15,2022-12-19,Standard Class,CU-10502,Linda Taylor,Corporate,East,New York,Buffalo,Furniture,Chairs,219.49,1,0.0,47.23
ORD-2024924,2022-04-14,2022-04-17,Standard Class,CU-10378,Michael Davis,Consumer,South,Georgia,Atlanta,Technology,Copiers,8498.86,2,0.15,-33.49
ORD-2025905,2024-01-05,2024-01-10,Standard Class,CU-10764,Steven Davis,Home Office,South,Florida,Miami,Office Supplies,Art,19.55,1,0.1,4.32
ORD-2024846,2022-11-11,2022-11-18,Standard Class,CU-10236,Kevin Anderson,Home Office,South,North Carolina,Charlotte,Technology,Copiers,1703.01,2,0.0,551.28
ORD-2025088,2023-10-31,2023-11-06,Standard Class,CU-10527,David Miller,Consumer,West,Washington,Seattle,Office Supplies,Storage,118.69,1,0.0,36.67
ORD-2026438,2022-12-14,2022-12-17,Standard Class,CU-10000,David Smith,Consumer,Central,Michigan,Detroit,Furniture,Chairs,109.29,1,0.2,-13.66
ORD-2023492,2023-12-23,2023-12-29,Standard Class,CU-10649,Kevin Garcia,Home Office,South,Tennessee,Nashville,Office Supplies,Supplies,487.18,5,0.0,143.26
ORD-2026448,2023-11-05,2023-11-08,Standard Class,CU-10349,Ashley Taylor,Home Office,East,New York,New York City,Office Supplies,Art,16.64,3,0.1,3.06
ORD-2024626,2023-11-08,2023-11-11,Second Class,CU-10538,Karen Jackson,Home Office,East,Pennsylvania,Philadelphia,Office Supplies,Labels,27.47,2,0.0,9.36
ORD-2023444,2022-10-10,2022-10-17,Standard Class,CU-10419,Robert Rodriguez,Consumer,East,New York,New York City,Office Supplies,Paper,26.3,8,0.0,7.65
ORD-2023948,2022-02-06,2022-02-07,First Class,CU-10338,Steven Williams,Consumer,West,California,San Francisco,Office Supplies,Art,47.24,3,0.15,8.55
ORD-2024903,2024-12-30,2025-01-03,Standard Class,CU-10347,Robert Anderson,Consumer,West,Arizona,Phoenix,Office Supplies,Binders,20.42,1,0.0,7.7
ORD-2024232,2022-06-02,2022-06-06,Second Class,CU-10008,Elizabeth Taylor,Corporate,West,Arizona,Phoenix,Office Supplies,Storage,76.14,1,0.0,23.32
ORD-2024086,2023-02-15,2023-02-17,Second Class,CU-10445,Karen Moore,Consumer,East,New York,New York City,Office Supplies,Storage,403.12,7,0.2,72.55
ORD-2025365,2022-12-30,2023-01-02,Standard Class,CU-10508,Steven Thomas,Consumer,East,Pennsylvania,Philadelphia,Furniture,Chairs,225.45,1,0.0,31.19
ORD-2022031,2024-12-16,2024-12-19,Standard Class,CU-10082,Jason Moore,Home Office,South,North Carolina,Charlotte,Furniture,Chairs,1934.31,4,,221.41
ORD-2025111,2022-11-23,2022-11-25,Second Class,CU-10473,Sandra Jackson,Corporate,East,New York,Buffalo,Technology,Copiers,26873.49,6,0.15,1120.03
ORD-2024154,2023-12-01,2023-12-08,Standard Class,CU-10817,Mary Martin,Corporate,South,North Carolina,Charlotte,Technology,Phones,621.26,1,0.2,-0.85
ORD-2023750,2023-12-19,2023-12-24,Standard Class,CU-10735,Karen Wilson,Consumer,East,New York,New York City,Office Supplies,Art,143.93,5,0.1,38.29
ORD-2024071,2023-07-03,2023-07-06,Second Class,CU-10011,Kevin Hernandez,Consumer,East,New York,New York City,Office Supplies,Art,38.7,2,0.0,12.98
ORD-2024758,2024-01-17,2024-01-18,First Class,CU-10453,Amy Lee,Consumer,West,Arizona,Phoenix,Furniture,Tables,568.49,1,0.2,-148.49
ORD-2022069,2023-06-16,2023-06-21,Standard Class,CU-10309,David Lopez,Home Office,West,California,San Francisco,Office Supplies,Art,76.36,2,0.15,11.07
ORD-2024247,2023-12-13,2023-12-18,Standard Class,CU-10104,Elizabeth Anderson,Home Office,Central,Ohio,Columbus,Office Supplies,Supplies,211.79,2,0.0,58.73
ORD-2023449,2022-10-18,2022-10-21,Standard Class,CU-10802,Kevin Thomas,Consumer,Central,Ohio,Columbus,Office Supplies,Supplies,636.48,6,0.0,273.87
ORD-2023119,2024-11-03,2024-11-08,Standard Class,CU-10208,David Brown,Corporate,South,North Carolina,Charlotte,Office Supplies,Supplies,444.58,7,0.0,134.11
ORD-2022545,2023-07-03,2023-07-09,Standard Class,CU-10784,Jason Brown,Home Office,East,Pennsylvania,Philadelphia,Furniture,Furnishings,139.18,1,0.0,35.58
ORD-2025175,2022-03-17,2022-03-21,Second Class,CU-10068,Nancy Lopez,Home Office,Central,Texas,Houston,Office Supplies,Supplies,135.37,3,0.0,44.1
ORD-2025627,2024-01-13,2024-01-16,Standard Class,CU-10242,Barbara Taylor,Consumer,South,Georgia,Atlanta,Technology,Accessories,1490.23,8,0.2,-108.23
ORD-2025877,2024-12-09,2024-12-14,Standard Class,CU-10187,Linda Martinez,Consumer,Central,Texas,Houston,Office Supplies,Supplies,40.81,1,0.0,15.73
ORD-2023190,2023-07-03,2023-07-08,Standard Class,CU-10727,Mary Smith,Consumer,Central,Michigan,Detroit,Technology,Copiers,2881.89,2,0.0,529.52
ORD-2026287,2022-11-02,2022-11-06,Standard Class,CU-10266,Susan Anderson,Consumer,East,New York,New York City,Office Supplies,Paper,112.26,5,0.15,10.56
ORD-2025318,2022-05-21,2022-05-25,Standard Class,CU-10732,John Rodriguez,Consumer,East,New York,New York City,Office Supplies,Art,229.14,6,0.0,81.59
ORD-2025221,2024-08-15,2024-08-21,Standard Class,CU-10265,Sandra Garcia,Corporate,West,Arizona,Phoenix,Furniture,Chairs,1366.48,3,0.2,-349.35
ORD-2025146,2024-04-26,2024-05-02,Standard Class,CU-10467,James Miller,Corporate,South,Florida,Miami,Office Supplies,Binders,56.26,3,0.15,8.88
ORD-2023531,2022-07-20,2022-07-25,Standard Class,CU-10538,Karen Jackson,Consumer,East,New York,New York City,Technology,Phones,960.71,1,0.15,74.97
ORD-2026394,2023-02-23,2023-03-02,Standard Class,CU-10000,David Smith,Consumer,East,Massachusetts,Boston,Office Supplies,Labels,8.81,1,0.2,0.0
ORD-2023242,2023-02-26,2023-03-05,Standard Class,CU-10477,Susan Jones,Consumer,West,Arizona,Phoenix,Office Supplies,Storage,950.9,5,0.3,2.03
ORD-2024432,2023-11-22,2023-11-23,First Class,CU-10436,Kevin Davis,Consumer,Central,Illinois,Chicago,Office Supplies,Art,56.4,3,0.0,21.57
ORD-2025196,2023-11-05,2023-11-11,Standard Class,CU-10537,Kevin Brown,Home Office,Central,Illinois,Chicago,Office Supplies,Paper,4.03,2,0.0,1.32
ORD-2022265,2022-09-09,2022-09-12,Standard Class,CU-10504,Jason Smith,Home Office,Central,Ohio,Columbus,Furniture,Tables,985.06,1,0.15,-73.04
ORD-2026307,2023-01-23,2023-01-25,First Class,CU-10317,Ashley Hernandez,Consumer,East,Pennsylvania,Philadelphia,Technology,Accessories,109.87,1,0.0,18.92
ORD-2025932,2023-09-21,2023-09-26,Standard Class,CU-10278,Kevin Garcia,Home Office,West,Arizona,Phoenix,Furniture,Chairs,692.02,3,0.5,-581.95
ORD-2025064,2023-03-18,2023-03-21,Second Class,CU-10578,Robert Miller,Home Office,East,New York,New York City,Technology,Phones,733.68,2,0.15,22.52
ORD-2023458,2024-12-05,2024-12-09,Second Class,CU-10345,James Miller,Corporate,South,Georgia,Atlanta,Office Supplies,Fasteners,78.64,4,0.15,12.33
ORD-2025182,2023-09-02,2023-09-07,Standard Class,CU-10244,Karen Johnson,Home Office,Central,Ohio,Columbus,Office Supplies,Binders,71.73,2,0.0,17.98
ORD-2025582,2023-04-27,2023-04-30,Standard Class,CU-10097,John Brown,Consumer,West,Arizona,Phoenix,Office Supplies,Storage,1215.66,6,0.0,282.36
ORD-2023912,2024-11-13,2024-11-15,Second Class,CU-10096,Amy Rodriguez,Consumer,East,New York,Buffalo,Office Supplies,Storage,1626.8,7,0.0,467.27
ORD-2025112,2024-03-23,2024-03-25,Second Class,CU-10270,James Wilson,Corporate,East,New York,Buffalo,Technology,Accessories,348.42,2,0.0,64.55
ORD-2022504,2023-10-02,2023-10-05,Second Class,CU-10791,Nancy Rodriguez,Corporate,Central,Texas,Houston,Office Supplies,Paper,17.58,1,0.15,3.95
ORD-2024324,2022-11-27,2022-12-02,Standard Class,CU-10576,Elizabeth Martinez,Corporate,West,Arizona,Phoenix,Office Supplies,Labels,77.5,6,0.2,1.75
ORD-2024857,2023-06-09,2023-06-16,Standard Class,CU-10067,John Smith,Corporate,East,New York,New York City,Office Supplies,Supplies,328.13,3,0.0,135.68
ORD-2022339,2024-12-01,2024-12-08,Standard Class,CU-10509,Steven Rodriguez,Consumer,East,New York,Buffalo,Furniture,Bookcases,1765.14,3,0.15,-229.45
ORD-2026214,2023-11-12,2023-11-12,Same Day,CU-10585,Mary Rodriguez,Corporate,Central,Illinois,Chicago,Office Supplies,Art,53.1,2,0.1,10.95
ORD-2025580,2024-06-09,2024-06-13,Standard Class,CU-10833,David Brown,Consumer,West,California,Los Angeles,Office Supplies,Fasteners,47.71,4,0.0,14.3
ORD-2024993,2023-11-01,2023-11-04,Standard Class,CU-10224,Kevin Johnson,Consumer,East,Pennsylvania,Philadelphia,Technology,Machines,493.76,2,0.1,63.74
ORD-2026233,2024-06-20,2024-06-23,Second Class,CU-10216,Amy Miller,Home Office,Central,Illinois,Chicago,Office Supplies,Binders,62.22,2,0.15,14.9
ORD-2024233,2024-12-07,2024-12-13,Standard Class,CU-10019,Laura Jones,Corporate,South,Tennessee,Nashville,Furniture,Furnishings,83.84,1,0.0,18.03
ORD-2022798,2024-04-12,2024-04-19,Standard Class,CU-10043,Sandra Martinez,Consumer,Central,Michigan,Detroit,Technology,Accessories,505.71,2,0.3,-83.16
ORD-2022930,2022-12-14,2022-12-21,Standard Class,CU-10184,Kevin Lee,Consumer,East,Pennsylvania,Philadelphia,Office Supplies,Art,12.57,1,0.1,2.84
ORD-2023530,2022-12-20,2022-12-27,Standard Class,CU-10195,Elizabeth Anderson,Corporate,East,Massachusetts,Boston,Technology,Machines,2033.46,3,0.0,520.8
ORD-2022744,2023-09-19,2023-09-22,Standard Class,CU-10843,Ashley Lopez,Home Office,South,Georgia,Atlanta,Office Supplies,Binders,18.18,1,0.15,3.59
ORD-2022978,2023-10-14,2023-10-17,,CU-10740,Linda Williams,Consumer,East,New York,Buffalo,Technology,Phones,1011.03,2,0.0,214.21
ORD-2026017,2023-07-09,2023-07-13,Standard Class,CU-10311,John Anderson,Consumer,Central,Texas,Houston,Office Supplies,Binders,53.87,1,0.15,8.37
ORD-2025168,2022-05-08,2022-05-11,Second Class,CU-10665,Michael Thomas,Home Office,Central,Michigan,Detroit,Office Supplies,Binders,305.08,6,0.0,96.06
ORD-2026089,2022-09-22,2022-09-26,Second Class,CU-10063,Amy Moore,Home Office,Central,Michigan,Detroit,Office Supplies,Paper,106.52,6,0.0,39.89
ORD-2022061,2023-08-04,2023-08-08,Standard Class,CU-10017,Amy Garcia,Consumer,West,Arizona,Phoenix,Technology,Phones,1053.04,1,0.0,299.97
ORD-2023775,2023-10-04,2023-10-07,Standard Class,CU-10511,Nancy Hernandez,Corporate,West,California,Los Angeles,Technology,Phones,999.36,1,0.1,100.01
ORD-2023602,2024-01-24,2024-01-29,Standard Class,CU-10083,Ashley Lee,Consumer,South,Georgia,Atlanta,Technology,Phones,329.27,5,0.1,69.7
ORD-2024845,2023-11-23,2023-11-27,Second Class,CU-10280,Karen Miller,Home Office,East,New York,Buffalo,Technology,Copiers,8592.91,2,0.1,1270.8
ORD-2026447,2023-08-31,2023-09-04,Standard Class,CU-10004,James Williams,Consumer,East,Massachusetts,Boston,Office Supplies,Fasteners,12.86,6,,3.35
ORD-2024460,2024-10-23,2024-10-30,Standard Class,CU-10711,Amy Jones,Corporate,Central,Texas,Houston,Office Supplies,Fasteners,52.55,4,0.1,15.38
ORD-2023411,2024-12-20,2024-12-23,Second Class,CU-10012,Amy Jackson,Consumer,Central,Michigan,Detroit,Office Supplies,Binders,16.16,1,0.2,2.96
ORD-2025199,2024-11-29,2024-12-06,Standard Class,CU-10512,Mary Jones,Consumer,Central,Michigan,Detroit,Furniture,Furnishings,652.3,7,0.0,61.7
ORD-2022141,2023-09-01,2023-09-03,First Class,CU-10555,Susan Garcia,Corporate,Central,Ohio,Columbus,Technology,Copiers,7421.5,4,,45.21
ORD-2023275,2022-12-26,2022-12-27,First Class,CU-10457,Susan Jones,Corporate,East,New York,Buffalo,Office Supplies,Labels,21.69,2,0.0,8.21
ORD-2024439,2024-05-26,2024-05-28,Second Class,CU-10135,Laura Johnson,Corporate,West,Arizona,Phoenix,Furniture,Chairs,897.07,2,0.5,-715.78
ORD-2023567,2022-02-02,2022-02-05,Standard Class,CU-10510,John Jones,Consumer,Central,Michigan,Detroit,Office Supplies,Binders,14.48,2,0.2,1.63
ORD-2025379,2024-12-10,2024-12-10,Same Day,CU-10675,Amy Smith,Consumer,West,Washington,Seattle,Office Supplies,Labels,6.49,1,0.15,1.12
ORD-2022193,2024-09-08,2024-09-11,Standard Class,CU-10018,Nancy Taylor,Consumer,Central,Michigan,Detroit,Technology,Machines,8847.48,3,0.2,-441.85
ORD-2022646,2022-01-10,2022-01-13,Second Class,CU-10821,Kevin Wilson,Corporate,East,New York,New York City,Office Supplies,Supplies,89.3,1,0.0,27.3
ORD-2025574,2022-12-26,2022-12-29,Standard Class,CU-10675,Amy Smith,Home Office,South,Georgia,Atlanta,Technology,Accessories,122.58,1,0.4,-36.43
ORD-2024081,2022-10-16,2022-10-23,Standard Class,CU-10255,John Hernandez,Consumer,East,New York,Buffalo,Office Supplies,Paper,106.2,6,0.3,5.65
ORD-2022360,2024-11-28,2024-12-05,Standard Class,CU-10050,John Johnson,Consumer,Central,Ohio,Columbus,Office Supplies,Fasteners,11.26,4,0.0,3.54
ORD-2024848,2024-06-12,2024-06-18,Standard Class,CU-10575,Nancy Jones,Home Office,West,California,Los Angeles,Technology,Copiers,19077.08,6,0.0,4335.2
ORD-2023689,2023-04-17,2023-04-19,First Class,CU-10588,Ashley Martin,Corporate,East,New York,Buffalo,Office Supplies,Fasteners,35.42,3,0.0,13.29
ORD-2022057,2023-11-12,2023-11-19,Standard Class,CU-10410,Kevin Williams,Consumer,East,Pennsylvania,Philadelphia,Office Supplies,Fasteners,56.23,5,0.0,20.7
ORD-2024986,2022-04-15,2022-04-19,Standard Class,CU-10071,Mary Jackson,Home Office,West,California,Los Angeles,Furniture,Bookcases,144.54,1,0.3,-55.05
ORD-2026070,2023-04-14,2023-04-18,Standard Class,CU-10292,Kevin Garcia,Corporate,East,Massachusetts,Boston,Office Supplies,Labels,5.5,1,0.1,1.06
ORD-2022358,2023-09-03,2023-09-09,,CU-10395,John Martinez,Consumer,East,New York,New York City,Office Supplies,Supplies,337.24,3,0.0,97.98
ORD-2025928,2022-08-06,2022-08-11,Standard Class,CU-10163,Patricia Johnson,Consumer,Central,Michigan,Detroit,Technology,Machines,2788.88,2,0.2,-4.08
ORD-2025117,2024-01-15,2024-01-20,Standard Class,CU-10795,Laura Lopez,Corporate,South,North Carolina,Charlotte,Office Supplies,Fasteners,110.55,7,0.0,32.61
ORD-2022249,2023-05-31,2023-06-04,Second Class,CU-10022,Laura Taylor,Corporate,West,California,Los Angeles,Technology,Accessories,326.82,2,0.3,-39.63
ORD-2023568,2023-08-13,2023-08-19,Standard Class,CU-10445,Karen Moore,Consumer,East,New York,New York City,Office Supplies,Storage,48.58,1,0.0,15.44
ORD-2025947,2022-05-29,2022-05-31,Second Class,CU-10624,Kevin Lopez,Consumer,Central,Texas,Houston,Office Supplies,Fasteners,24.01,4,0.1,3.72
ORD-2024116,2022-11-28,2022-12-01,Standard Class,CU-10343,Sandra Rodriguez,Consumer,East,Massachusetts,Boston,Technology,Machines,7294.36,3,0.0,1417.92
ORD-2025390,2022-08-05,2022-08-08,Second Class,CU-10347,Robert Anderson,Home Office,East,Pennsylvania,Philadelphia,Office Supplies,Supplies,172.29,2,0.3,-2.15
ORD-2024339,2022-04-28,2022-05-04,Standard Class,CU-10523,Barbara Wilson,Home Office,West,California,San Francisco,Technology,Accessories,162.44,1,0.1,31.9
ORD-2024094,2024-11-11,2024-11-14,Standard Class,CU-10769,Robert Martinez,Consumer,East,Pennsylvania,Philadelphia,Technology,Machines,51365.16,32,0.1,6032.68
ORD-2022923,2023-10-26,2023-10-29,Standard Class,CU-10802,Kevin Thomas,Consumer,Central,Illinois,Chicago,Office Supplies,Labels,8.34,3,0.1,2.06
ORD-2024041,2024-07-11,2024-07-18,Standard Class,CU-10328,Steven Taylor,Corporate,Central,Texas,Houston,Office Supplies,Art,153.69,4,0.0,48.91
ORD-2022277,2023-09-15,2023-09-21,Standard Class,CU-10250,Jason Brown,Corporate,Central,Ohio,Columbus,Technology,Machines,2675.93,1,0.15,130.56
ORD-2024200,2022-07-08,2022-07-10,First Class,CU-10528,Ashley Lopez,Corporate,East,Pennsylvania,Philadelphia,Office Supplies,Art,38.14,3,0.0,13.3
ORD-2023321,2023-07-28,2023-08-02,Standard Class,CU-10285,Laura Jackson,Corporate,South,Georgia,Atlanta,Office Supplies,Fasteners,59.54,7,0.0,19.42
ORD-2024272,2024-05-24,2024-05-24,Same Day,CU-10436,Kevin Davis,Home Office,Central,Texas,Houston,Technology,Copiers,3956.07,1,0.2,-56.16
ORD-2024912,2023-10-16,2023-10-20,Standard Class,CU-10197,Patricia Martinez,Consumer,East,Massachusetts,Boston,Office Supplies,Art,11.37,1,0.0,4.14
ORD-2022381,2024-12-01,2024-12-04,Standard Class,CU-10443,Nancy Lee,Consumer,West,California,Los Angeles,Office Supplies,Art,36.93,1,0.1,6.13
ORD-2024192,2024-04-06,2024-04-09,Second Class,CU-10259,Jason Martin,Consumer,East,New York,New York City,Office Supplies,Paper,75.51,5,0.1,20.14
ORD-2025864,2024-12-07,2024-12-14,Standard Class,CU-10137,Mary Anderson,Corporate,Central,Illinois,Chicago,Office Supplies,Fasteners,74.19,6,0.15,6.17
ORD-2024412,2023-05-18,2023-05-24,Standard Class,CU-10221,Patricia Hernandez,Consumer,Central,Ohio,Columbus,Office Supplies,Paper,16.06,1,0.3,-1.09
ORD-2023451,2023-12-08,2023-12-13,Standard Class,CU-10170,Sandra Brown,Home Office,East,Massachusetts,Boston,Furniture,Bookcases,4007.95,6,0.4,-2342.11
ORD-2025912,2024-10-14,2024-10-18,Standard Class,CU-10042,David Lee,Consumer,West,Washington,Seattle,Technology,Accessories,587.41,2,0.4,-166.27
ORD-2023390,2024-12-01,2024-12-01,Same Day,CU-10267,Mary Lopez,Home Office,South,North Carolina,Charlotte,Furniture,Furnishings,112.12,2,0.15,-2.55
ORD-2024981,2022-12-05,2022-12-08,Second Class,CU-10653,Sandra Jones,Corporate,East,Massachusetts,Boston,Furniture,Chairs,227.84,1,0.0,46.48
ORD-2023024,2023-12-28,2024-01-01,Standard Class,CU-10421,Sandra Brown,Consumer,West,California,Los Angeles,Furniture,Bookcases,853.38,2,,-612.55
ORD-2024821,2024-01-27,2024-01-31,Second Class,CU-10019,Laura Jones,Corporate,South,Georgia,Atlanta,Office Supplies,Art,44.53,5,0.0,16.44
ORD-2026046,2022-11-16,2022-11-18,First Class,CU-10511,Nancy Hernandez,Home Office,East,New York,New York City,Furniture,Chairs,569.75,2,0.2,-132.74
ORD-2025914,2023-04-18,2023-04-22,Second Class,CU-10829,Robert Miller,Corporate,West,Arizona,Phoenix,Office Supplies,Labels,10.28,1,0.1,1.8
ORD-2023952,2024-06-05,2024-06-05,Same Day,CU-10781,Michael Miller,Consumer,West,California,Los Angeles,Office Supplies,Supplies,299.47,7,0.0,80.26
ORD-2025907,2024-11-01,2024-11-08,Standard Class,CU-10352,Mary Moore,Consumer,East,New York,New York City,Office Supplies,Labels,27.71,2,0.3,-0.01
ORD-2022066,2023-11-07,2023-11-14,Standard Class,CU-10296,Laura Brown,Corporate,West,Arizona,Phoenix,Furniture,Chairs,178.27,1,0.2,-52.05
ORD-2025251,2023-11-04,2023-11-07,Standard Class,CU-10109,Robert Lee,Consumer,West,Washington,Seattle,Office Supplies,Art,45.9,4,0.1,11.19
ORD-2023055,2024-01-18,2024-01-24,Standard Class,CU-10050,John Johnson,Home Office,South,Tennessee,Nashville,Furniture,Chairs,158.76,1,0.3,-64.78
ORD-2024915,2022-08-29,2022-09-05,Standard Class,CU-10671,Steven Wilson,Consumer,West,Arizona,Phoenix,Office Supplies,Fasteners,4.54,1,0.1,1.17
ORD-2025979,2023-12-25,2023-12-28,Standard Class,CU-10187,Linda Martinez,Corporate,Central,Illinois,Chicago,Office Supplies,Storage,373.65,2,0.0,99.26
ORD-2023739,2024-06-29,2024-07-02,Standard Class,CU-10562,Jason Miller,Home Office,Central,Ohio,Columbus,Furniture,Chairs,1245.97,4,0.3,-503.13
ORD-2024076,2024-12-20,2024-12-27,Standard Class,CU-10234,Amy Martin,Home Office,East,Pennsylvania,Philadelphia,Technology,Phones,1404.12,4,0.1,-74.11
ORD-2024342,2024-04-16,2024-04-19,Standard Class,CU-10371,Susan Jones,Consumer,West,California,San Francisco,Furniture,Bookcases,345.52,1,0.0,64.02
ORD-2025698,2022-02-20,2022-02-21,First Class,CU-10032,Nancy Anderson,Consumer,East,Massachusetts,Boston,Office Supplies,Binders,15.8,5,0.0,6.06
ORD-2022113,2023-11-18,2023-11-19,First Class,CU-10092,Laura Thomas,Consumer,Central,Illinois,Chicago,Furniture,Chairs,98.02,1,0.1,0.03
ORD-2022245,2024-10-17,2024-10-18,First Class,CU-10198,John Hernandez,Corporate,West,Arizona,Phoenix,Technology,Copiers,22769.83,7,0.1,1338.61
ORD-2023439,2024-12-21,2024-12-25,Second Class,CU-10055,Patricia Thomas,Consumer,East,New York,New York City,Office Supplies,Fasteners,5.14,5,0.1,0.83
ORD-2023022,2024-12-28,2025-01-01,Second Class,CU-10592,Steven Miller,Home Office,Central,Illinois,Chicago,Office Supplies,Binders,35.52,4,0.0,13.71
ORD-2025841,2023-12-20,2023-12-26,Standard Class,CU-10342,Nancy Garcia,Corporate,West,California,Los Angeles,Office Supplies,Storage,246.92,1,0.2,21.96
ORD-2025233,2022-06-11,2022-06-12,First Class,CU-10840,Amy Miller,Consumer,Central,Illinois,Chicago,Office Supplies,Paper,20.43,2,,3.69
ORD-2022980,2024-12-26,2024-12-30,Standard Class,CU-10771,Sandra Jackson,Home Office,East,New York,New York City,Office Supplies,Labels,4.22,1,0.0,1.82
ORD-2025750,2022-05-20,2022-05-22,First Class,CU-10410,Kevin Williams,Corporate,East,New York,Buffalo,Furniture,Tables,4484.82,4,0.2,-1247.88
ORD-2022411,2023-12-24,2023-12-28,Second Class,CU-10033,Amy Martinez,Home Office,West,California,San Francisco,Furniture,Tables,423.12,1,0.2,-69.01
ORD-2024261,2024-12-25,2024-12-30,Standard Class,CU-10257,Nancy Lee,Consumer,South,Florida,Miami,Technology,Copiers,13068.62,5,0.1,2337.89
ORD-2023062,2022-11-23,2022-11-29,Standard Class,CU-10835,Linda Taylor,Home Office,South,Georgia,Atlanta,Office Supplies,Fasteners,28.35,2,0.1,7.76
ORD-2022116,2024-05-30,2024-06-05,Standard Class,CU-10695,Robert Lee,Corporate,Central,Ohio,Columbus,Furniture,Bookcases,2196.18,5,0.1,262.83
ORD-2026425,2023-03-25,2023-03-31,Standard Class,CU-10816,Susan Smith,Consumer,South,Florida,Miami,Technology,Copiers,12814.68,5,0.0,3729.57
ORD-2023025,2022-12-17,2022-12-21,Second Class,CU-10417,Robert Anderson,Consumer,South,North Carolina,Charlotte,Office Supplies,Binders,90.85,4,0.0,39.38
ORD-2025937,2023-12-23,2023-12-27,Standard Class,CU-10786,Patricia Taylor,Corporate,East,Massachusetts,Boston,Technology,Machines,6218.89,2,0.1,595.86
ORD-2022247,2023-05-12,2023-05-14,Second Class,CU-10490,Barbara Smith,Consumer,South,Tennessee,Nashville,Office Supplies,Supplies,61.2,1,0.0,16.05
ORD-2025561,2023-09-15,2023-09-21,Standard Class,CU-10396,Mary Jones,Corporate,Central,Ohio,Columbus,Furniture,Bookcases,2424.63,7,0.1,47.24
ORD-2022665,2024-04-01,2024-04-04,Standard Class,CU-10251,John Hernandez,Consumer,West,California,Los Angeles,Office Supplies,Supplies,566.99,8,0.0,159.56
ORD-2026446,2023-03-28,2023-03-31,Second Class,CU-10066,Laura Taylor,Consumer,West,Washington,Seattle,Office Supplies,Art,200.38,6,0.0,49.22
ORD-2026205,2024-05-19,2024-05-20,First Class,CU-10721,Michael Lopez,Home Office,East,Massachusetts,Boston,Technology,Copiers,455.21,1,0.15,71.09
ORD-2025399,2023-12-23,2023-12-23,Same Day,CU-10350,James Jones,Corporate,South,North Carolina,Charlotte,Office Supplies,Art,14.89,5,0.1,3.38
ORD-2022092,2023-06-30,2023-07-04,Standard Class,CU-10251,John Hernandez,Corporate,South,Georgia,Atlanta,Technology,Copiers,2116.83,1,0.1,166.65
ORD-2026456,2022-08-20,2022-08-22,First Class,CU-10391,Laura Garcia,Home Office,East,New York,New York City,Furniture,Tables,4312.87,4,0.15,-429.92
ORD-2022114,2022-09-21,2022-09-23,First Class,CU-10226,Ashley Moore,Consumer,West,Washington,Seattle,Furniture,Tables,1335.33,3,0.0,348.65
ORD-2025989,2024-12-30,2025-01-04,Standard Class,CU-10633,Michael Martinez,Consumer,East,Massachusetts,Boston,Furniture,Chairs,1026.33,2,0.3,-361.89
ORD-2023376,2023-12-24,2023-12-26,Second Class,CU-10734,Kevin Thomas,Consumer,West,Washington,Seattle,Technology,Machines,1361.25,2,0.2,-110.76
ORD-2024302,2023-08-05,2023-08-08,Standard Class,CU-10626,Nancy Rodriguez,Consumer,East,Massachusetts,Boston,Office Supplies,Binders,19.95,1,0.0,7.17
ORD-2024477,2022-10-08,2022-10-14,Standard Class,CU-10357,Sandra Wilson,Home Office,West,Arizona,Phoenix,Office Supplies,Fasteners,7.74,6,0.15,1.31
ORD-2024636,2023-07-26,2023-07-28,Second Class,CU-10604,Ashley Moore,Home Office,South,North Carolina,Charlotte,Office Supplies,Fasteners,12.3,1,0.2,0.62
ORD-2025250,2024-12-18,2024-12-23,Standard Class,CU-10597,Jason Wilson,Home Office,East,New York,Buffalo,Technology,Accessories,196.76,1,0.0,57.05
ORD-2024919,2024-03-20,2024-03-21,,CU-10769,Robert Martinez,Consumer,South,Georgia,Atlanta,Office Supplies,Fasteners,9.55,2,0.15,0.9
ORD-2022118,2023-06-09,2023-06-10,First Class,CU-10722,Amy Johnson,Consumer,East,Pennsylvania,Philadelphia,Office Supplies,Storage,322.03,3,0.3,13.05
ORD-2023981,2023-03-24,2023-03-27,Standard Class,CU-10547,Steven Moore,Corporate,West,Arizona,Phoenix,Furniture,Tables,354.4,1,0.15,-24.21
ORD-2025461,2024-07-14,2024-07-19,Standard Class,CU-10815,Robert Davis,Corporate,East,New York,Buffalo,Office Supplies,Supplies,348.62,3,0.0,120.19
ORD-2024180,2024-07-07,2024-07-09,Second Class,CU-10271,Linda Davis,Corporate,East,Pennsylvania,Philadelphia,Furniture,Bookcases,416.06,3,0.0,75.0
ORD-2022162,2022-11-09,2022-11-13,Standard Class,CU-10619,David Hernandez,Corporate,South,Florida,Miami,Office Supplies,Supplies,214.13,4,0.15,48.65
ORD-2022263,2022-08-13,2022-08-16,Standard Class,CU-10482,Sandra Miller,Corporate,West,California,San Francisco,Furniture,Bookcases,663.21,4,0.3,-208.2
ORD-2026238,2023-10-20,2023-10-27,Standard Class,CU-10228,Mary Wilson,Consumer,East,Pennsylvania,Philadelphia,Office Supplies,Paper,7.02,1,0.15,1.2
ORD-2023313,2022-01-10,2022-01-11,,CU-10145,Karen Lee,Corporate,East,Pennsylvania,Philadelphia,Technology,Copiers,2681.86,4,0.0,605.05
ORD-2022246,2023-12-01,2023-12-08,Standard Class,CU-10193,Kevin Jackson,Home Office,West,Arizona,Phoenix,Office Supplies,Labels,14.15,1,0.0,4.13
ORD-2026021,2022-10-09,2022-10-12,Standard Class,CU-10778,Ashley Brown,Corporate,Central,Illinois,Chicago,Technology,Phones,861.57,4,0.1,105.17
ORD-2022775,2024-10-01,2024-10-08,Standard Class,CU-10332,James Anderson,Corporate,West,California,Los Angeles,Office Supplies,Fasteners,110.77,6,0.2,16.98
ORD-2022552,2022-09-25,2022-10-01,Standard Class,CU-10043,Sandra Martinez,Consumer,South,North Carolina,Charlotte,Technology,Accessories,333.16,2,0.0,80.86
ORD-2023113,2024-11-29,2024-12-05,Standard Class,CU-10163,Patricia Johnson,Home Office,West,California,San Francisco,Office Supplies,Storage,326.57,2,0.1,74.72
ORD-2025264,2023-01-12,2023-01-13,First Class,CU-10238,Michael Williams,Consumer,East,New York,New York City,Office Supplies,Storage,1364.42,7,0.1,340.26
ORD-2026097,2023-12-10,2023-12-17,Standard Class,CU-10599,Laura Jackson,Consumer,Central,Ohio,Columbus,Technology,Copiers,14739.94,4,0.0,3471.09
ORD-2022580,2023-09-10,2023-09-14,Second Class,CU-10097,John Brown,Consumer,West,Arizona,Phoenix,Office Supplies,Supplies,76.8,2,0.2,6.77
ORD-2022844,2022-06-02,2022-06-09,Standard Class,CU-10213,David Martin,Home Office,West,Washington,Seattle,Office Supplies,Storage,83.43,2,0.1,10.13
ORD-2023460,2024-06-17,2024-06-20,Standard Class,CU-10033,Amy Martinez,Consumer,East,Massachusetts,Boston,Office Supplies,Binders,8.35,1,0.0,2.22
ORD-2026098,2024-02-11,2024-02-18,Standard Class,CU-10446,James Lopez,Corporate,Central,Michigan,Detroit,Furniture,Bookcases,3432.89,6,0.2,-867.2
ORD-2022651,2024-11-09,2024-11-12,Standard Class,CU-10400,Ashley Martinez,Consumer,West,Washington,Seattle,Office Supplies,Paper,22.03,4,0.0,7.15
ORD-2025723,2023-06-08,2023-06-14,Standard Class,CU-10150,John Moore,Home Office,East,New York,Buffalo,Furniture,Bookcases,2518.28,6,0.15,-131.89
ORD-2026054,2024-09-05,2024-09-07,Second Class,CU-10223,Laura Wilson,Consumer,Central,Illinois,Chicago,Technology,Copiers,8730.5,2,0.0,2117.6
ORD-2023170,2023-04-16,2023-04-19,Second Class,CU-10787,Nancy Lopez,Corporate,West,California,Los Angeles,Office Supplies,Fasteners,9.39,1,0.1,1.03
ORD-2025190,2022-10-10,2022-10-15,Standard Class,CU-10303,Michael Martinez,Corporate,West,California,Los Angeles,Office Supplies,Labels,29.99,3,0.15,4.05
ORD-2026158,2023-07-06,2023-07-12,Standard Class,CU-10505,Sandra Rodriguez,Corporate,East,New York,Buffalo,Technology,Machines,12182.82,4,0.2,-194.72
ORD-2025011,2024-11-05,2024-11-11,Standard Class,CU-10308,Barbara Rodriguez,Home Office,South,North Carolina,Charlotte,Technology,Accessories,1478.5,7,0.1,81.45
ORD-2026466,2022-09-09,2022-09-13,Second Class,CU-10355,Robert Martin,Consumer,West,Washington,Seattle,Furniture,Furnishings,64.01,1,0.4,-42.93
ORD-2024581,2024-09-13,2024-09-16,Standard Class,CU-10100,Barbara Wilson,Consumer,Central,Illinois,Chicago,Technology,Accessories,403.87,3,0.0,73.81
ORD-2024910,2024-03-13,2024-03-16,Second Class,CU-10527,David Miller,Home Office,Central,Texas,Houston,Technology,Phones,4006.69,4,,928.3
ORD-2025874,2024-12-31,2025-01-03,Standard Class,CU-10366,Karen Garcia,Consumer,South,Florida,Miami,Furniture,Furnishings,251.15,2,0.4,-144.05
ORD-2026460,2023-05-24,2023-05-28,Second Class,CU-10834,David Davis,Corporate,West,California,San Francisco,Office Supplies,Labels,5.8,1,0.2,0.06
ORD-2024549,2022-12-13,2022-12-15,First Class,CU-10819,Kevin Miller,Corporate,West,Washington,Seattle,Office Supplies,Binders,22.89,1,0.1,3.18
ORD-2023368,2022-10-03,2022-10-04,,CU-10679,Laura Hernandez,Consumer,Central,Ohio,Columbus,Technology,Phones,2762.02,7,0.15,108.94
ORD-2026016,2022-11-21,2022-11-23,First Class,CU-10418,Karen Martin,Consumer,East,New York,New York City,Technology,Phones,1528.78,2,0.2,61.9
ORD-2022897,2022-10-18,2022-10-23,,CU-10758,Steven Rodriguez,Corporate,Central,Ohio,Columbus,Furniture,Chairs,1202.04,3,0.3,-428.74
ORD-2022928,2023-11-21,2023-11-22,First Class,CU-10085,Susan Taylor,Consumer,Central,Texas,Houston,Technology,Phones,1447.14,2,0.0,465.82
ORD-2026473,2022-03-17,2022-03-20,Second Class,CU-10430,Susan Taylor,Consumer,West,Washington,Seattle,Office Supplies,Labels,40.29,4,0.2,4.41
ORD-2022676,2024-11-19,2024-11-20,First Class,CU-10806,James Lee,Consumer,Central,Michigan,Detroit,Office Supplies,Paper,70.33,3,0.0,21.57
ORD-2022014,2023-06-26,2023-06-30,Standard Class,CU-10093,James Jones,Corporate,West,California,San Francisco,Technology,Machines,1410.96,2,0.2,58.21
ORD-2024548,2022-12-25,2022-12-27,Second Class,CU-10054,Michael Garcia,Corporate,West,California,San Francisco,Technology,Accessories,762.9,7,0.0,122.72
ORD-2022967,2022-09-07,2022-09-13,Standard Class,CU-10178,Ashley Johnson,Corporate,East,Massachusetts,Boston,Technology,Copiers,3986.49,3,0.15,-82.84
ORD-2025959,2023-04-18,2023-04-20,Second Class,CU-10499,Karen Wilson,Consumer,East,Pennsylvania,Philadelphia,Furniture,Bookcases,1887.67,5,0.0,267.28
ORD-2023106,2022-07-03,2022-07-07,Standard Class,CU-10531,Amy Jackson,Consumer,South,Tennessee,Nashville,Furniture,Chairs,418.62,1,0.2,-88.55
ORD-2026143,2023-03-31,2023-04-02,First Class,CU-10201,Laura Rodriguez,Corporate,Central,Illinois,Chicago,Technology,Machines,1430.38,1,0.1,116.97
ORD-2022240,2024-09-06,2024-09-10,Second Class,CU-10463,Karen Jones,Consumer,West,California,San Francisco,Furniture,Tables,2919.58,7,0.2,-526.69
ORD-2025968,2023-06-09,2023-06-15,Standard Class,CU-10552,Barbara Lopez,Consumer,East,New York,New York City,Furniture,Chairs,356.99,2,0.0,53.04
ORD-2023254,2022-07-12,2022-07-16,Second Class,CU-10226,Ashley Moore,Consumer,South,Florida,Miami,Office Supplies,Supplies,170.57,2,0.15,19.83
ORD-2024648,2023-12-31,2024-01-01,First Class,CU-10499,Karen Wilson,Home Office,South,Tennessee,Nashville,Office Supplies,Fasteners,23.73,6,0.15,3.56
ORD-2024923,2024-01-17,2024-01-23,Standard Class,CU-10079,Karen Johnson,Corporate,West,California,Los Angeles,Furniture,Bookcases,3234.44,7,0.2,-765.62
ORD-2024321,2022-04-24,2022-04-26,Second Class,CU-10695,Robert Lee,Corporate,South,Georgia,Atlanta,Office Supplies,Binders,405.26,7,0.0,105.75
ORD-2023936,2023-08-10,2023-08-13,Second Class,CU-10254,Steven Martin,Consumer,South,Georgia,Atlanta,Technology,Copiers,3421.92,4,0.0,669.9
ORD-2022684,2023-12-16,2023-12-19,Second Class,CU-10229,Kevin Rodriguez,Consumer,West,California,Los Angeles,Office Supplies,Storage,467.47,2,0.15,47.04
ORD-2022168,2022-12-24,2022-12-27,Second Class,CU-10692,Ashley Williams,Corporate,East,New York,Buffalo,Office Supplies,Fasteners,11.33,1,0.0,4.58
ORD-2026469,2022-11-12,2022-11-13,First Class,CU-10827,Linda Martin,Consumer,South,Florida,Miami,Furniture,Furnishings,245.48,2,0.4,-170.5
ORD-2023639,2024-04-19,2024-04-22,Standard Class,CU-10144,Michael Garcia,Corporate,East,Pennsylvania,Philadelphia,Office Supplies,Supplies,148.96,3,0.2,5.74
ORD-2023133,2024-04-16,2024-04-18,Second Class,CU-10345,James Miller,Consumer,East,Pennsylvania,Philadelphia,Furniture,Tables,928.76,3,0.3,-378.15
ORD-2026223,2022-08-26,2022-08-31,Standard Class,CU-10315,James Smith,Home Office,East,New York,New York City,Office Supplies,Supplies,61.58,1,0.1,11.21
ORD-2026010,2022-11-28,2022-12-05,Standard Class,CU-10548,Laura Brown,Consumer,East,New York,New York City,Furniture,Tables,842.17,2,0.2,-156.28
ORD-2025519,2024-06-09,2024-06-12,Second Class,CU-10658,Michael Martinez,Consumer,Central,Illinois,Chicago,Furniture,Tables,1988.9,6,0.3,-871.72
ORD-2024419,2024-11-28,2024-11-29,First Class,CU-10157,Robert Williams,Consumer,East,Massachusetts,Boston,Office Supplies,Binders,113.52,2,0.1,26.12
ORD-2025629,2022-10-05,2022-10-11,Standard Class,CU-10631,Jason Brown,Corporate,West,Arizona,Phoenix,Technology,Phones,294.54,2,0.0,76.79
ORD-2023878,2023-10-31,2023-11-06,Standard Class,CU-10044,Robert Davis,Home Office,South,Georgia,Atlanta,Office Supplies,Supplies,302.83,7,0.0,101.17
ORD-2026066,2022-12-07,2022-12-10,Standard Class,CU-10180,Ashley Martin,Corporate,East,Pennsylvania,Philadelphia,Furniture,Furnishings,43.07,2,0.4,-28.01
ORD-2023715,2024-06-16,2024-06-19,Second Class,CU-10375,Linda Lopez,Corporate,West,California,San Francisco,Furniture,Bookcases,1424.68,3,0.3,-657.78
ORD-2022271,2022-09-19,2022-09-25,Standard Class,CU-10119,Nancy Hernandez,Home Office,East,New York,Buffalo,Furniture,Chairs,427.42,1,0.2,-75.29
ORD-2024653,2024-05-10,2024-05-12,Second Class,CU-10539,Laura Taylor,Consumer,South,Georgia,Atlanta,Office Supplies,Binders,40.41,2,0.1,8.09
ORD-2023473,2023-09-08,2023-09-09,First Class,CU-10396,Mary Jones,Consumer,West,Arizona,Phoenix,Office Supplies,Supplies,74.4,2,0.15,11.65
ORD-2023253,2023-12-09,2023-12-13,Standard Class,CU-10665,Michael Thomas,Consumer,Central,Texas,Houston,Technology,Machines,16910.68,8,0.2,294.61
ORD-2023547,2024-05-20,2024-05-27,Standard Class,CU-10686,Michael Smith,Corporate,West,California,Los Angeles,Office Supplies,Fasteners,16.75,1,0.2,1.18
ORD-2022214,2024-03-29,2024-04-01,Second Class,CU-10166,Nancy Moore,Home Office,East,Massachusetts,Boston,Office Supplies,Storage,119.37,1,0.0,40.71
ORD-2026209,2022-10-19,2022-10-24,Standard Class,CU-10561,Ashley Brown,Consumer,South,Tennessee,Nashville,Office Supplies,Labels,4.47,1,0.0,1.57
ORD-2022344,2024-07-04,2024-07-07,Standard Class,CU-10293,Jason Lee,Consumer,West,Arizona,Phoenix,Office Supplies,Binders,60.85,4,0.0,24.38
ORD-2022838,2023-05-22,2023-05-22,Same Day,CU-10778,Ashley Brown,Home Office,East,Massachusetts,Boston,Office Supplies,Art,54.68,4,0.0,17.79
ORD-2023615,2022-10-30,2022-11-02,Second Class,CU-10369,Jason Wilson,Consumer,West,Washington,Seattle,Furniture,Tables,1660.54,2,0.15,-107.72
ORD-2024195,2024-08-20,2024-08-23,Standard Class,CU-10664,Nancy Wilson,Consumer,Central,Texas,Houston,Technology,Accessories,144.37,1,0.3,-34.95
ORD-2023835,2022-06-04,2022-06-08,Standard Class,CU-10724,David Martinez,Corporate,West,California,San Francisco,Office Supplies,Binders,32.08,1,0.0,9.93
ORD-2025069,2023-07-03,2023-07-05,Second Class,CU-10312,Amy Hernandez,Consumer,Central,Ohio,Columbus,Office Supplies,Binders,393.73,8,0.2,34.87
ORD-2022795,2023-01-28,2023-01-30,Second Class,CU-10404,Robert Thomas,Consumer,South,Georgia,Atlanta,Technology,Phones,625.25,1,0.1,47.01
ORD-2026336,2022-02-07,2022-02-07,Same Day,CU-10237,Patricia Smith,Consumer,Central,Michigan,Detroit,Office Supplies,Supplies,100.41,2,0.1,19.56
ORD-2022412,2022-05-28,2022-06-01,Second Class,CU-10782,Laura Lee,Corporate,South,North Carolina,Charlotte,Technology,Phones,634.34,1,0.2,-29.26
ORD-2023712,2024-12-22,2024-12-27,Standard Class,CU-10043,Sandra Martinez,Corporate,East,Massachusetts,Boston,Office Supplies,Paper,17.27,2,0.1,3.92
ORD-2025271,2023-11-27,2023-11-29,First Class,CU-10565,Linda Hernandez,Consumer,South,Georgia,Atlanta,Furniture,Tables,1088.52,2,0.15,-225.5
ORD-2024831,2023-07-07,2023-07-11,Standard Class,CU-10249,Jason Williams,Home Office,Central,Ohio,Columbus,Furniture,Chairs,433.23,2,0.15,-25.86
ORD-2022342,2024-07-30,2024-08-03,Standard Class,CU-10239,Linda Wilson,Home Office,South,Tennessee,Nashville,Office Supplies,Supplies,525.41,7,0.2,18.97
ORD-2022947,2024-09-29,2024-10-06,Standard Class,CU-10583,Elizabeth Johnson,Home Office,South,Tennessee,Nashville,Furniture,Tables,1063.86,2,0.3,-475.33
ORD-2024795,2023-11-18,2023-11-20,First Class,CU-10206,Steven Johnson,Corporate,East,New York,Buffalo,Furniture,Tables,3415.06,3,0.3,-1619.57
ORD-2024221,2023-07-09,2023-07-11,Second Class,CU-10283,John Lopez,Corporate,Central,Michigan,Detroit,Technology,Copiers,6402.73,5,0.0,1456.7
ORD-2022377,2023-06-18,2023-06-23,Standard Class,CU-10149,Steven Martinez,Consumer,East,Pennsylvania,Philadelphia,Office Supplies,Fasteners,11.84,1,0.15,0.87
ORD-2023491,2024-08-29,2024-09-01,Standard Class,CU-10378,Michael Davis,Corporate,East,New York,Buffalo,Office Supplies,Labels,7.93,2,0.0,2.53
ORD-2022738,2023-04-16,2023-04-16,Same Day,CU-10661,Barbara Martin,Corporate,West,California,San Francisco,Furniture,Furnishings,61.49,2,0.4,-36.47
ORD-2025377,2024-11-20,2024-11-23,Second Class,CU-10499,Karen Wilson,Corporate,West,California,Los Angeles,Technology,Phones,1418.61,4,0.2,-116.79
ORD-2025615,2024-02-27,2024-03-03,Standard Class,CU-10160,Linda Anderson,Home Office,West,Washington,Seattle,Office Supplies,Binders,48.54,1,0.0,14.95
ORD-2022052,2024-07-10,2024-07-13,Standard Class,CU-10227,Linda Garcia,Consumer,South,Florida,Miami,Office Supplies,Art,165.69,5,0.2,12.9
ORD-2024269,2024-10-19,2024-10-21,Second Class,CU-10412,James Davis,Consumer,West,California,San Francisco,Technology,Accessories,1914.9,8,0.0,499.01
ORD-2025094,2023-07-27,2023-07-31,Standard Class,CU-10275,Kevin Johnson,Corporate,Central,Illinois,Chicago,Office Supplies,Fasteners,9.35,3,0.0,2.99
ORD-2023389,2022-03-24,2022-03-28,Standard Class,CU-10275,Kevin Johnson,Consumer,Central,Michigan,Detroit,Technology,Accessories,16.67,1,0.0,3.31
ORD-2025188,2022-08-12,2022-08-16,Standard Class,CU-10284,Elizabeth Lee,Consumer,West,California,Los Angeles,Office Supplies,Supplies,12.21,1,0.1,2.71
ORD-2025478,2024-11-29,2024-12-02,Second Class,CU-10277,Barbara Johnson,Home Office,South,Florida,Miami,Office Supplies,Supplies,119.24,1,0.0,34.93
ORD-2025433,2022-11-19,2022-11-23,Standard Class,CU-10541,John Brown,Consumer,West,California,Los Angeles,Furniture,Tables,5095.05,7,0.0,1320.36
ORD-2024309,2024-11-10,2024-11-12,Second Class,CU-10233,Nancy Jones,Consumer,South,Tennessee,Nashville,Office Supplies,Art,46.84,5,,4.74
ORD-2025222,2024-06-01,2024-06-02,First Class,CU-10157,Robert Williams,Home Office,South,Florida,Miami,Office Supplies,Art,87.04,3,,8.4
ORD-2024590,2024-06-12,2024-06-15,Standard Class,CU-10641,James Lopez,Consumer,Central,Illinois,Chicago,Office Supplies,Art,140.38,7,0.2,14.56
ORD-2023632,2023-12-20,2023-12-21,First Class,CU-10653,Sandra Jones,Consumer,West,Arizona,Phoenix,Furniture,Furnishings,169.42,6,0.2,-37.23
ORD-2025174,2024-01-24,2024-01-26,Second Class,CU-10377,Karen Anderson,Consumer,Central,Michigan,Detroit,Furniture,Furnishings,125.15,1,0.0,26.67
ORD-2024976,2023-12-26,2023-12-29,Standard Class,CU-10519,Laura Rodriguez,Consumer,West,California,Los Angeles,Office Supplies,Storage,494.04,6,0.3,-1.77
ORD-2022467,2024-12-03,2024-12-06,Second Class,CU-10072,Steven Brown,Corporate,Central,Michigan,Detroit,Office Supplies,Supplies,187.38,2,0.0,52.94
ORD-2026309,2023-12-13,2023-12-15,Second Class,CU-10673,Jason Smith,Consumer,West,California,Los Angeles,Technology,Copiers,2816.13,2,0.2,-25.82
ORD-2022903,2023-08-19,2023-08-21,Second Class,CU-10508,Steven Thomas,Home Office,East,New York,New York City,Furniture,Bookcases,582.01,1,0.1,-29.56
ORD-2026291,2022-04-22,2022-04-28,Standard Class,CU-10758,Steven Rodriguez,Corporate,East,New York,New York City,Office Supplies,Labels,12.29,2,0.15,0.24
ORD-2022071,2023-05-06,2023-05-11,Standard Class,CU-10544,David Jones,Consumer,East,New York,Buffalo,Office Supplies,Paper,53.75,7,0.0,16.36
ORD-2025217,2022-01-27,2022-01-31,Standard Class,CU-10788,Amy Miller,Consumer,Central,Ohio,Columbus,Technology,Machines,2862.17,1,0.2,-94.23
ORD-2023898,2022-04-21,2022-04-28,Standard Class,CU-10732,John Rodriguez,Consumer,East,New York,New York City,Technology,Copiers,13462.49,3,0.1,1638.78
ORD-2025995,2022-01-29,2022-02-01,Second Class,CU-10773,Amy Jackson,Corporate,South,North Carolina,Charlotte,Office Supplies,Fasteners,4.15,2,0.0,1.13
ORD-2023207,2023-08-26,2023-08-31,Standard Class,CU-10518,Barbara Wilson,Home Office,Central,Illinois,Chicago,Office Supplies,Paper,22.54,1,0.0,7.78
ORD-2024077,2022-10-01,2022-10-01,Same Day,CU-10128,Barbara Brown,Home Office,Central,Ohio,Columbus,Office Supplies,Art,68.87,5,0.15,11.11
ORD-2023590,2022-10-11,2022-10-13,First Class,CU-10768,Robert Martin,Corporate,Central,Texas,Houston,Technology,Accessories,235.31,2,0.15,12.05
ORD-2024844,2022-10-26,2022-10-28,First Class,CU-10252,James Davis,Consumer,West,Washington,Seattle,Technology,Phones,1637.18,2,0.3,-126.51
ORD-2024205,2023-11-23,2023-11-28,Standard Class,CU-10432,Sandra Taylor,Corporate,Central,Illinois,Chicago,Office Supplies,Storage,325.87,3,0.1,49.98
ORD-2024980,2023-12-06,2023-12-13,Standard Class,CU-10129,Patricia Garcia,Consumer,West,Arizona,Phoenix,Furniture,Tables,239.37,1,0.4,-139.81
ORD-2022658,2023-11-24,2023-11-29,Standard Class,CU-10581,David Lopez,Home Office,Central,Ohio,Columbus,Office Supplies,Fasteners,18.47,1,0.0,5.93
ORD-2022063,2024-06-08,2024-06-12,Standard Class,CU-10032,Nancy Anderson,Home Office,East,New York,Buffalo,Office Supplies,Supplies,16.05,1,0.1,2.68
ORD-2023838,2024-06-14,2024-06-17,Standard Class,CU-10633,Michael Martinez,Corporate,Central,Ohio,Columbus,Office Supplies,Art,141.95,5,0.15,18.85
ORD-2026000,2024-03-30,2024-04-03,Standard Class,CU-10055,Patricia Thomas,Consumer,Central,Texas,Houston,Technology,Accessories,279.24,1,0.0,73.38
ORD-2025036,2023-12-08,2023-12-12,Second Class,CU-10009,Robert Miller,Consumer,Central,Michigan,Detroit,Office Supplies,Paper,159.44,7,0.0,63.08
ORD-2022454,2022-05-30,2022-06-05,Standard Class,CU-10577,Barbara Williams,Home Office,Central,Illinois,Chicago,Office Supplies,Paper,35.29,2,0.1,5.63
ORD-2022402,2024-07-02,2024-07-08,Standard Class,CU-10767,Amy Jackson,Consumer,Central,Texas,Houston,Technology,Accessories,639.46,4,0.0,157.41
ORD-2023472,2022-06-21,2022-06-24,Standard Class,CU-10651,Robert Johnson,Home Office,Central,Illinois,Chicago,Furniture,Furnishings,340.32,3,0.2,-70.45
ORD-2022677,2023-09-08,2023-09-10,First Class,CU-10450,Karen Jones,Home Office,East,Pennsylvania,Philadelphia,Office Supplies,Art,27.19,1,0.0,9.68
ORD-2025356,2023-11-08,2023-11-11,Standard Class,CU-10132,Nancy Miller,Corporate,Central,Michigan,Detroit,Technology,Accessories,128.23,1,0.0,21.7
ORD-2023616,2022-01-09,2022-01-14,Standard Class,CU-10229,Kevin Rodriguez,Consumer,West,Arizona,Phoenix,Office Supplies,Supplies,311.46,6,0.15,70.56
ORD-2023251,2022-06-21,2022-06-23,First Class,CU-10593,Barbara Davis,Home Office,Central,Illinois,Chicago,Office Supplies,Supplies,406.67,4,0.1,119.47
ORD-2023983,2022-11-16,2022-11-18,Second Class,CU-10262,Barbara Martin,Corporate,West,California,San Francisco,Furniture,Bookcases,1277.38,2,0.2,-298.69
ORD-2025425,2023-10-11,2023-10-15,Standard Class,CU-10359,Karen Garcia,Corporate,East,New York,Buffalo,Technology,Phones,1176.21,1,0.2,-166.34
ORD-2025843,2023-12-04,2023-12-10,Standard Class,CU-10746,James Hernandez,Consumer,East,Massachusetts,Boston,Furniture,Chairs,279.08,1,,-168.54
ORD-2023033,2024-11-15,2024-11-17,First Class,CU-10549,Nancy Lee,Home Office,South,North Carolina,Charlotte,Office Supplies,Paper,26.79,2,0.2,2.3
ORD-2022174,2022-09-08,2022-09-12,Second Class,CU-10610,Michael Brown,Corporate,East,Massachusetts,Boston,Technology,Machines,263.13,1,0.15,11.25
ORD-2022939,2022-06-11,2022-06-14,Standard Class,CU-10829,Robert Miller,Corporate,South,North Carolina,Charlotte,Furniture,Tables,1702.79,6,0.4,-1018.47
ORD-2025102,2024-12-12,2024-12-15,Second Class,CU-10765,Linda Smith,Consumer,West,Washington,Seattle,Office Supplies,Art,81.72,3,,14.18
ORD-2024587,2022-09-10,2022-09-14,Standard Class,CU-10405,Laura Lopez,Consumer,West,Arizona,Phoenix,Furniture,Furnishings,68.18,1,0.1,-5.5
ORD-2022334,2022-07-27,2022-08-03,Standard Class,CU-10094,David Jones,Corporate,South,Tennessee,Nashville,Office Supplies,Art,102.81,6,0.1,15.75
ORD-2022873,2023-03-22,2023-03-26,Standard Class,CU-10759,Susan Brown,Corporate,West,Arizona,Phoenix,Technology,Accessories,900.44,4,0.1,79.28
ORD-2024853,2022-12-26,2022-12-30,Second Class,CU-10573,Jason Hernandez,Home Office,West,California,Los Angeles,Office Supplies,Supplies,99.4,1,0.0,35.28
ORD-2023486,2024-12-23,2024-12-27,Standard Class,CU-10722,Amy Johnson,Home Office,West,California,San Francisco,Office Supplies,Paper,37.58,3,0.2,4.67
ORD-2022296,2024-12-22,2024-12-23,First Class,CU-10166,Nancy Moore,Corporate,West,California,Los Angeles,Office Supplies,Fasteners,9.56,3,,2.34
ORD-2026377,2022-10-11,2022-10-12,First Class,CU-10636,Susan Johnson,Corporate,Central,Texas,Houston,Technology,Copiers,17994.19,6,0.15,831.55
ORD-2026321,2023-11-02,2023-11-05,Standard Class,CU-10049,Barbara Garcia,Corporate,West,California,Los Angeles,Furniture,Furnishings,75.71,1,0.0,13.57
ORD-2025845,2023-09-19,2023-09-24,Standard Class,CU-10802,Kevin Thomas,Corporate,East,Pennsylvania,Philadelphia,Office Supplies,Fasteners,60.56,4,0.1,9.37
ORD-2025760,2024-12-26,2024-12-29,Second Class,CU-10080,Sandra Anderson,Consumer,West,Arizona,Phoenix,Office Supplies,Fasteners,24.32,2,0.0,7.02
ORD-2022378,2023-03-31,2023-04-07,Standard Class,CU-10487,Karen Brown,Consumer,Central,Ohio,Columbus,Technology,Copiers,3628.94,2,0.0,756.79
ORD-2025110,2022-12-16,2022-12-22,Standard Class,CU-10608,Karen Hernandez,Home Office,Central,Texas,Houston,Technology,Phones,851.3,1,0.15,156.6
ORD-2024770,2022-09-06,2022-09-08,First Class,CU-10139,Laura Jones,Consumer,East,Massachusetts,Boston,Office Supplies,Labels,6.77,2,0.1,1.13
ORD-2025918,2023-12-29,2024-01-01,Standard Class,CU-10433,Linda Garcia,Corporate,West,Arizona,Phoenix,Office Supplies,Storage,664.8,7,0.0,245.72
ORD-2026138,2024-03-20,2024-03-27,Standard Class,CU-10205,Steven Garcia,Consumer,West,California,Los Angeles,Office Supplies,Labels,12.13,3,0.0,4.2
ORD-2024210,2024-12-31,2025-01-07,Standard Class,CU-10474,Jason Lopez,Consumer,East,New York,New York City,Office Supplies,Storage,631.8,3,0.0,227.23
ORD-2024172,2023-09-13,2023-09-17,Second Class,CU-10566,Laura Wilson,Corporate,Central,Illinois,Chicago,Office Supplies,Labels,8.08,1,0.0,1.88
ORD-2024599,2024-12-08,2024-12-11,Standard Class,CU-10298,Sandra Moore,Consumer,West,Arizona,Phoenix,Office Supplies,Art,137.32,4,0.0,51.37
ORD-2024052,2023-07-09,2023-07-16,Standard Class,CU-10056,Amy Taylor,Consumer,South,Florida,Miami,Technology,Accessories,68.75,1,0.0,19.29
ORD-2022915,2024-12-09,2024-12-10,First Class,CU-10226,Ashley Moore,Consumer,Central,Texas,Houston,Technology,Machines,2689.28,2,0.1,173.79
ORD-2026476,2023-10-19,2023-10-20,First Class,CU-10673,Jason Smith,Consumer,Central,Michigan,Detroit,Furniture,Bookcases,235.57,1,0.15,-4.69
ORD-2026361,2023-10-25,2023-11-01,,CU-10519,Laura Rodriguez,Corporate,West,California,Los Angeles,Technology,Copiers,4068.21,1,0.0,1072.85
ORD-2024335,2024-02-18,2024-02-21,Second Class,CU-10626,Nancy Rodriguez,Corporate,East,Pennsylvania,Philadelphia,Technology,Phones,278.94,2,0.1,43.09
ORD-2025820,2024-06-13,2024-06-15,First Class,CU-10293,Jason Lee,Corporate,West,California,Los Angeles,Office Supplies,Art,17.35,1,0.2,0.69
ORD-2022956,2024-06-26,2024-06-29,Standard Class,CU-10659,Mary Miller,Corporate,East,Pennsylvania,Philadelphia,Office Supplies,Storage,243.23,1,0.3,30.12
ORD-2023887,2022-10-03,2022-10-08,Standard Class,CU-10342,Nancy Garcia,Consumer,West,California,San Francisco,Office Supplies,Binders,41.56,3,0.15,4.77
ORD-2025614,2023-12-01,2023-12-02,First Class,CU-10198,John Hernandez,Corporate,West,Washington,Seattle,Office Supplies,Paper,28.07,2,0.1,3.84
ORD-2025717,2024-07-31,2024-08-01,First Class,CU-10192,David Thomas,Consumer,South,North Carolina,Charlotte,Office Supplies,Art,56.4,3,0.0,19.0
ORD-2026027,2023-12-30,2023-12-31,First Class,CU-10690,Ashley Wilson,Corporate,Central,Illinois,Chicago,Office Supplies,Binders,159.76,3,0.1,10.77
ORD-2023182,2022-05-22,2022-05-23,First Class,CU-10118,Karen Rodriguez,Consumer,Central,Texas,Houston,Office Supplies,Paper,48.36,2,0.0,14.42
ORD-2024190,2022-07-03,2022-07-04,First Class,CU-10611,David Wilson,Corporate,South,Georgia,Atlanta,Office Supplies,Art,3.76,1,0.15,0.83
ORD-2023423,2023-04-05,2023-04-06,First Class,CU-10662,Susan Williams,Home Office,Central,Texas,Houston,Technology,Machines,6909.55,3,0.1,864.89
ORD-2026493,2022-06-21,2022-06-27,Standard Class,CU-10193,Kevin Jackson,Consumer,East,New York,New York City,Office Supplies,Binders,18.23,4,0.0,5.89
ORD-2024400,2023-11-28,2023-12-02,Second Class,CU-10009,Robert Miller,Consumer,West,California,Los Angeles,Office Supplies,Fasteners,11.73,1,0.1,2.48
ORD-2024892,2023-12-08,2023-12-10,,CU-10057,Susan Thomas,Corporate,West,California,San Francisco,Office Supplies,Labels,98.64,7,0.1,17.06
ORD-2025596,2024-10-19,2024-10-21,Second Class,CU-10673,Jason Smith,Corporate,West,California,Los Angeles,Furniture,Furnishings,201.39,3,0.15,-19.97
ORD-2023722,2024-03-24,2024-03-30,Standard Class,CU-10068,Nancy Lopez,Home Office,West,Washington,Seattle,Office Supplies,Labels,10.75,1,0.0,3.11
ORD-2023667,2022-11-08,2022-11-08,Same Day,CU-10443,Nancy Lee,Corporate,East,New York,Buffalo,Technology,Copiers,589.64,1,0.2,-20.16
ORD-2024884,2023-11-01,2023-11-02,First Class,CU-10608,Karen Hernandez,Home Office,West,Washington,Seattle,Technology,Copiers,5919.92,4,0.15,453.38
ORD-2024994,2023-11-09,2023-11-14,Standard Class,CU-10284,Elizabeth Lee,Corporate,Central,Ohio,Columbus,Office Supplies,Binders,299.53,8,0.1,59.49
ORD-2022886,2023-04-16,2023-04-20,Standard Class,CU-10679,Laura Hernandez,Consumer,East,New York,New York City,Technology,Machines,1791.0,1,0.3,-381.46
ORD-2026056,2022-12-12,2022-12-18,Standard Class,CU-10488,John Martin,Consumer,East,New York,Buffalo,Office Supplies,Labels,54.78,7,0.0,16.81
ORD-2026314,2022-01-07,2022-01-12,Standard Class,CU-10345,James Miller,Consumer,Central,Michigan,Detroit,Office Supplies,Art,2.59,1,0.1,0.77
ORD-2022333,2024-10-09,2024-10-11,First Class,CU-10067,John Smith,Corporate,East,New York,Buffalo,Technology,Machines,19070.94,6,0.1,3774.98
ORD-2022153,2023-11-04,2023-11-09,Standard Class,CU-10247,Karen Wilson,Consumer,South,North Carolina,Charlotte,Technology,Phones,285.03,1,0.0,47.85
ORD-2022721,2023-06-11,2023-06-11,Same Day,CU-10527,David Miller,Home Office,Central,Illinois,Chicago,Furniture,Furnishings,70.9,1,0.2,-15.5
ORD-2022373,2022-12-23,2022-12-28,Standard Class,CU-10569,John Hernandez,Corporate,West,California,Los Angeles,Technology,Accessories,89.38,1,0.4,-10.58
ORD-2022312,2022-11-11,2022-11-15,Standard Class,CU-10115,Karen Garcia,Corporate,East,Massachusetts,Boston,Office Supplies,Fasteners,89.11,5,0.0,25.33
ORD-2023849,2024-06-01,2024-06-07,Standard Class,CU-10443,Nancy Lee,Corporate,Central,Texas,Houston,Office Supplies,Fasteners,15.41,1,0.15,2.07
ORD-2023622,2024-08-12,2024-08-19,Standard Class,CU-10781,Michael Miller,Consumer,West,California,San Francisco,Technology,Machines,3977.5,7,0.0,900.07
ORD-2022042,2024-03-07,2024-03-09,Second Class,CU-10311,John Anderson,Home Office,Central,Ohio,Columbus,Office Supplies,Labels,5.2,1,0.0,1.57
ORD-2024693,2024-12-25,2025-01-01,Standard Class,CU-10689,Michael Lopez,Corporate,East,Pennsylvania,Philadelphia,Office Supplies,Labels,47.75,4,0.2,1.83
ORD-2022417,2024-06-25,2024-06-27,First Class,CU-10578,Robert Miller,Home Office,West,California,Los Angeles,Office Supplies,Paper,20.84,1,0.1,4.86
ORD-2026418,2022-01-05,2022-01-12,Standard Class,CU-10774,David Davis,Consumer,West,Arizona,Phoenix,Office Supplies,Art,34.76,2,0.0,9.14
ORD-2026212,2023-07-04,2023-07-04,Same Day,CU-10757,Elizabeth Rodriguez,Consumer,East,Pennsylvania,Philadelphia,Furniture,Tables,896.35,1,0.0,163.75
ORD-2022704,2022-12-08,2022-12-10,First Class,CU-10805,Elizabeth Wilson,Consumer,West,Arizona,Phoenix,Office Supplies,Storage,92.17,2,0.0,26.78
ORD-2022732,2022-06-28,2022-07-01,Standard Class,CU-10291,Steven Smith,Home Office,Central,Ohio,Columbus,Office Supplies,Binders,25.04,1,0.1,5.29
ORD-2022944,2023-07-05,2023-07-11,Standard Class,CU-10327,Laura Rodriguez,Consumer,Central,Michigan,Detroit,Office Supplies,Binders,29.2,1,0.0,11.68
ORD-2025614,2023-12-01,2023-12-02,First Class,CU-10198,John Hernandez,Corporate,West,Washington,Seattle,Office Supplies,Paper,28.07,2,0.1,3.84
ORD-2023806,2022-05-05,2022-05-07,First Class,CU-10266,Susan Anderson,Corporate,South,Tennessee,Nashville,Furniture,Furnishings,714.08,6,0.0,147.12
ORD-2023018,2022-03-17,2022-03-18,First Class,CU-10043,Sandra Martinez,Consumer,Central,Michigan,Detroit,Furniture,Chairs,504.79,1,0.2,-123.26
ORD-2022907,2022-06-26,2022-06-28,Second Class,CU-10340,James Jackson,Home Office,East,New York,Buffalo,Technology,Phones,1089.79,2,0.0,277.51
ORD-2023693,2024-04-28,2024-04-29,First Class,CU-10282,Jason Martin,Consumer,South,Florida,Miami,Office Supplies,Fasteners,8.64,2,0.0,2.7
ORD-2024791,2022-05-06,2022-05-09,Standard Class,CU-10359,Karen Garcia,Consumer,East,New York,Buffalo,Office Supplies,Fasteners,21.58,2,0.2,2.35
ORD-2022519,2024-09-04,2024-09-10,Standard Class,CU-10640,Ashley Wilson,Consumer,West,Arizona,Phoenix,Office Supplies,Supplies,110.94,6,0.0,29.62
ORD-2022814,2022-07-20,2022-07-27,Standard Class,CU-10165,Robert Rodriguez,Consumer,Central,Michigan,Detroit,Office Supplies,Paper,107.16,6,0.0,41.14
ORD-2022818,2023-12-10,2023-12-16,Standard Class,CU-10104,Elizabeth Anderson,Corporate,South,Georgia,Atlanta,Office Supplies,Art,189.02,6,0.2,23.47
ORD-2025449,2024-08-29,2024-09-01,,CU-10819,Kevin Miller,Consumer,Central,Ohio,Columbus,Technology,Copiers,2719.69,1,0.0,521.45
ORD-2023522,2024-11-02,2024-11-05,Standard Class,CU-10733,Michael Rodriguez,Corporate,South,Georgia,Atlanta,Furniture,Furnishings,104.25,1,0.15,-8.05
ORD-2023638,2022-11-18,2022-11-24,Standard Class,CU-10304,Barbara Moore,Home Office,East,Pennsylvania,Philadelphia,Office Supplies,Fasteners,27.95,3,0.0,8.68
ORD-2025557,2024-11-25,2024-11-27,Second Class,CU-10505,Sandra Rodriguez,Consumer,East,New York,New York City,Technology,Phones,455.16,2,0.15,18.96
ORD-2026251,2022-08-21,2022-08-26,Standard Class,CU-10533,Kevin Hernandez,Consumer,West,Washington,Seattle,Office Supplies,Fasteners,37.35,5,0.15,3.37
ORD-2023700,2024-11-21,2024-11-26,Standard Class,CU-10161,Steven Martin,Corporate,East,Pennsylvania,Philadelphia,Office Supplies,Fasteners,73.41,6,0.1,12.77
ORD-2025526,2022-06-23,2022-06-27,Standard Class,CU-10631,Jason Brown,Consumer,West,California,San Francisco,Office Supplies,Art,139.95,5,0.0,40.75
ORD-2025734,2022-09-11,2022-09-12,First Class,CU-10225,Kevin Miller,Corporate,East,New York,Buffalo,Furniture,Bookcases,3083.48,5,0.1,-150.65
ORD-2025046,2023-07-21,2023-07-24,Second Class,CU-10115,Karen Garcia,Home Office,South,North Carolina,Charlotte,Office Supplies,Paper,32.84,2,0.0,11.84
ORD-2023883,2024-05-16,2024-05-23,Standard Class,CU-10743,Jason Garcia,Corporate,West,Arizona,Phoenix,Technology,Machines,4620.21,4,0.1,860.67
ORD-2024592,2023-12-25,2023-12-29,Second Class,CU-10356,Susan Martinez,Consumer,West,Washington,Seattle,Furniture,Tables,1997.99,2,0.2,-272.65
ORD-2022379,2024-04-18,2024-04-20,First Class,CU-10728,Elizabeth Brown,Consumer,South,Florida,Miami,Office Supplies,Binders,49.32,1,0.1,10.81
ORD-2025775,2023-09-02,2023-09-07,Standard Class,CU-10735,Karen Wilson,Consumer,Central,Michigan,Detroit,Technology,Phones,414.47,1,0.0,112.97
ORD-2026003,2022-11-15,2022-11-16,First Class,CU-10785,Kevin Williams,Corporate,West,Arizona,Phoenix,Office Supplies,Binders,40.7,1,0.3,-0.97
ORD-2024251,2024-06-18,2024-06-22,Standard Class,CU-10117,Barbara Hernandez,Corporate,West,Washington,Seattle,Technology,Machines,5394.01,3,0.0,1553.18
ORD-2024148,2024-06-16,2024-06-17,,CU-10502,Linda Taylor,Corporate,West,Washington,Seattle,Technology,Copiers,5787.79,3,0.3,-725.45
ORD-2025726,2024-12-13,2024-12-14,First Class,CU-10363,Jason Taylor,Corporate,East,Massachusetts,Boston,Furniture,Chairs,475.7,2,0.0,124.51
ORD-2024144,2022-12-20,2022-12-24,Second Class,CU-10020,Ashley Johnson,Consumer,West,Arizona,Phoenix,Office Supplies,Art,68.61,5,0.2,7.52
ORD-2024566,2022-03-18,2022-03-22,Second Class,CU-10369,Jason Wilson,Consumer,West,California,San Francisco,Office Supplies,Binders,33.79,4,0.1,3.89
ORD-2023803,2024-02-25,2024-03-03,Standard Class,CU-10370,Michael Rodriguez,Consumer,Central,Illinois,Chicago,Technology,Accessories,102.51,1,0.0,21.79
ORD-2025621,2022-12-05,2022-12-09,Standard Class,CU-10101,Michael Martin,Consumer,West,California,San Francisco,Technology,Accessories,136.61,1,0.0,41.4
ORD-2025967,2022-09-02,2022-09-08,Standard Class,CU-10057,Susan Thomas,Consumer,East,Pennsylvania,Philadelphia,Furniture,Furnishings,377.64,3,0.15,-85.07
ORD-2023594,2024-09-11,2024-09-13,Second Class,CU-10769,Robert Martinez,Home Office,West,California,San Francisco,Office Supplies,Storage,176.23,2,0.1,43.76
ORD-2023706,2022-06-02,2022-06-02,Same Day,CU-10258,David Johnson,Consumer,East,Pennsylvania,Philadelphia,Office Supplies,Storage,277.31,3,0.0,78.09
ORD-2026433,2023-03-15,2023-03-18,Standard Class,CU-10647,Kevin Martinez,Consumer,Central,Illinois,Chicago,Furniture,Chairs,507.76,2,0.1,-18.04
ORD-2025790,2022-11-05,2022-11-12,Standard Class,CU-10382,Kevin Wilson,Consumer,West,California,Los Angeles,Office Supplies,Labels,1.36,1,0.2,0.16
ORD-2023820,2024-11-26,2024-11-27,First Class,CU-10646,Mary Jackson,Consumer,Central,Michigan,Detroit,Office Supplies,Binders,149.42,6,0.0,39.16
ORD-2024562,2024-05-13,2024-05-20,Standard Class,CU-10331,Mary Garcia,Consumer,Central,Ohio,Columbus,Office Supplies,Labels,4.26,2,0.0,0.96
ORD-2024559,2022-03-04,2022-03-05,First Class,CU-10511,Nancy Hernandez,Consumer,East,New York,New York City,Office Supplies,Binders,135.08,3,0.2,15.91
ORD-2026208,2023-07-03,2023-07-06,Second Class,CU-10433,Linda Garcia,Consumer,South,Georgia,Atlanta,Office Supplies,Art,19.21,1,0.0,4.18
ORD-2023582,2023-04-27,2023-04-27,Same Day,CU-10290,Barbara Martinez,Consumer,West,California,San Francisco,Office Supplies,Fasteners,41.66,3,0.0,11.97
ORD-2024547,2022-09-17,2022-09-19,Second Class,CU-10425,Patricia Miller,Corporate,East,Pennsylvania,Philadelphia,Technology,Accessories,277.54,3,0.0,75.66
ORD-2022319,2024-12-07,2024-12-09,Second Class,CU-10258,David Johnson,Consumer,South,Florida,Miami,Office Supplies,Storage,229.04,2,0.1,55.02
ORD-2025364,2022-12-23,2022-12-27,Second Class,CU-10348,David Williams,Consumer,Central,Texas,Houston,Office Supplies,Binders,92.12,2,0.3,-3.85
ORD-2023763,2022-05-27,2022-06-03,Standard Class,CU-10206,Steven Johnson,Corporate,South,Florida,Miami,Furniture,Chairs,554.48,5,0.0,86.07
ORD-2024843,2022-11-18,2022-11-25,Standard Class,CU-10297,David Martinez,Consumer,Central,Michigan,Detroit,Office Supplies,Labels,11.54,1,0.2,0.7
ORD-2026267,2024-08-20,2024-08-25,Standard Class,CU-10103,Elizabeth Anderson,Home Office,Central,Michigan,Detroit,Office Supplies,Paper,8.49,1,0.0,3.13
ORD-2024141,2023-06-13,2023-06-17,Standard Class,CU-10505,Sandra Rodriguez,Consumer,East,Pennsylvania,Philadelphia,Technology,Phones,576.18,4,0.0,160.61
ORD-2022213,2024-08-03,2024-08-07,Standard Class,CU-10566,Laura Wilson,Consumer,East,New York,New York City,Office Supplies,Fasteners,33.11,3,0.1,8.26
ORD-2025497,2024-05-30,2024-06-02,Second Class,CU-10398,Nancy Jackson,Consumer,West,California,San Francisco,Office Supplies,Paper,43.61,3,0.1,11.06
ORD-2022803,2023-11-26,2023-11-30,Second Class,CU-10041,Patricia Smith,Consumer,South,North Carolina,Charlotte,Technology,Phones,4045.12,6,0.2,-303.27
ORD-2026132,2023-06-03,2023-06-05,Second Class,CU-10372,Susan Anderson,Home Office,East,Massachusetts,Boston,Office Supplies,Fasteners,36.41,7,0.1,8.0
ORD-2022105,2024-03-31,2024-04-02,Second Class,CU-10258,David Johnson,Corporate,East,Massachusetts,Boston,Office Supplies,Supplies,22.07,1,0.15,3.84
ORD-2025805,2022-09-01,2022-09-05,Second Class,CU-10451,Linda Thomas,Consumer,Central,Michigan,Detroit,Office Supplies,Fasteners,5.4,4,0.0,1.5
ORD-2024806,2022-12-29,2023-01-01,Standard Class,CU-10705,Nancy Smith,Consumer,Central,Illinois,Chicago,Technology,Phones,665.36,1,0.1,19.13
ORD-2023465,2024-01-14,2024-01-15,First Class,CU-10202,Kevin Miller,Home Office,East,Pennsylvania,Philadelphia,Office Supplies,Art,24.05,1,0.2,3.17
ORD-2024953,2024-11-18,2024-11-18,Same Day,CU-10084,Sandra Anderson,Consumer,East,Pennsylvania,Philadelphia,Office Supplies,Labels,10.1,1,0.1,2.14
ORD-2022565,2024-01-08,2024-01-09,First Class,CU-10659,Mary Miller,Consumer,East,New York,New York City,Office Supplies,Fasteners,40.87,3,0.1,8.94
ORD-2022360,2024-11-28,2024-12-05,Standard Class,CU-10050,John Johnson,Consumer,Central,Ohio,Columbus,Office Supplies,Fasteners,11.26,4,0.0,3.54
ORD-2024524,2024-11-18,2024-11-21,Standard Class,CU-10229,Kevin Rodriguez,Consumer,East,New York,Buffalo,Office Supplies,Art,8.88,1,0.1,2.05
ORD-2023474,2023-10-01,2023-10-06,Standard Class,CU-10404,Robert Thomas,Consumer,East,New York,Buffalo,Furniture,Tables,713.41,1,0.4,-401.32
ORD-2025236,2024-12-10,2024-12-10,Same Day,CU-10700,Laura Garcia,Home Office,West,California,Los Angeles,Office Supplies,Paper,2.05,1,0.1,0.55
ORD-2024829,2024-04-28,2024-05-01,Standard Class,CU-10466,James Davis,Home Office,Central,Michigan,Detroit,Office Supplies,Fasteners,42.32,3,0.1,10.1
ORD-2024502,2024-12-08,2024-12-09,First Class,CU-10609,Sandra Moore,Corporate,Central,Ohio,Columbus,Technology,Copiers,16766.17,6,0.0,4267.15
ORD-2022317,2024-02-09,2024-02-15,Standard Class,CU-10507,Sandra Anderson,Consumer,South,Tennessee,Nashville,Office Supplies,Storage,806.19,5,0.1,145.77
ORD-2023200,2023-11-11,2023-11-13,Second Class,CU-10773,Amy Jackson,Consumer,East,New York,Buffalo,Technology,Machines,7461.49,3,0.1,1139.3
ORD-2024278,2024-10-09,2024-10-12,Standard Class,CU-10412,James Davis,Consumer,Central,Ohio,Columbus,Technology,Copiers,4418.88,1,0.3,-1030.98
ORD-2022652,2024-01-11,2024-01-15,Standard Class,CU-10366,Karen Garcia,Corporate,East,Massachusetts,Boston,Office Supplies,Art,39.13,3,0.2,2.41
ORD-2022070,2022-11-01,2022-11-05,Standard Class,CU-10616,Patricia Wilson,Consumer,East,New York,Buffalo,Office Supplies,Paper,7.05,2,0.0,2.23
ORD-2024658,2022-06-19,2022-06-19,Same Day,CU-10415,Mary Moore,Consumer,West,California,Los Angeles,Office Supplies,Fasteners,91.22,5,0.0,33.3
ORD-2023174,2023-09-15,2023-09-19,Standard Class,CU-10770,Barbara Lee,Home Office,West,California,San Francisco,Technology,Machines,5064.03,2,0.1,262.99
ORD-2023088,2023-08-18,2023-08-21,Standard Class,CU-10557,Ashley Hernandez,Corporate,West,Washington,Seattle,Technology,Accessories,191.35,1,0.1,21.07
ORD-2026481,2023-12-17,2023-12-20,Standard Class,CU-10820,Barbara Johnson,Corporate,East,Massachusetts,Boston,Technology,Machines,12088.28,7,0.0,3062.98
ORD-2022410,2023-12-31,2024-01-06,Standard Class,CU-10732,John Rodriguez,Consumer,West,California,Los Angeles,Technology,Accessories,278.23,1,0.2,5.29
ORD-2026064,2022-07-08,2022-07-10,Second Class,CU-10679,Laura Hernandez,Corporate,East,Massachusetts,Boston,Technology,Machines,21307.77,7,0.0,6741.28
ORD-2026417,2022-01-29,2022-02-03,Standard Class,CU-10607,Steven Garcia,Consumer,West,Washington,Seattle,Office Supplies,Labels,40.69,3,0.0,15.69
ORD-2024386,2024-12-25,2024-12-28,Standard Class,CU-10735,Karen Wilson,Corporate,East,New York,Buffalo,Furniture,Chairs,741.47,3,0.1,-68.93
ORD-2024091,2024-09-30,2024-10-03,Second Class,CU-10622,Robert Rodriguez,Consumer,South,North Carolina,Charlotte,Office Supplies,Supplies,33.89,2,0.1,6.61
ORD-2022601,2024-06-03,2024-06-08,Standard Class,CU-10383,Elizabeth Miller,Home Office,West,California,San Francisco,Technology,Phones,178.39,1,0.0,48.78
ORD-2025013,2024-03-04,2024-03-08,Standard Class,CU-10389,Nancy Lee,Home Office,East,Massachusetts,Boston,Technology,Phones,3792.89,4,0.0,1013.29
ORD-2024219,2022-12-23,2022-12-30,Standard Class,CU-10304,Barbara Moore,Consumer,East,Massachusetts,Boston,Office Supplies,Fasteners,28.93,2,0.0,10.89
ORD-2024465,2024-04-25,2024-04-29,Standard Class,CU-10771,Sandra Jackson,Home Office,West,Washington,Seattle,Technology,Machines,927.82,1,0.2,-122.31
ORD-2022837,2024-12-24,2024-12-26,Second Class,CU-10400,Ashley Martinez,Consumer,West,California,Los Angeles,Office Supplies,Paper,13.15,1,0.1,3.61
ORD-2025325,2024-09-24,2024-09-30,Standard Class,CU-10584,Amy Martin,Corporate,East,Pennsylvania,Philadelphia,Technology,Phones,889.5,2,0.0,270.99
ORD-2022624,2024-12-21,2024-12-23,First Class,CU-10580,Steven Brown,Consumer,West,Washington,Seattle,Furniture,Bookcases,1868.99,3,0.2,-434.38
ORD-2023627,2022-10-04,2022-10-09,Standard Class,CU-10639,Michael Moore,Corporate,West,Washington,Seattle,Technology,Copiers,6596.96,6,0.15,-320.07
ORD-2022806,2024-02-24,2024-02-28,Standard Class,CU-10056,Amy Taylor,Corporate,East,Massachusetts,Boston,Furniture,Tables,381.96,1,0.15,-15.83
ORD-2025115,2023-12-15,2023-12-22,Standard Class,CU-10300,Karen Rodriguez,Consumer,South,North Carolina,Charlotte,Furniture,Furnishings,51.62,2,0.2,-14.16
ORD-2022637,2024-03-26,2024-03-27,First Class,CU-10216,Amy Miller,Consumer,West,Arizona,Phoenix,Office Supplies,Paper,6.4,1,0.0,2.28
ORD-2022423,2022-04-02,2022-04-08,Standard Class,CU-10144,Michael Garcia,Corporate,Central,Michigan,Detroit,Office Supplies,Binders,4.55,1,0.2,0.88
ORD-2023996,2022-12-08,2022-12-08,Same Day,CU-10788,Amy Miller,Home Office,East,Pennsylvania,Philadelphia,Office Supplies,Labels,8.15,1,0.15,2.05
ORD-2024486,2024-06-19,2024-06-22,Standard Class,CU-10478,Kevin Moore,Corporate,South,Tennessee,Nashville,Office Supplies,Art,33.93,1,0.2,4.71
ORD-2022150,2024-09-03,2024-09-08,Standard Class,CU-10324,Laura Rodriguez,Corporate,West,California,Los Angeles,Technology,Phones,184.41,3,0.0,57.01
ORD-2025109,2024-12-02,2024-12-02,Same Day,CU-10003,Kevin Martinez,Consumer,South,Georgia,Atlanta,Office Supplies,Fasteners,75.65,7,0.0,23.27
ORD-2023580,2024-11-05,2024-11-09,Second Class,CU-10694,Robert Jackson,Consumer,East,New York,Buffalo,Office Supplies,Fasteners,15.85,3,0.0,5.07
ORD-2022626,2024-07-19,2024-07-21,Second Class,CU-10265,Sandra Garcia,Home Office,West,California,San Francisco,Office Supplies,Labels,2.2,1,0.15,0.37
ORD-2025002,2022-11-17,2022-11-19,First Class,CU-10302,David Smith,Home Office,West,California,San Francisco,Furniture,Bookcases,996.59,5,0.4,-627.3
ORD-2025796,2023-12-23,2023-12-29,Standard Class,CU-10775,Laura Taylor,Consumer,South,North Carolina,Charlotte,Office Supplies,Labels,30.25,4,0.0,10.33
ORD-2025481,2024-03-14,2024-03-20,Standard Class,CU-10771,Sandra Jackson,Consumer,South,Florida,Miami,Technology,Phones,492.18,1,0.1,-0.82
ORD-2022143,2023-11-14,2023-11-21,Standard Class,CU-10230,Patricia Miller,Home Office,Central,Texas,Houston,Technology,Machines,7107.64,3,0.15,213.12
ORD-2024574,2023-10-29,2023-11-02,Second Class,CU-10794,Jason Taylor,Consumer,East,New York,Buffalo,Office Supplies,Labels,5.35,2,,1.56
ORD-2026014,2023-11-10,2023-11-12,First Class,CU-10374,Ashley Hernandez,Corporate,Central,Michigan,Detroit,Technology,Accessories,135.64,1,0.0,19.24
ORD-2023880,2023-09-16,2023-09-22,Standard Class,CU-10208,David Brown,Consumer,East,New York,Buffalo,Technology,Accessories,285.21,2,0.1,44.64
ORD-2025452,2022-01-03,2022-01-10,Standard Class,CU-10002,Kevin Wilson,Consumer,East,Massachusetts,Boston,Furniture,Furnishings,65.04,1,0.2,-13.38
ORD-2025605,2022-01-09,2022-01-16,Standard Class,CU-10258,David Johnson,Consumer,South,Florida,Miami,Office Supplies,Paper,45.52,2,0.3,-0.3
ORD-2025342,2022-09-01,2022-09-07,Standard Class,CU-10816,Susan Smith,Consumer,South,Georgia,Atlanta,Office Supplies,Labels,35.95,3,0.1,9.0
ORD-2024171,2022-11-24,2022-11-30,Standard Class,CU-10314,Sandra Rodriguez,Home Office,West,Arizona,Phoenix,Office Supplies,Supplies,615.12,6,0.2,39.93
ORD-2024780,2022-07-05,2022-07-10,Standard Class,CU-10733,Michael Rodriguez,Corporate,West,California,San Francisco,Office Supplies,Fasteners,4.84,2,0.2,0.3
ORD-2024832,2023-07-23,2023-07-27,Standard Class,CU-10078,Steven Martinez,Corporate,West,California,San Francisco,Office Supplies,Supplies,281.63,3,0.0,95.11
ORD-2026495,2023-02-20,2023-02-27,Standard Class,CU-10140,Susan Jones,Consumer,East,Massachusetts,Boston,Furniture,Furnishings,199.76,3,0.2,-44.99
ORD-2024230,2023-01-12,2023-01-14,First Class,CU-10485,Patricia Miller,Corporate,Central,Michigan,Detroit,Office Supplies,Supplies,89.56,3,0.0,30.97
ORD-2022617,2023-01-28,2023-01-29,First Class,CU-10101,Michael Martin,Consumer,Central,Michigan,Detroit,Furniture,Chairs,640.98,6,0.3,-262.05
ORD-2023324,2022-12-30,2022-12-30,Same Day,CU-10100,Barbara Wilson,Consumer,East,New York,New York City,Furniture,Chairs,3370.89,8,0.15,-215.06
ORD-2022690,2022-12-08,2022-12-12,Second Class,CU-10652,Laura Martinez,Consumer,South,Tennessee,Nashville,Office Supplies,Paper,8.91,1,0.0,2.41
ORD-2024288,2022-10-16,2022-10-19,Second Class,CU-10456,David Jackson,Consumer,West,Arizona,Phoenix,Office Supplies,Art,25.45,1,0.1,6.36
ORD-2025302,2022-11-24,2022-11-24,Same Day,CU-10836,Michael Anderson,Consumer,West,California,San Francisco,Technology,Phones,2151.22,8,0.1,297.77
ORD-2023350,2024-07-21,2024-07-25,Second Class,CU-10252,James Davis,Home Office,South,Tennessee,Nashville,Technology,Machines,1274.94,4,,397.17
ORD-2024729,2024-11-07,2024-11-09,First Class,CU-10311,John Anderson,Home Office,West,Washington,Seattle,Furniture,Tables,905.05,1,0.15,-72.11
ORD-2023187,2024-12-27,2025-01-03,Standard Class,CU-10519,Laura Rodriguez,Corporate,East,Massachusetts,Boston,Furniture,Bookcases,1983.58,3,0.2,-381.02
ORD-2023191,2023-04-14,2023-04-18,Standard Class,CU-10097,John Brown,Home Office,West,California,San Francisco,Office Supplies,Supplies,464.14,5,0.1,94.76
ORD-2022145,2022-11-30,2022-12-01,First Class,CU-10149,Steven Martinez,Consumer,East,New York,New York City,Technology,Accessories,773.07,4,0.1,70.89
ORD-2025572,2022-12-19,2022-12-22,Second Class,CU-10359,Karen Garcia,Corporate,East,Massachusetts,Boston,Office Supplies,Paper,36.31,2,0.2,6.14
ORD-2025742,2024-10-04,2024-10-11,Standard Class,CU-10121,Nancy Martin,Consumer,East,Massachusetts,Boston,Office Supplies,Labels,3.06,1,0.3,-0.37
ORD-2023762,2022-10-29,2022-11-03,Standard Class,CU-10800,Ashley Lopez,Home Office,East,Massachusetts,Boston,Furniture,Furnishings,66.11,5,,-5.62
ORD-2025800,2022-02-01,2022-02-05,Standard Class,CU-10049,Barbara Garcia,Home Office,East,Pennsylvania,Philadelphia,Office Supplies,Paper,23.84,1,0.0,8.15
ORD-2023834,2022-11-02,2022-11-07,,CU-10259,Jason Martin,Consumer,West,California,Los Angeles,Office Supplies,Paper,32.03,3,0.15,4.31
ORD-2026419,2023-09-22,2023-09-25,Standard Class,CU-10480,Robert Martin,Consumer,South,North Carolina,Charlotte,Office Supplies,Supplies,59.51,3,0.15,6.03
ORD-2023111,2023-05-27,2023-05-28,First Class,CU-10403,Amy Jackson,Consumer,East,Pennsylvania,Philadelphia,Furniture,Bookcases,380.13,1,0.2,-82.56
ORD-2024127,2022-12-29,2023-01-03,Standard Class,CU-10690,Ashley Wilson,Consumer,West,California,Los Angeles,Office Supplies,Supplies,163.24,2,0.0,39.43
ORD-2024277,2022-11-02,2022-11-08,Standard Class,CU-10102,Nancy Lee,Home Office,Central,Illinois,Chicago,Office Supplies,Supplies,65.03,2,0.3,0.21
ORD-2025795,2023-12-25,2023-12-27,Second Class,CU-10347,Robert Anderson,Consumer,Central,Texas,Houston,Furniture,Tables,5027.62,5,0.1,-316.43
ORD-2024499,2023-09-09,2023-09-16,Standard Class,CU-10032,Nancy Anderson,Consumer,East,New York,Buffalo,Office Supplies,Storage,324.19,2,0.1,73.96
ORD-2023824,2024-04-30,2024-05-05,Standard Class,CU-10384,Ashley Jackson,Corporate,West,California,San Francisco,Office Supplies,Paper,43.56,3,0.15,6.4
ORD-2024788,2024-11-30,2024-11-30,Same Day,CU-10339,Steven Brown,Consumer,East,Massachusetts,Boston,Office Supplies,Labels,44.53,3,0.0,16.04
ORD-2026196,2022-07-06,2022-07-12,Standard Class,CU-10288,Elizabeth Williams,Home Office,Central,Illinois,Chicago,Furniture,Bookcases,294.16,1,0.0,63.36
ORD-2025827,2022-12-29,2022-12-31,Second Class,CU-10528,Ashley Lopez,Consumer,South,Tennessee,Nashville,Office Supplies,Paper,24.93,1,0.1,4.95
ORD-2024492,2022-04-01,2022-04-06,Standard Class,CU-10096,Amy Rodriguez,Consumer,Central,Illinois,Chicago,Office Supplies,Fasteners,40.59,6,0.15,8.2
ORD-2022878,2023-12-04,2023-12-07,Standard Class,CU-10007,Amy Brown,Consumer,East,New York,Buffalo,Office Supplies,Storage,516.91,4,0.1,112.59
ORD-2023455,2022-05-28,2022-06-03,Standard Class,CU-10216,Amy Miller,Consumer,Central,Ohio,Columbus,Office Supplies,Paper,11.11,2,0.2,1.7
ORD-2022391,2022-07-12,2022-07-12,Same Day,CU-10785,Kevin Williams,Corporate,West,California,San Francisco,Technology,Machines,5131.72,4,0.0,863.91
ORD-2026182,2024-03-06,2024-03-07,First Class,CU-10748,Susan Williams,Consumer,West,Arizona,Phoenix,Office Supplies,Labels,19.71,3,0.0,6.09
ORD-2024283,2024-03-12,2024-03-15,Standard Class,CU-10625,Karen Smith,Consumer,East,New York,Buffalo,Office Supplies,Storage,142.04,1,0.1,30.06
ORD-2024714,2024-10-09,2024-10-16,Standard Class,CU-10512,Mary Jones,Consumer,Central,Ohio,Columbus,Furniture,Furnishings,109.27,4,0.0,16.75
ORD-2024958,2022-11-19,2022-11-22,Standard Class,CU-10469,Nancy Wilson,Consumer,East,Pennsylvania,Philadelphia,Office Supplies,Storage,189.24,5,0.1,22.8
ORD-2022475,2022-12-18,2022-12-21,Standard Class,CU-10386,Steven Williams,Corporate,Central,Michigan,Detroit,Office Supplies,Binders,58.38,1,0.1,9.41
ORD-2023694,2024-01-24,2024-01-26,First Class,CU-10433,Linda Garcia,Consumer,West,California,Los Angeles,Technology,Copiers,24154.43,8,0.2,1708.73
ORD-2023295,2023-03-24,2023-03-28,Second Class,CU-10086,Mary Hernandez,Corporate,Central,Illinois,Chicago,Office Supplies,Labels,29.13,6,0.0,11.42
ORD-2024092,2023-11-14,2023-11-20,Standard Class,CU-10232,Robert Miller,Corporate,West,California,Los Angeles,Office Supplies,Art,148.56,4,0.1,35.06
ORD-2025050,2024-11-04,2024-11-06,Second Class,CU-10100,Barbara Wilson,Home Office,East,New York,Buffalo,Office Supplies,Paper,92.52,7,0.1,19.3
ORD-2023137,2023-05-30,2023-06-03,Standard Class,CU-10407,Susan Williams,Corporate,East,New York,New York City,Furniture,Chairs,516.49,1,0.15,-65.57
ORD-2024072,2022-12-06,2022-12-06,Same Day,CU-10201,Laura Rodriguez,Consumer,West,Washington,Seattle,Furniture,Furnishings,102.51,1,0.4,-57.12
ORD-2022832,2023-04-19,2023-04-23,,CU-10751,Sandra Johnson,Home Office,Central,Texas,Houston,Furniture,Bookcases,928.08,2,0.1,-54.22
ORD-2022591,2023-07-02,2023-07-07,Standard Class,CU-10585,Mary Rodriguez,Consumer,West,Arizona,Phoenix,Technology,Copiers,5512.26,3,0.0,1089.36
ORD-2025592,2024-08-06,2024-08-08,First Class,CU-10454,Nancy Jones,Corporate,Central,Michigan,Detroit,Office Supplies,Paper,34.17,3,0.0,12.07
ORD-2022109,2024-11-12,2024-11-17,,CU-10372,Susan Anderson,Consumer,East,New York,Buffalo,Furniture,Chairs,482.87,1,0.4,-233.85
ORD-2026318,2024-10-01,2024-10-07,Standard Class,CU-10782,Laura Lee,Consumer,Central,Illinois,Chicago,Furniture,Bookcases,1308.34,2,0.2,-165.03
ORD-2023052,2022-12-04,2022-12-08,Standard Class,CU-10742,Robert Miller,Consumer,South,North Carolina,Charlotte,Technology,Phones,2513.15,8,0.3,-221.97
ORD-2023311,2024-11-24,2024-12-01,Standard Class,CU-10201,Laura Rodriguez,Corporate,West,California,Los Angeles,Office Supplies,Binders,280.4,7,0.0,67.53
ORD-2022668,2022-12-14,2022-12-21,Standard Class,CU-10250,Jason Brown,Corporate,East,New York,New York City,Office Supplies,Art,80.84,3,0.0,26.6
ORD-2022253,2022-11-19,2022-11-26,Standard Class,CU-10078,Steven Martinez,Consumer,East,New York,Buffalo,Office Supplies,Paper,15.93,2,0.0,3.96
ORD-2024690,2024-12-07,2024-12-10,Second Class,CU-10030,Sandra Taylor,Home Office,East,New York,New York City,Technology,Phones,4294.51,4,0.1,486.87
ORD-2022843,2023-05-06,2023-05-10,Standard Class,CU-10759,Susan Brown,Home Office,West,Arizona,Phoenix,Office Supplies,Art,105.65,4,0.1,28.57
ORD-2026159,2022-10-24,2022-10-26,First Class,CU-10724,David Martinez,Home Office,West,California,San Francisco,Office Supplies,Binders,3.85,1,0.0,0.97
ORD-2025374,2023-09-18,2023-09-22,Second Class,CU-10789,Susan Wilson,Corporate,Central,Ohio,Columbus,Technology,Copiers,20546.57,6,0.0,3735.48
ORD-2025394,2024-05-04,2024-05-07,Standard Class,CU-10417,Robert Anderson,Consumer,Central,Illinois,Chicago,Technology,Accessories,66.01,6,0.1,0.92
ORD-2022884,2022-10-12,2022-10-16,Standard Class,CU-10331,Mary Garcia,Home Office,Central,Texas,Houston,Office Supplies,Supplies,289.42,3,0.3,21.02
ORD-2025996,2022-06-04,2022-06-06,First Class,CU-10740,Linda Williams,Consumer,Central,Texas,Houston,Technology,Phones,1880.55,6,0.1,254.8
ORD-2023879,2023-11-08,2023-11-15,Standard Class,CU-10179,Kevin Jackson,Consumer,West,Washington,Seattle,Technology,Copiers,4623.68,2,0.1,59.71
ORD-2023485,2022-04-01,2022-04-06,Standard Class,CU-10407,Susan Williams,Corporate,Central,Michigan,Detroit,Office Supplies,Binders,51.41,1,0.15,7.0
ORD-2024417,2023-10-10,2023-10-13,Second Class,CU-10634,Elizabeth Jackson,Corporate,West,California,Los Angeles,Furniture,Furnishings,340.12,3,0.5,-236.38
ORD-2024737,2023-10-12,2023-10-17,Standard Class,CU-10406,Michael Jackson,Consumer,West,Arizona,Phoenix,Office Supplies,Storage,254.68,1,0.15,54.55
ORD-2024267,2023-09-19,2023-09-24,Standard Class,CU-10337,David Smith,Corporate,East,New York,New York City,Furniture,Tables,328.44,1,0.3,-132.26
ORD-2026173,2022-12-13,2022-12-16,Standard Class,CU-10038,Ashley Williams,Consumer,Central,Michigan,Detroit,Office Supplies,Storage,268.86,2,0.0,92.41
ORD-2025368,2022-07-31,2022-07-31,Same Day,CU-10460,John Brown,Home Office,West,California,San Francisco,Office Supplies,Supplies,209.53,3,0.0,73.8
ORD-2024808,2022-09-28,2022-10-05,Standard Class,CU-10821,Kevin Wilson,Corporate,East,New York,New York City,Furniture,Chairs,528.75,2,0.15,-83.96
ORD-2022869,2022-10-21,2022-10-22,First Class,CU-10766,Ashley Miller,Consumer,West,Washington,Seattle,Furniture,Chairs,1530.87,5,0.15,-130.54
ORD-2024468,2023-11-25,2023-11-25,Same Day,CU-10782,Laura Lee,Consumer,South,North Carolina,Charlotte,Technology,Accessories,23.66,1,0.15,1.25
ORD-2025893,2023-10-05,2023-10-07,Second Class,CU-10249,Jason Williams,Consumer,East,New York,Buffalo,Office Supplies,Paper,27.37,2,0.0,9.83
ORD-2022450,2022-03-20,2022-03-23,Standard Class,CU-10354,Amy Johnson,Consumer,South,Florida,Miami,Furniture,Chairs,944.17,3,0.5,-645.35
ORD-2023979,2022-11-01,2022-11-06,Standard Class,CU-10366,Karen Garcia,Corporate,South,Georgia,Atlanta,Office Supplies,Binders,97.2,2,0.0,20.43
ORD-2022696,2024-05-07,2024-05-14,Standard Class,CU-10297,David Martinez,Consumer,West,Arizona,Phoenix,Furniture,Chairs,881.58,3,0.0,202.64
ORD-2023741,2022-11-10,2022-11-13,Standard Class,CU-10625,Karen Smith,Consumer,West,Washington,Seattle,Technology,Accessories,247.4,2,0.3,-50.45
ORD-2025718,2024-11-30,2024-12-04,Standard Class,CU-10695,Robert Lee,Consumer,Central,Illinois,Chicago,Office Supplies,Art,194.61,6,0.1,40.44
ORD-2022811,2022-02-04,2022-02-09,Standard Class,CU-10115,Karen Garcia,Home Office,East,New York,New York City,Office Supplies,Storage,196.29,2,0.2,16.36
ORD-2025284,2022-10-06,2022-10-06,Same Day,CU-10093,James Jones,Corporate,West,Washington,Seattle,Office Supplies,Storage,109.03,4,0.15,15.27
ORD-2024189,2024-11-27,2024-12-04,Standard Class,CU-10393,Susan Garcia,Consumer,South,Georgia,Atlanta,Office Supplies,Art,104.28,4,0.15,10.38
ORD-2022505,2024-07-28,2024-08-03,Standard Class,CU-10154,Sandra Rodriguez,Corporate,Central,Illinois,Chicago,Technology,Copiers,14458.66,5,0.0,2899.13
ORD-2025303,2024-12-31,2025-01-03,Standard Class,CU-10828,Kevin Rodriguez,Consumer,Central,Michigan,Detroit,Technology,Phones,712.1,1,0.2,37.64
ORD-2022405,2024-10-30,2024-11-01,First Class,CU-10453,Amy Lee,Home Office,East,New York,New York City,Office Supplies,Labels,14.54,1,0.0,4.63
ORD-2025640,2022-12-04,2022-12-11,Standard Class,CU-10107,Amy Jones,Corporate,Central,Texas,Houston,Office Supplies,Fasteners,19.67,2,0.0,6.04
ORD-2022183,2022-12-23,2022-12-23,Same Day,CU-10297,David Martinez,Consumer,West,California,San Francisco,Technology,Accessories,761.1,3,0.2,-36.94
ORD-2026424,2023-11-25,2023-11-30,Standard Class,CU-10292,Kevin Garcia,Consumer,West,Arizona,Phoenix,Furniture,Bookcases,4487.73,7,0.0,702.0
ORD-2023876,2022-12-01,2022-12-08,Standard Class,CU-10064,Mary Brown,Consumer,Central,Michigan,Detroit,Office Supplies,Labels,12.21,2,0.1,2.19
ORD-2022609,2023-06-21,2023-06-28,Standard Class,CU-10599,Laura Jackson,Home Office,West,Washington,Seattle,Furniture,Chairs,2060.7,5,0.1,-68.17
ORD-2024674,2023-11-20,2023-11-21,First Class,CU-10241,James Jones,Consumer,West,Washington,Seattle,Technology,Copiers,2303.12,1,,564.88
ORD-2024033,2023-05-25,2023-05-27,Second Class,CU-10295,John Brown,Consumer,West,California,San Francisco,Office Supplies,Labels,24.0,7,0.15,4.27
ORD-2025981,2023-06-22,2023-06-28,Standard Class,CU-10798,Michael Garcia,Home Office,East,New York,New York City,Furniture,Bookcases,1793.49,3,0.15,-104.87
ORD-2023968,2023-08-06,2023-08-09,Standard Class,CU-10603,Amy Wilson,Home Office,East,New York,New York City,Office Supplies,Labels,25.62,3,0.15,1.83
ORD-2022020,2024-05-29,2024-05-31,First Class,CU-10593,Barbara Davis,Corporate,South,Florida,Miami,Furniture,Furnishings,481.04,6,0.1,-6.08
ORD-2024218,2024-12-06,2024-12-10,Standard Class,CU-10592,Steven Miller,Consumer,East,Massachusetts,Boston,Furniture,Tables,4343.46,4,0.3,-1939.42
ORD-2024224,2024-11-10,2024-11-13,Standard Class,CU-10270,James Wilson,Home Office,Central,Texas,Houston,Office Supplies,Art,24.41,2,0.2,1.71
ORD-2022327,2023-10-15,2023-10-20,Standard Class,CU-10473,Sandra Jackson,Consumer,Central,Illinois,Chicago,Technology,Machines,5265.81,4,0.15,229.07
ORD-2025270,2024-12-12,2024-12-13,First Class,CU-10827,Linda Martin,Corporate,South,Florida,Miami,Furniture,Chairs,352.97,2,,-293.34
ORD-2024518,2023-11-01,2023-11-03,Second Class,CU-10184,Kevin Lee,Corporate,East,New York,New York City,Office Supplies,Art,111.65,6,0.0,33.61
ORD-2023874,2024-11-14,2024-11-21,Standard Class,CU-10096,Amy Rodriguez,Consumer,East,Massachusetts,Boston,Office Supplies,Storage,141.56,1,0.1,36.78
ORD-2026362,2023-12-28,2023-12-30,First Class,CU-10362,Linda Garcia,Home Office,South,North Carolina,Charlotte,Furniture,Furnishings,135.21,1,0.0,21.12
ORD-2023756,2022-08-09,2022-08-16,Standard Class,CU-10759,Susan Brown,Consumer,West,California,Los Angeles,Office Supplies,Fasteners,139.89,7,0.0,64.08
ORD-2024178,2022-11-24,2022-11-30,Standard Class,CU-10760,Laura Anderson,Consumer,West,Washington,Seattle,Office Supplies,Storage,374.7,2,0.0,106.23
ORD-2025410,2023-12-28,2024-01-02,Standard Class,CU-10269,Susan Thomas,Corporate,West,Washington,Seattle,Technology,Accessories,212.15,1,0.4,-77.43
ORD-2026421,2022-09-25,2022-09-30,Standard Class,CU-10269,Susan Thomas,Corporate,West,California,San Francisco,Technology,Copiers,1305.48,1,0.0,412.3
ORD-2022489,2023-11-11,2023-11-13,First Class,CU-10135,Laura Johnson,Consumer,East,Massachusetts,Boston,Office Supplies,Labels,12.06,1,0.15,1.67
ORD-2022606,2024-10-16,2024-10-17,First Class,CU-10452,Nancy Jones,Consumer,West,California,San Francisco,Office Supplies,Art,21.44,1,0.1,4.65
ORD-2025212,2024-07-15,2024-07-19,Standard Class,CU-10510,John Jones,Consumer,West,Washington,Seattle,Technology,Accessories,197.29,1,0.15,-7.34
ORD-2024464,2022-11-05,2022-11-08,Second Class,CU-10687,Ashley Hernandez,Home Office,South,Tennessee,Nashville,Office Supplies,Art,31.76,5,0.2,5.08
ORD-2023738,2023-10-14,2023-10-21,Standard Class,CU-10660,Laura Lee,Home Office,South,Florida,Miami,Office Supplies,Art,17.94,1,0.1,4.1
ORD-2022152,2022-08-08,2022-08-12,Standard Class,CU-10753,James Moore,Corporate,West,Arizona,Phoenix,Office Supplies,Fasteners,1.02,1,0.0,0.44
ORD-2022889,2024-02-07,2024-02-10,Standard Class,CU-10271,Linda Davis,Consumer,South,Tennessee,Nashville,Technology,Accessories,702.32,7,0.0,246.23
ORD-2026463,2024-12-17,2024-12-21,Second Class,CU-10105,Ashley Miller,Home Office,East,New York,Buffalo,Technology,Accessories,519.99,6,0.1,91.15
ORD-2025082,2023-12-28,2023-12-30,Second Class,CU-10742,Robert Miller,Corporate,West,California,San Francisco,Office Supplies,Storage,122.24,2,0.0,37.54
ORD-2022269,2022-02-13,2022-02-14,First Class,CU-10182,Michael Taylor,Consumer,East,Massachusetts,Boston,Office Supplies,Storage,456.47,2,0.0,151.83
ORD-2022096,2023-02-28,2023-03-02,First Class,CU-10290,Barbara Martinez,Consumer,East,Massachusetts,Boston,Furniture,Tables,4543.74,7,0.2,-858.89
ORD-2025824,2024-04-09,2024-04-13,Standard Class,CU-10276,Barbara Rodriguez,Corporate,Central,Texas,Houston,Technology,Phones,464.03,1,0.2,28.72
ORD-2025885,2022-03-16,2022-03-20,Standard Class,CU-10082,Jason Moore,Corporate,East,Massachusetts,Boston,Furniture,Bookcases,663.24,3,0.0,108.39
ORD-2023799,2023-12-10,2023-12-15,Standard Class,CU-10019,Laura Jones,Consumer,South,Georgia,Atlanta,Office Supplies,Fasteners,6.03,1,0.0,2.37
ORD-2023572,2023-11-03,2023-11-10,Standard Class,CU-10238,Michael Williams,Consumer,East,Massachusetts,Boston,Furniture,Tables,3777.91,5,0.15,-495.36
ORD-2023067,2024-02-09,2024-02-11,Second Class,CU-10700,Laura Garcia,Consumer,Central,Ohio,Columbus,Office Supplies,Supplies,10.73,2,0.1,2.03
ORD-2024760,2023-12-25,2023-12-28,Standard Class,CU-10276,Barbara Rodriguez,Corporate,East,Massachusetts,Boston,Technology,Copiers,23127.2,6,0.3,-4420.17
ORD-2022715,2022-09-30,2022-10-04,Standard Class,CU-10200,Barbara Lee,Consumer,Central,Michigan,Detroit,Furniture,Chairs,900.68,3,0.2,-201.06
ORD-2026059,2024-07-29,2024-08-03,Standard Class,CU-10565,Linda Hernandez,Consumer,East,Pennsylvania,Philadelphia,Office Supplies,Supplies,45.6,1,0.2,3.74
ORD-2026479,2024-12-17,2024-12-20,Standard Class,CU-10737,Elizabeth Williams,Consumer,West,Arizona,Phoenix,Office Supplies,Fasteners,115.34,6,0.0,36.91
ORD-2023798,2023-11-04,2023-11-05,First Class,CU-10653,Sandra Jones,Consumer,South,Florida,Miami,Office Supplies,Supplies,48.85,5,0.2,5.2
ORD-2022461,2022-08-15,2022-08-20,Standard Class,CU-10323,Elizabeth Thomas,Home Office,South,North Carolina,Charlotte,Furniture,Furnishings,99.2,2,0.1,1.24
ORD-2024944,2022-12-08,2022-12-14,Standard Class,CU-10068,Nancy Lopez,Home Office,Central,Ohio,Columbus,Furniture,Chairs,356.47,3,0.2,-61.27
ORD-2023795,2022-12-13,2022-12-15,First Class,CU-10491,Michael Jackson,Consumer,Central,Ohio,Columbus,Technology,Machines,611.87,1,0.1,78.97
ORD-2023869,2024-09-10,2024-09-17,Standard Class,CU-10486,Nancy Wilson,Corporate,West,Arizona,Phoenix,Office Supplies,Paper,30.09,3,0.1,7.62
ORD-2023345,2023-12-03,2023-12-03,Same Day,CU-10354,Amy Johnson,Corporate,East,Pennsylvania,Philadelphia,Technology,Accessories,231.45,1,0.0,61.06
ORD-2023214,2022-12-02,2022-12-03,First Class,CU-10758,Steven Rodriguez,Corporate,East,Massachusetts,Boston,Technology,Copiers,2806.66,4,0.15,-61.29
ORD-2023372,2023-05-01,2023-05-01,Same Day,CU-10625,Karen Smith,Consumer,Central,Michigan,Detroit,Technology,Accessories,434.28,2,0.0,147.39
ORD-2022243,2023-10-13,2023-10-17,Standard Class,CU-10711,Amy Jones,Consumer,South,North Carolina,Charlotte,Office Supplies,Binders,69.48,3,0.0,22.27
ORD-2026039,2024-08-28,2024-09-01,Standard Class,CU-10621,Karen Miller,Consumer,Central,Michigan,Detroit,Office Supplies,Fasteners,30.01,2,0.0,8.9
ORD-2024799,2024-06-16,2024-06-22,Standard Class,CU-10598,Nancy Moore,Consumer,Central,Michigan,Detroit,Office Supplies,Paper,114.15,6,0.1,28.07
ORD-2023679,2023-10-10,2023-10-15,Standard Class,CU-10341,David Rodriguez,Consumer,East,New York,Buffalo,Office Supplies,Supplies,18.44,2,0.0,5.9
ORD-2025850,2023-05-29,2023-06-02,Standard Class,CU-10312,Amy Hernandez,Consumer,West,California,Los Angeles,Office Supplies,Fasteners,8.59,1,0.3,-0.0
ORD-2023312,2023-11-18,2023-11-24,Standard Class,CU-10328,Steven Taylor,Corporate,West,Washington,Seattle,Office Supplies,Storage,666.15,4,0.0,251.4
ORD-2022648,2024-01-23,2024-01-30,Standard Class,CU-10625,Karen Smith,Consumer,East,New York,Buffalo,Furniture,Furnishings,391.28,5,0.2,-53.06
ORD-2025238,2023-02-15,2023-02-17,First Class,CU-10267,Mary Lopez,Home Office,West,California,Los Angeles,Office Supplies,Supplies,208.16,2,0.15,35.33
ORD-2024643,2024-10-12,2024-10-15,Standard Class,CU-10406,Michael Jackson,Consumer,West,California,Los Angeles,Office Supplies,Supplies,799.28,7,0.1,136.78
ORD-2026409,2022-09-07,2022-09-12,Standard Class,CU-10319,Jason Lopez,Consumer,South,Georgia,Atlanta,Furniture,Chairs,459.24,1,0.2,-87.36
ORD-2022155,2024-01-13,2024-01-16,Second Class,CU-10184,Kevin Lee,Consumer,South,Georgia,Atlanta,Furniture,Chairs,236.88,2,0.3,-104.83
ORD-2025428,2024-11-24,2024-11-28,Standard Class,CU-10819,Kevin Miller,Corporate,East,Pennsylvania,Philadelphia,Office Supplies,Art,14.69,1,0.0,6.09
ORD-2025453,2022-03-10,2022-03-14,Second Class,CU-10221,Patricia Hernandez,Home Office,East,Massachusetts,Boston,Office Supplies,Supplies,355.46,7,0.3,-44.71
ORD-2023303,2022-11-24,2022-11-25,First Class,CU-10005,Barbara Davis,Consumer,Central,Michigan,Detroit,Office Supplies,Labels,3.78,2,0.1,0.95
ORD-2023150,2022-08-13,2022-08-19,Standard Class,CU-10474,Jason Lopez,Home Office,South,North Carolina,Charlotte,Office Supplies,Supplies,536.61,5,0.0,160.86
ORD-2025047,2023-12-20,2023-12-24,Second Class,CU-10183,Michael Thomas,Home Office,East,New York,Buffalo,Office Supplies,Paper,12.61,1,0.0,3.58
ORD-2023046,2022-10-13,2022-10-15,Second Class,CU-10453,Amy Lee,Consumer,West,California,Los Angeles,Office Supplies,Art,27.46,1,0.0,11.19
ORD-2023640,2024-05-24,2024-05-24,Same Day,CU-10104,Elizabeth Anderson,Consumer,Central,Michigan,Detroit,Furniture,Furnishings,160.59,4,0.0,30.27
ORD-2023306,2023-11-28,2023-12-03,Standard Class,CU-10194,David Davis,Corporate,East,Pennsylvania,Philadelphia,Office Supplies,Paper,116.99,7,0.0,40.78
ORD-2023927,2024-03-23,2024-03-29,Standard Class,CU-10704,Elizabeth Brown,Consumer,East,New York,Buffalo,Technology,Phones,3599.59,4,0.2,1.68
ORD-2025439,2023-11-28,2023-12-03,Standard Class,CU-10717,Nancy Smith,Consumer,West,California,San Francisco,Office Supplies,Art,9.86,1,0.0,4.13
ORD-2026121,2024-07-26,2024-08-01,Standard Class,CU-10448,Steven Anderson,Home Office,East,New York,Buffalo,Office Supplies,Supplies,96.93,3,0.0,27.6
ORD-2024244,2023-04-04,2023-04-05,First Class,CU-10143,David Smith,Consumer,South,Florida,Miami,Office Supplies,Labels,1.32,1,0.0,0.22
ORD-2025136,2024-09-20,2024-09-22,First Class,CU-10448,Steven Anderson,Consumer,West,Washington,Seattle,Furniture,Furnishings,348.49,6,0.2,-74.71
ORD-2022015,2022-11-08,2022-11-10,Second Class,CU-10777,Jason Thomas,Consumer,West,California,Los Angeles,Technology,Machines,778.23,1,0.1,30.25
ORD-2025538,2022-08-28,2022-08-30,Second Class,CU-10211,Barbara Jones,Corporate,Central,Michigan,Detroit,Technology,Machines,2460.68,6,0.0,619.98
ORD-2024669,2023-07-30,2023-08-03,Standard Class,CU-10560,Karen Brown,Consumer,West,California,Los Angeles,Technology,Accessories,612.0,6,0.0,167.63
ORD-2023360,2024-01-05,2024-01-12,Standard Class,CU-10498,Laura Davis,Corporate,West,Arizona,Phoenix,Technology,Accessories,36.49,1,0.1,4.0
ORD-2023844,2022-09-11,2022-09-14,,CU-10048,Robert Thomas,Consumer,South,Tennessee,Nashville,Office Supplies,Fasteners,39.63,2,0.1,7.04
ORD-2025098,2022-11-25,2022-11-30,Standard Class,CU-10701,Sandra Brown,Corporate,East,New York,Buffalo,Office Supplies,Binders,467.97,8,0.15,66.28
ORD-2023612,2024-06-18,2024-06-23,Standard Class,CU-10744,Laura Martinez,Consumer,Central,Texas,Houston,Furniture,Tables,243.21,1,0.1,-18.8
ORD-2022497,2023-12-12,2023-12-15,Standard Class,CU-10604,Ashley Moore,Consumer,Central,Michigan,Detroit,Office Supplies,Fasteners,36.94,4,0.0,12.89
ORD-2024840,2024-07-10,2024-07-13,Second Class,CU-10037,David Jackson,Corporate,East,Massachusetts,Boston,Technology,Phones,7121.87,7,0.1,911.55
ORD-2026487,2022-06-28,2022-06-29,First Class,CU-10123,Jason Jackson,Consumer,West,California,Los Angeles,Office Supplies,Art,13.1,2,0.1,2.51
ORD-2025633,2023-05-17,2023-05-22,Standard Class,CU-10025,James Lopez,Consumer,East,Massachusetts,Boston,Furniture,Bookcases,2099.03,3,0.2,-421.54
ORD-2023478,2023-08-26,2023-08-30,Standard Class,CU-10752,Elizabeth Garcia,Consumer,West,California,Los Angeles,Office Supplies,Art,6.37,1,0.15,0.47
ORD-2023095,2023-05-09,2023-05-11,Second Class,CU-10020,Ashley Johnson,Corporate,East,Pennsylvania,Philadelphia,Office Supplies,Art,18.65,1,0.15,2.18
ORD-2022542,2024-09-16,2024-09-20,Second Class,CU-10351,Elizabeth Thomas,Home Office,South,Tennessee,Nashville,Office Supplies,Art,15.35,2,0.1,2.83
ORD-2026074,2022-03-01,2022-03-05,Second Class,CU-10179,Kevin Jackson,Consumer,South,North Carolina,Charlotte,Technology,Copiers,5385.03,3,0.0,1187.2
ORD-2022431,2024-06-18,2024-06-23,Standard Class,CU-10731,James Martin,Consumer,Central,Texas,Houston,Furniture,Tables,5084.85,4,0.4,-3149.5
ORD-2022728,2023-07-12,2023-07-13,First Class,CU-10383,Elizabeth Miller,Corporate,Central,Texas,Houston,Office Supplies,Labels,73.38,7,0.2,5.56
ORD-2026412,2024-05-07,2024-05-14,Standard Class,CU-10664,Nancy Wilson,Corporate,East,New York,New York City,Technology,Machines,1387.3,4,0.0,287.43
ORD-2024561,2024-01-25,2024-01-29,Second Class,CU-10499,Karen Wilson,Home Office,Central,Ohio,Columbus,Office Supplies,Storage,213.36,1,0.0,62.57
ORD-2023337,2023-11-26,2023-11-30,Standard Class,CU-10474,Jason Lopez,Corporate,Central,Texas,Houston,Technology,Accessories,197.58,1,0.0,63.05
ORD-2025606,2022-08-12,2022-08-15,Second Class,CU-10005,Barbara Davis,Corporate,South,North Carolina,Charlotte,Office Supplies,Storage,117.7,1,0.2,10.11
ORD-2024877,2023-04-26,2023-05-02,Standard Class,CU-10748,Susan Williams,Corporate,West,California,San Francisco,Office Supplies,Paper,43.27,4,0.0,15.64
ORD-2026415,2024-06-23,2024-06-30,Standard Class,CU-10044,Robert Davis,Consumer,East,New York,Buffalo,Technology,Machines,4047.31,2,0.0,848.14
ORD-2023031,2024-04-04,2024-04-07,Standard Class,CU-10316,John Jones,Corporate,West,California,Los Angeles,Office Supplies,Storage,270.73,2,0.1,81.36
ORD-2023110,2022-08-27,2022-08-29,First Class,CU-10480,Robert Martin,Home Office,West,California,San Francisco,Office Supplies,Paper,51.62,8,0.0,17.11
ORD-2023888,2024-09-28,2024-10-01,Standard Class,CU-10464,John Jones,Corporate,West,California,Los Angeles,Furniture,Furnishings,878.12,8,0.0,108.8
ORD-2025550,2024-10-12,2024-10-16,Second Class,CU-10072,Steven Brown,Corporate,West,California,San Francisco,Technology,Copiers,8658.77,4,0.1,1218.28
ORD-2023527,2023-08-15,2023-08-18,Standard Class,CU-10117,Barbara Hernandez,Consumer,West,Arizona,Phoenix,Technology,Phones,3270.96,7,0.15,192.63
ORD-2022753,2023-08-17,2023-08-22,Standard Class,CU-10810,Elizabeth Rodriguez,Consumer,West,Arizona,Phoenix,Office Supplies,Supplies,32.49,2,0.15,4.49
ORD-2025049,2022-11-20,2022-11-23,Standard Class,CU-10263,Steven Hernandez,Consumer,East,Massachusetts,Boston,Technology,Machines,1941.73,2,0.15,-165.96
ORD-2024628,2022-12-10,2022-12-12,First Class,CU-10442,John Lopez,Consumer,West,Arizona,Phoenix,Furniture,Tables,2534.98,2,0.3,-1242.82
ORD-2022562,2024-09-21,2024-09-22,First Class,CU-10094,David Jones,Consumer,Central,Illinois,Chicago,Technology,Machines,6862.38,3,0.0,1559.19
ORD-2025562,2024-11-14,2024-11-17,Second Class,CU-10494,Sandra Lopez,Home Office,Central,Texas,Houston,Technology,Phones,118.19,1,0.1,8.65
ORD-2022252,2023-07-11,2023-07-16,Standard Class,CU-10654,Robert Johnson,Consumer,West,California,San Francisco,Office Supplies,Fasteners,80.07,6,0.15,15.49
ORD-2024516,2022-08-16,2022-08-17,First Class,CU-10449,Sandra Anderson,Corporate,South,Florida,Miami,Office Supplies,Supplies,7.52,1,0.1,1.16
ORD-2024962,2022-06-12,2022-06-16,Standard Class,CU-10714,Michael Rodriguez,Corporate,East,Pennsylvania,Philadelphia,Furniture,Bookcases,1372.0,4,0.0,238.62
ORD-2026453,2023-12-29,2023-12-31,First Class,CU-10394,Sandra Anderson,Home Office,West,Arizona,Phoenix,Office Supplies,Storage,257.03,1,0.1,79.94
ORD-2023202,2024-09-06,2024-09-11,Standard Class,CU-10783,Patricia Davis,Consumer,West,California,San Francisco,Office Supplies,Storage,120.37,1,0.0,43.23
ORD-2025462,2022-01-14,2022-01-17,Second Class,CU-10353,Michael Williams,Home Office,West,California,Los Angeles,Office Supplies,Binders,34.34,1,0.0,9.22
ORD-2024797,2023-02-11,2023-02-14,Standard Class,CU-10662,Susan Williams,Consumer,East,Massachusetts,Boston,Technology,Accessories,1587.61,7,0.0,382.98
ORD-2026225,2024-10-22,2024-10-27,Standard Class,CU-10377,Karen Anderson,Consumer,West,Arizona,Phoenix,Office Supplies,Supplies,144.62,2,0.0,51.64
ORD-2022144,2023-08-08,2023-08-12,Second Class,CU-10506,Sandra Taylor,Corporate,Central,Illinois,Chicago,Office Supplies,Fasteners,34.27,3,0.0,10.51
ORD-2024895,2022-05-25,2022-05-31,Standard Class,CU-10097,John Brown,Consumer,West,Washington,Seattle,Furniture,Tables,651.42,1,0.2,-148.41
ORD-2024763,2022-12-23,2022-12-29,Standard Class,CU-10153,Sandra Williams,Consumer,Central,Michigan,Detroit,Technology,Copiers,8517.56,2,0.0,1902.33
ORD-2022905,2023-12-25,2023-12-27,Second Class,CU-10480,Robert Martin,Home Office,West,Arizona,Phoenix,Furniture,Furnishings,54.1,1,0.0,11.93
ORD-2025980,2022-05-24,2022-05-27,Standard Class,CU-10122,Kevin Wilson,Consumer,West,Arizona,Phoenix,Office Supplies,Supplies,571.64,6,0.15,110.02
ORD-2022235,2024-08-04,2024-08-06,First Class,CU-10521,Elizabeth Moore,Consumer,East,Pennsylvania,Philadelphia,Office Supplies,Binders,95.38,3,0.0,32.01
